type,name
AnimationClip,AimMarkerADS
AnimationClip,AimMarkerInProgress
AnimationClip,AimMarkerLock
AnimationClip,AimMarkerLoop
AnimationClip,Armature_Pose_Aim
AnimationClip,Armature_Pose_RaiseGun
AnimationClip,Armature_Riding
AnimationClip,Armature_Zombie_Hand
AnimationClip,Armature|Aim
AnimationClip,Armature|Bow.Idle
AnimationClip,Armature|Bow.Ready
AnimationClip,Armature|Bow.Shoot
AnimationClip,Armature|Carry
AnimationClip,Armature|DodgeRoll_Forward
AnimationClip,Armature|Grab
AnimationClip,Armature|Idle
AnimationClip,Armature|MeleeAttack_RightSlash
AnimationClip,Armature|Move_Left
AnimationClip,Armature|Move_Right
AnimationClip,Armature|Release
AnimationClip,Armature|Tension
AnimationClip,Armature|Walk_Backward
AnimationClip,Armature|Walk_Forward
AnimationClip,Armature|Walk_Left
AnimationClip,Armature|Walk_Right
AnimationClip,Attack
AnimationClip,BUNKERLaugh
AnimationClip,Basket_Net|Goal
AnimationClip,Basket_Net|Idle
AnimationClip,Bounce
AnimationClip,BowArmature|Idle
AnimationClip,BowArmature|Stretched
AnimationClip,BubbleDestroy
AnimationClip,BubbleDuck_Idle
AnimationClip,BubbleDuck_Look
AnimationClip,BubbleDuck_RotateL
AnimationClip,BubbleDuck_RotateR
AnimationClip,BuildInteract
AnimationClip,BunkerClosed
AnimationClip,BunkerClosing
AnimationClip,BunkerOpened
AnimationClip,BunkerOpening
AnimationClip,Clicked
AnimationClip,CrossBow|Release
AnimationClip,CrossBow|Tension
AnimationClip,Death
AnimationClip,Duck_Armature|Duck_Attack
AnimationClip,Duck_Armature|Duck_Attack_L2R
AnimationClip,Duck_Armature|Idle
AnimationClip,Duck_Armature|Idle.RightHandOut
AnimationClip,Duck_Armature|Roll
AnimationClip,Duck_Armature|TPose
AnimationClip,Duck_Armature|Walk.Backward
AnimationClip,Duck_Armature|Walk.Backward.RightHandOut
AnimationClip,Duck_Armature|Walk.Forward
AnimationClip,Duck_Armature|Walk.Forward.RightHandOut
AnimationClip,Duck_Armature|Walk.Left
AnimationClip,Duck_Armature|Walk.Left.RightHandOut
AnimationClip,Duck_Armature|Walk.Right
AnimationClip,Duck_Armature|Walk.Right.RightHandOut
AnimationClip,Eat
AnimationClip,Eyes_Annoyed
AnimationClip,Eyes_Blink
AnimationClip,Eyes_Cry
AnimationClip,Eyes_Dead
AnimationClip,Eyes_Excited
AnimationClip,Eyes_Happy
AnimationClip,Eyes_LookDown
AnimationClip,Eyes_LookIn
AnimationClip,Eyes_LookOut
AnimationClip,Eyes_LookUp
AnimationClip,Eyes_Rabid
AnimationClip,Eyes_Sad
AnimationClip,Eyes_Shrink
AnimationClip,Eyes_Sleep
AnimationClip,Eyes_Spin
AnimationClip,Eyes_Squint
AnimationClip,Eyes_Trauma
AnimationClip,Fear
AnimationClip,FireSmokeLight
AnimationClip,FishingRingFail
AnimationClip,FishingRingScaling
AnimationClip,FishingRingSuccess
AnimationClip,FishingRingWaiting
AnimationClip,Fly
AnimationClip,Hit
AnimationClip,HitMarkerCrit
AnimationClip,HitMarkerHit
AnimationClip,HitMarkerIdle
AnimationClip,HitMarkerKill
AnimationClip,HitMarkerKillCrit
AnimationClip,Idle
AnimationClip,Idle_A
AnimationClip,Idle_B
AnimationClip,Idle_C
AnimationClip,Jump
AnimationClip,LootboxDrop
AnimationClip,Recorded
AnimationClip,Recorded (1)
AnimationClip,Recorded_1
AnimationClip,Recorded_10
AnimationClip,Recorded_11
AnimationClip,Recorded_12
AnimationClip,Recorded_13
AnimationClip,Recorded_14
AnimationClip,Recorded_15
AnimationClip,Recorded_2
AnimationClip,Recorded_3
AnimationClip,Recorded_4
AnimationClip,Recorded_5
AnimationClip,Recorded_6
AnimationClip,Recorded_7
AnimationClip,Recorded_8
AnimationClip,Recorded_9
AnimationClip,Roll
AnimationClip,Run
AnimationClip,Sit
AnimationClip,SpiderGunTower|Idle
AnimationClip,SpiderGunTower|Idle2
AnimationClip,SpiderGunTower|Walk
AnimationClip,SpiderGunTower|WalkRight
AnimationClip,Spin
AnimationClip,Storm_Grow
AnimationClip,Storm_Release
AnimationClip,Sweat_L
AnimationClip,Sweat_R
AnimationClip,Swim
AnimationClip,Take 001
AnimationClip,Teardrop_L
AnimationClip,Teardrop_R
AnimationClip,TrapActive
AnimationClip,TrapActived
AnimationClip,TrapClosed
AnimationClip,TrapTriggerred
AnimationClip,UpDownIndicator
AnimationClip,Walk
AnimationClip,WalkDown
AnimationClip,WalkLeft
AnimationClip,WalkRight
AnimationClip,WalkUp
AnimationClip,close
AnimationClip,idle
AnimationClip,mixamo.com
AnimationClip,open
AnimationClip,start
AnimationClip,walk_L
AnimationClip,walk_R
Font,Inconsolata-SemiBold
Font,Jua-Regular
Font,LiberationSans
Font,Orbitron-Bold
Font,PerfectDOSVGA437
Font,PressStart2P-Regular
Font,ResourceHanRoundedCN-Medium
Font,SourceHanSansCN-Heavy
Font,UnifontExMono
Font,aline_font
Font,fusion-pixel-12px-monospaced
Material,01 - Default
Material,7segment Atlas Material
Material,7segment_Shadow
Material,AED
Material,Acc_Grip_ALL_REC_5
Material,Arcade_D
Material,Arm
Material,Arrow
Material,ArrowBlack
Material,AssassinCloth
Material,AtmosphereSmoke
Material,AtmosphereSnow
Material,AtomicClock
Material,AttackAlertRing
Material,AttackAlertSpark
Material,Aya
Material,BBQChicken
Material,BackRoom_Ceiling
Material,BackRoom_Floor
Material,BackRoom_Wall
Material,BallSmokeBlue
Material,BallSmokeRed
Material,Ballistic Armor Co. Bastion
Material,Ballistic Armor Co. Bastion_Snow
Material,BaseExitSmoke
Material,BaseGround2
Material,BaseWall
Material,BasementWall
Material,BasketBallMat
Material,BasketballBasket
Material,BatteryHead2
Material,BeaconFx
Material,BeaconFx2
Material,Beak
Material,Beak_Banboo&Pacifier
Material,Beak_Sausage
Material,Beak_SteelTeeth&Zipper
Material,Beaks
Material,Billboard_mat
Material,Billboard_mat 3
Material,Billboard_mat_Season
Material,Black
Material,BlackBall
Material,BlackTop
Material,BleedBlood
Material,BleedBloodOnGround
Material,BleedBloodOnGround Green
Material,BleedBlood_Green
Material,BloodFlesh
Material,BloodSmoke
Material,BloodSmoke Darker
Material,BloodSmoke Darker Green
Material,BloodSmoke NoBlood
Material,BloodSmoke_Green
Material,BloodSpark
Material,BloodSpark_Green
Material,BloodSplash
Material,BloodSplash Bigger
Material,BloodSplash Bigger Green
Material,BloodSplit
Material,Blue
Material,BlueHand
Material,Boot
Material,BossJumperScene
Material,BossJumperScene 2
Material,BossMarker_Billboard
Material,BossShotFx
Material,BossSmoke
Material,BossSpark
Material,BossSpeedyFx
Material,BossSpeedyFx_Ice
Material,Bow
Material,BreakableWallSmoke
Material,BrickWall
Material,Brick_Red - Copy
Material,Bucket
Material,Bucket_Metal
Material,BuffIceStoneFx
Material,BuffSpaceFx
Material,Buff_Burn
Material,Buff_Freeze
Material,Buff_Ghost
Material,BuildFxSmokeSoft
Material,BuildingGrid
Material,BuildingGridBlocked
Material,BuildingInteractRing
Material,Bullet
Material,BulletBackRing
Material,BulletCandy
Material,BulletHitSmoke
Material,BulletHitSpark
Material,BulletHitSpark_Elec
Material,BulletHitSpark_SandBag
Material,BulletHitSpark_Shit
Material,BulletHitSpark_Tox
Material,BulletMagic
Material,BulletMeshBlue
Material,BulletMeshPurpal
Material,BulletRed
Material,BulletStorm
Material,BulletTrail
Material,BulletTrailMagic
Material,BulletTrailRed
Material,BulletTrailStorm
Material,BulletTrail_Arrow
Material,BulletTrail_Burn
Material,BulletTrail_Shit
Material,BulletTrail_Space
Material,BulletTrail_Space_MingChao
Material,BulletTrail_Space_MingChao2
Material,BulletTrail_candy
Material,BulletTrail_electric
Material,BulletTrail_poison
Material,Bullet_BrainController
Material,BunkerDoor_Material
Material,ButtonRope
Material,CaiShirt_Mat
Material,CallStick
Material,CallStick 1
Material,Camera01
Material,CanHarvest
Material,Candle
Material,CandleFlare
Material,Car_03_3
Material,CardLabyrinth
Material,Card_Black
Material,Card_Blue
Material,Card_Green
Material,Card_Purple
Material,Card_Red
Material,Card_Yellow
Material,CharacterShowBack
Material,CharacterShowBack_Main
Material,Character_Blue
Material,Character_red
Material,Chest2
Material,CloneJarFog
Material,CloneJarGlass
Material,Clothes_LV3_2
Material,Clothes_LV3_3
Material,Clothes_LV3_3 1
Material,Clothes_LV5_2
Material,Clothes_LV5_3
Material,Clothes_LV5_3_Snow
Material,Clothes_LV5_4
Material,Clothes_LV5_4_Snow
Material,Clothes_LV6_1
Material,CloudShadowRT
Material,ColdStorm
Material,Collider
Material,Color
Material,Color 1
Material,ColorA
Material,ColorA Darker
Material,ColorA Smooth
Material,ColorA_Metal
Material,ColorA_Unlit
Material,ColorB
Material,ColorC
Material,ColorD
Material,Color_02
Material,Color_Dark
Material,ConstructingGlow
Material,ControllerPressParticle
Material,ControllerPressParticle_Ring
Material,Cotton
Material,Cover_BubblePopper_Mat
Material,Cover_GoldMiner_Mat
Material,Cover_Island_Mat
Material,Cover_MouseDodger_Mat
Material,Cover_SnakesForce_Mat
Material,CropProgressBar
Material,Crossbow
Material,Crown
Material,Crystal
Material,DUNTAR
Material,DUNTAR_LOGO
Material,DUNTAR_Snow
Material,D_Slash_DarkBlue
Material,D_Slash_Red
Material,DarkBackground
Material,DarkFade10m
Material,DarkFade13m
Material,DarkFade1m
Material,DarkFade4m
Material,DarkFade4m_Blue
Material,DarkFadeGreen_WareHouse
Material,DarkQuad001
Material,DarkQuad005
Material,DarkQuad1m
Material,DarkQuad5m
Material,DarkQuadSolid
Material,DarkRoom
Material,DarkRoomBlack
Material,Dark_Olive 5
Material,Darker
Material,DeadSmoke
Material,Decal_ Boxing
Material,Decal_ FakeShadow
Material,Decal_ Water
Material,Decal_ Water_Green
Material,Decal_ Water_Prison
Material,Decal_01
Material,Decal_01 1
Material,Decal_01 2
Material,Decal_01 3
Material,Decal_01Water
Material,Decal_2233
Material,Decal_Field1
Material,Decal_Field2
Material,Decal_Field4
Material,Decal_Number
Material,Decal_Number Black
Material,Decal_Number_Hnad_Emi
Material,Decal_OnGround
Material,Decal_San_1
Material,Decal_San_2
Material,Decal_WorkingFinished
Material,Decal_WorkingInProgress
Material,Default-Skybox
Material,Default-Translucent
Material,Default_Material
Material,DemoChallengeGas
Material,Diamond
Material,DisplayerHead
Material,DisplayerHead 1
Material,DisplayerHead 2
Material,DisplayerHeadNick
Material,DoctorGun
Material,DoorMecha
Material,DoorMecha_Gray
Material,DrinkMachine
Material,DrinkMachine 2
Material,Drop
Material,Dropped01
Material,Duck
Material,Duck 1
Material,Duck 10
Material,Duck 11
Material,Duck 2
Material,Duck 3
Material,Duck 4
Material,Duck 5
Material,Duck 6
Material,Duck 8
Material,Duck 9
Material,Duck Boss
Material,Duck Brown
Material,Duck BrownMussle
Material,Duck Dummy
Material,Duck Orange
Material,Duck Strong
Material,Duck Wu
Material,DuckFoot
Material,Duck_DeathLottery
Material,DustParticles
Material,EdgeLightQuad
Material,EdgeLight_build
Material,EdgePicker
Material,EdgePickerHDRP
Material,EggCloud
Material,EggCloudShadow
Material,EggCloudThick
Material,EggCloudThickBright
Material,EggPlanet
Material,EggPlanetAtms
Material,EggPlanetAtms 1
Material,EggPlanetFlare
Material,EggPlanetFx
Material,EggShipFlares
Material,EggShipLunchGlow
Material,EggSpawnSmokeFx
Material,ElecBuffFx
Material,ElecBuffFx 1
Material,ElectricBaton
Material,Emission 1
Material,EndingBunkerGlow_Cloudy
Material,EndingBunkerGlow_Dawn
Material,EndingBunkerGlow_Day
Material,EndingBunkerGlow_Night
Material,EndingDoor
Material,EndingFlare
Material,EndingLunchGlow
Material,EndingLunchGlow_Cold
Material,EndingShipEngineParticle 1
Material,EndingShipEngineParticle 2
Material,EndingShipTrail
Material,EndingStorm
Material,EndingStormDark
Material,EndingStormGlow
Material,Enemy
Material,EnemyLootBox
Material,EnemyLootBox_GroundZeroBoss
Material,EvacuateAll
Material,EvacuateQuads
Material,ExitRange
Material,ExitRange_Blue
Material,ExplorLootBoxFx
Material,ExplorLootBoxFx2
Material,ExplorLootBoxFxStorm1
Material,ExplorLootBoxFxStorm2
Material,ExplosionDecal
Material,ExplosionDots
Material,ExplosionDotsDeb
Material,ExplosionDots_Blue
Material,ExplosionFire
Material,ExplosionSmoke
Material,ExplosionSmokeSoft
Material,ExplosionSmoke_BreakRock
Material,ExplosionSpark
Material,Eye6
Material,EyeBlack
Material,EyeBrow
Material,EyeEmi
Material,EyeWhite
Material,Eye_BottleCap
Material,Eye_KeyCap
Material,Eye_Nut
Material,Eye_Valve
Material,Eyebrow
Material,FDWeapon_01
Material,FXMainMat
Material,FaceDecals
Material,FacePicker
Material,FacePickerHDRP
Material,FaceRed
Material,FakeAO
Material,FakeAO Wake
Material,FakeExpLight
Material,FakeFlashLight
Material,FakeGlow_Base
Material,FakeGlow_Base 2
Material,FakeGlow_Base Red
Material,FakeGlow_Base Storage
Material,FakeGlow_GroundZero_Cave
Material,FakeGlow_GroundZero_Cave 1
Material,FakeGlow_GroundZero_UnderWater
Material,FakeSunGlow MainMenu
Material,Feather
Material,FigurtineBottom
Material,FireFade
Material,FireGrenadeFire
Material,FireSmoke
Material,FireSpark
Material,FireZoneFire
Material,FireZoneSmoke
Material,FireworkDots
Material,FireworkFog
Material,FireworkGlow
Material,FireworkLauncher
Material,FireworkSmoke
Material,FireworkSpark
Material,FireworkTrail
Material,FishGiantSword
Material,FishHookFx
Material,FishingLine
Material,FishingRing
Material,FishingRingStatic
Material,FishingRod
Material,FishingWaterDrop
Material,FlareFishing
Material,FlareFishing 1
Material,FlareIceBoom
Material,FlareKillMarker
Material,FlareKillMarker_NoBlood
Material,Flare_MingChaoWeak
Material,FlashDollBox
Material,FlashDollCloth
Material,FlashDollSkin
Material,FlashLight_Emi
Material,FlashSmoke
Material,Flesh
Material,Flesh_Green
Material,FlipbookDuck
Material,Floor
Material,FlyDronePlatform
Material,FlyFace
Material,FocusMesh
Material,Font Material
Material,FoodTable
Material,FoodTableLightOn
Material,FootballDuo
Material,FootballDuoGlass
Material,GamingConsoleRT
Material,Garbage
Material,GardenCellHovering
Material,GhostGunSmoke
Material,Girder_Box
Material,Glass
Material,GlassShiny
Material,Glass_CAR
Material,Glick1
Material,Glick1 1
Material,Glove
Material,Glove_Killa
Material,Glove_Tagilla
Material,Gold
Material,Gold 1
Material,Gold 2
Material,GooseBeak
Material,Gray5 3
Material,Gray8 11
Material,GreenBat
Material,GreenScreen
Material,GreenScreenBase
Material,GreenSmoke
Material,GreenSpark
Material,GrenadeTest 1
Material,GrenadeTrail
Material,Ground 6
Material,GroundZeroStormGlow
Material,GuideDecal
Material,GunFx_Smoke_Elec
Material,GunFx_lightning
Material,Hair
Material,HairResearcher
Material,HandBoxing
Material,HandFist
Material,HandZombie
Material,Headset
Material,Headset_2
Material,Heart7Smoke
Material,HelmatBattery
Material,Helmet_Egg
Material,Helmets_Horse
Material,Helmets_LionDance
Material,Hiddenwarehouse_Glow
Material,HighcomStriker
Material,HighcomStriker_Snow
Material,Highlight
Material,HitSpick
Material,Hook
Material,Horse
Material,HorseHorn
Material,HorseWhite
Material,Horse_Sculpture
Material,Horse_Sculpture_Pedestal
Material,Hotend
Material,HumanFoot
Material,HumanFoot 1
Material,IceBallBullet
Material,IceExplosionSmoke
Material,IceRing
Material,Inconsolata-SemiBold Atlas Material
Material,InteractMarkerDot
Material,InteractMarkerRing
Material,InteractMarkerShadow
Material,InteractMarkerStatic
Material,InteractMarkerUsed
Material,Interiors
Material,IntroShipTrail
Material,InvisibleFace
Material,JLabBlueGlow
Material,JLabRedGlow
Material,JLab_ProtectiveClothesElec
Material,JLab_ProtectiveClothesFire
Material,JLab_ProtectiveClothesOutSpace
Material,JLab_ProtectiveClothesSnow
Material,JLab_ProtectiveClothesSpace
Material,JLab_Smoke
Material,Jacket
Material,JarFrame
Material,Jua-Regular Atlas Material
Material,KV_Feet
Material,Kazoo
Material,KazooUI
Material,Kitchen
Material,Kitchen 2
Material,Kitchen 3
Material,Kitchen 4
Material,KitchenDarker
Material,KnifeBlue
Material,Kun_Hair
Material,LEDX
Material,LabDoor
Material,Lab_Wall_Blue
Material,Lab_Wall_ERROR
Material,Lab_Wall_Green
Material,Lab_Wall_Pink
Material,Lab_Wall_Red
Material,Lab_Wall_Yellow
Material,Lab_ground
Material,Lab_ground red
Material,Lab_ground_Blue
Material,Lab_ground_Gray
Material,Lab_ground_Yellow
Material,Lazer 1
Material,Lazer 2
Material,LazerPoint 1
Material,LazerPoint 2
Material,LazerSimple
Material,LeafFXMat
Material,LiberationSans SDF - Drop Shadow
Material,LiberationSans SDF - Outline
Material,LiberationSans SDF Material
Material,LightFade6m_Purple
Material,LightTile
Material,Lightning_Zone
Material,Line 3D Lighten (CAP_ROUND)
Material,Lit
Material,LittleYellowDuck
Material,LoadingScreenRock
Material,LoadingScreen_Island
Material,LotteryFade
Material,MAT_3DPrinter
Material,MAT_3DPrinter_Red
Material,MAT_AHBow
Material,MAT_AHBow_Ice
Material,MAT_Acc_Grip_ALL_ADS_2
Material,MAT_Acc_Grip_ALL_REC_1
Material,MAT_Acc_Grip_ALL_REC_2
Material,MAT_Acc_Grip_ALL_REC_4
Material,MAT_Acc_Grip_ALL_SCA_1
Material,MAT_Acc_Grip_ALL_SCA_2
Material,MAT_Acc_Groove
Material,MAT_ArcadeA
Material,MAT_ArcadeA 1
Material,MAT_ArcadeB
Material,MAT_ArcadeB_Character
Material,MAT_Arcade_C
Material,MAT_Arcade_Screen
Material,MAT_Arcade_Screen 1
Material,MAT_Arcade_Screen 2
Material,MAT_Arcade_ScreenFace
Material,MAT_Armor_Island_Blue
Material,MAT_Armor_Island_Coconut
Material,MAT_Armor_Island_Pineapple
Material,MAT_Armor_Killa_1
Material,MAT_Armor_Killa_2
Material,MAT_Armor_Tagilla
Material,MAT_BLD_ATM
Material,MAT_BLD_Showcase
Material,MAT_BLD_VendingMachine
Material,MAT_BasketNet
Material,MAT_Camping_01
Material,MAT_Camping_01 1
Material,MAT_Camping_01 2
Material,MAT_Camping_01_Snow
Material,MAT_Camping_01_Snow_2
Material,MAT_Canvas_01
Material,MAT_Canvas_01 1
Material,MAT_Canvas_01 2
Material,MAT_Canvas_01_Blue
Material,MAT_Canvas_01_Blue_Smooth
Material,MAT_Canvas_01_Blue_Smooth 1
Material,MAT_Canvas_01_Grey
Material,MAT_Canvas_01_Snow
Material,MAT_Canvas_01_White
Material,MAT_Canvas_01_Yellow_Smooth
Material,MAT_Canvas_02
Material,MAT_Canvas_02 2
Material,MAT_Canvas_02 2_Snow
Material,MAT_Canvas_02 3
Material,MAT_Canvas_02_Blue
Material,MAT_Canvas_02_Blue_Smooth
Material,MAT_Canvas_02_Blue_Snow
Material,MAT_Canvas_02_Smooth 1
Material,MAT_Canvas_02_White
Material,MAT_Canvas_02_Yellow
Material,MAT_Canvas_02_Yellow 1
Material,MAT_Canvas_02_Yellow_Smooth
Material,MAT_Canvas_02_Yellow_Smooth 1
Material,MAT_Canvas_02_Yellow_Smooth 1_Snow
Material,MAT_Canvas_02_Yellow_Smooth_Snow
Material,MAT_Car_001
Material,MAT_Car_001 1
Material,MAT_Car_001 2
Material,MAT_Car_001 3
Material,MAT_Car_001 4
Material,MAT_Car_002
Material,MAT_Car_002_Snow
Material,MAT_Car_003 1
Material,MAT_Car_003 2
Material,MAT_Car_003 3
Material,MAT_Car_003 4
Material,MAT_Car_003 5
Material,MAT_Car_003_Snow
Material,MAT_Car_004
Material,MAT_Car_005Black
Material,MAT_Car_005Blue
Material,MAT_Car_005Blue_Snow
Material,MAT_Car_005Green
Material,MAT_Car_005Green_Snow
Material,MAT_Car_005Orange
Material,MAT_Car_005Orange_Snow
Material,MAT_Car_005White
Material,MAT_Car_005Yellow
Material,MAT_Car_005Yellow_Snow
Material,MAT_Car_Interior
Material,MAT_Car_Interior 1
Material,MAT_Car_Interior_Red
Material,MAT_Car_Interior_Red_Snow
Material,MAT_CashRegister
Material,MAT_CleaningHandcart_01
Material,MAT_CleaningHandcart_02
Material,MAT_CleaningHandcart_03
Material,MAT_Clothes_01
Material,MAT_Clothes_01 1
Material,MAT_Clothes_01 2
Material,MAT_Clothes_01_Snow
Material,MAT_Clothes_Blue
Material,MAT_Clothes_Yellow
Material,MAT_Coathanger_Dark
Material,MAT_Coathanger_Dark_M
Material,MAT_Coathanger_Dark_Smooth
Material,MAT_Coathanger_Green
Material,MAT_Coathanger_Green_M
Material,MAT_Coathanger_Red
Material,MAT_Coathanger_Red 1
Material,MAT_Coathanger_Red_M
Material,MAT_Coathanger_Wood
Material,MAT_Coathanger_Wood 1
Material,MAT_Coathanger_Yellow
Material,MAT_Coathanger_Yellow2
Material,MAT_Crop
Material,MAT_CryogenicDevice
Material,MAT_CryogenicDevice 1
Material,MAT_CryogenicDevice_Snow
Material,MAT_DecalAsphalt
Material,MAT_DecalAsphalt 1
Material,MAT_DecalDuilian
Material,MAT_DecalGrass
Material,MAT_DecalWater_ColdStorage
Material,MAT_DecalWater_V2 1
Material,MAT_DecalWater_V2 2
Material,MAT_DecalWater_V2 3
Material,MAT_DecalWater_V2 6
Material,MAT_Decal_Asphalt01
Material,MAT_Decal_Asphalt02
Material,MAT_Decal_Crack_P
Material,MAT_Decal_FireCracks
Material,MAT_Decal_Grunge 1
Material,MAT_Decal_Leak
Material,MAT_Decal_LumberText
Material,MAT_Decal_Manhole
Material,MAT_Decal_Mud_01
Material,MAT_Decal_Mud_02
Material,MAT_Decal_Mud_02 1
Material,MAT_Decal_Mud_02 2
Material,MAT_Decal_RoadCrack
Material,MAT_Decal_RoadCrack 2
Material,MAT_Decal_Roadmark_03 1
Material,MAT_Decal_Snow
Material,MAT_Decal_Snow 1
Material,MAT_Decal_Snow2
Material,MAT_Decal_Snow3
Material,MAT_Decal_SnowTownHall_Logo
Material,MAT_Decal_TOTEM
Material,MAT_Decal_TOTEM_SecretRoom
Material,MAT_Decal_TOTEM_SecretRoom_Emi
Material,MAT_Decal_WallCrack
Material,MAT_Decal_XiaoYing
Material,MAT_Decal_XiaoYing 2
Material,MAT_Decal_XiaoYingEmi
Material,MAT_DesertRockWall
Material,MAT_DesertRockWall_Desert
Material,MAT_Desert_PylonSign_GasStation
Material,MAT_ElectricControlBox
Material,MAT_ElectricControlBox 1
Material,MAT_Emissive
Material,MAT_Fence02
Material,MAT_Fence02 1
Material,MAT_Fence02 2
Material,MAT_Fence02 3
Material,MAT_Fence02 5
Material,MAT_Fence02 6_Snow
Material,MAT_Fence02 6_Snow 2
Material,MAT_Fence02 6_Snow 3
Material,MAT_Fence02 7
Material,MAT_Fence02 8
Material,MAT_Fence02 9
Material,MAT_Fence02 _M
Material,MAT_Fence02 _M 1
Material,MAT_Fence02 _M 1_Snow
Material,MAT_Fence02 _M2
Material,MAT_Fence02_Cityhall
Material,MAT_Fence02_Snow
Material,MAT_Field
Material,MAT_Field 1
Material,MAT_Field 2
Material,MAT_Field 2_Snow
Material,MAT_Field 3
Material,MAT_Field_Snow
Material,MAT_Flowerpot
Material,MAT_Flowerpot 1
Material,MAT_Gudie_Fog
Material,MAT_Gudie_Fog 1
Material,MAT_Helmat_Killa
Material,MAT_Helmat_Tagilla_1
Material,MAT_Helmat_Tagilla_2
Material,MAT_Helmets_Banana
Material,MAT_Helmets_Headscarf
Material,MAT_Helmets_Strawhat
Material,MAT_JLABContainer_01
Material,MAT_JLABContainer_02
Material,MAT_JLABContainer_03
Material,MAT_JLABContainer_03_Blue
Material,MAT_JLABContainer_03_Red
Material,MAT_JLABContainer_03_Yellow
Material,MAT_JLABWall
Material,MAT_JLABWall03
Material,MAT_JLABWall03 1
Material,MAT_JLAB_Ground
Material,MAT_JLAB_ProtectiveClothes_Black
Material,MAT_JLAB_ProtectiveClothes_White
Material,MAT_JLAB_ProtectiveClothes_Yellow
Material,MAT_JLAB_ProtectiveClothes_Yellow 1
Material,MAT_JLAB_WallTile_1
Material,MAT_JLAB_WallTile_2
Material,MAT_JLAB_WallTile_4
Material,MAT_Kitchen
Material,MAT_Kitchen 1
Material,MAT_Kitchen 2
Material,MAT_Kitchen 3
Material,MAT_Kitchen 4
Material,MAT_Kitchen 5
Material,MAT_Kitchen 7
Material,MAT_Kitchen 8
Material,MAT_LightProp
Material,MAT_LightProp 2
Material,MAT_LightProp 5
Material,MAT_LightProp 6
Material,MAT_LightProp 7
Material,MAT_MinionGoggles
Material,MAT_MinionGoggles_glass
Material,MAT_Music
Material,MAT_Muzzle_AR_DAM_1
Material,MAT_Muzzle_AR_DIS_1
Material,MAT_Muzzle_AR_REC_1
Material,MAT_Muzzle_AR_REC_2
Material,MAT_Muzzle_AR_REC_3
Material,MAT_Muzzle_AR_SCA_1
Material,MAT_Muzzle_AR_SCA_2
Material,MAT_Muzzle_AR_SIL_1
Material,MAT_Muzzle_PST_DAM_1
Material,MAT_Muzzle_PST_DIS_1
Material,MAT_Muzzle_PST_REC_1
Material,MAT_Muzzle_PST_REC_2
Material,MAT_Muzzle_PST_SCA_1
Material,MAT_Muzzle_PST_SIL_1
Material,MAT_Muzzle_SHT_DAM_1
Material,MAT_Muzzle_SHT_REC_1
Material,MAT_Muzzle_SHT_SCA_3
Material,MAT_Muzzle_SHT_SIL_1
Material,MAT_Muzzle_SMG_DAM_1
Material,MAT_Muzzle_SMG_REC_1
Material,MAT_Muzzle_SMG_REC_2
Material,MAT_Muzzle_SMG_REC_4
Material,MAT_Muzzle_SMG_SCA_2
Material,MAT_Muzzle_SMG_SIL_1
Material,MAT_Muzzle_SNP_DAM_1
Material,MAT_Muzzle_SNP_DIS_1
Material,MAT_Muzzle_SNP_REC_1
Material,MAT_Muzzle_SNP_REC_3
Material,MAT_Muzzle_SNP_SCA_1
Material,MAT_Muzzle_SNP_SCA_2
Material,MAT_Muzzle_SNP_SIL_1
Material,MAT_Pipe_01
Material,MAT_Pumpjack_01
Material,MAT_Pumpjack_02
Material,MAT_Pumpjack_03
Material,MAT_Pumpjack_04
Material,MAT_QBZ191
Material,MAT_RobotLootbox
Material,MAT_RollingShutterDoor_01
Material,MAT_Roof
Material,MAT_RoofDark
Material,MAT_RoundStools_Black
Material,MAT_RoundStools_Black 1
Material,MAT_RoundStools_Black 2
Material,MAT_RoundStools_Green
Material,MAT_RoundStools_White
Material,MAT_SNP_SIL_1
Material,MAT_ScalableMesh_01
Material,MAT_ScalableMesh_02
Material,MAT_ScalableMesh_02 1
Material,MAT_ScalableMesh_03
Material,MAT_ScalableMesh_03 2
Material,MAT_ScalableMesh_03 3
Material,MAT_School_Door_01
Material,MAT_School_Door_01 1
Material,MAT_School_Door_01 2
Material,MAT_School_Door_01 3
Material,MAT_School_Door_01 4
Material,MAT_School_Door_01 5
Material,MAT_School_Door_01 6
Material,MAT_School_Door_01 7
Material,MAT_School_Door_01_Snow
Material,MAT_School_Window_01
Material,MAT_School_Window_01_Snow
Material,MAT_School_Window_01_White
Material,MAT_Scope_AR_4X_1
Material,MAT_Scope_AUG
Material,MAT_Scope_All_2X_1
Material,MAT_Scope_All_Digit_1
Material,MAT_Scope_All_Holo_1
Material,MAT_Scope_All_Long_1
Material,MAT_Scope_All_RedDot_1
Material,MAT_Scope_SNP_8X_1
Material,MAT_Shelves
Material,MAT_ShitRock_Grass
Material,MAT_Shop_Refridge_01_1
Material,MAT_Shop_Refridge_01_2
Material,MAT_Shop_Refridge_01_2 1
Material,MAT_Shop_Refridge_01_2 2
Material,MAT_Shop_Refridge_01_2 3
Material,MAT_Shop_Refridge_01_3
Material,MAT_Shop_Refridge_01_3 1
Material,MAT_Shop_Refridge_01_3 2
Material,MAT_Shop_Refridge_01_3 3
Material,MAT_Shop_Refridge_01_JLAB
Material,MAT_Shop_Refridge_02_1
Material,MAT_Shop_Refridge_02_1 1
Material,MAT_Shop_Refridge_02_1 2
Material,MAT_Shop_Refridge_02_2
Material,MAT_SodaArcade_G 2
Material,MAT_SodaRobot
Material,MAT_SodaRobot 1
Material,MAT_Soda_Container_Grey
Material,MAT_Soda_Core 1
Material,MAT_Soda_Instruments
Material,MAT_Soda_Instruments_Grey 1
Material,MAT_Soda_Instruments_Grey 10
Material,MAT_Soda_Instruments_Grey 2
Material,MAT_Soda_Instruments_Grey 3
Material,MAT_Soda_Instruments_Grey 5
Material,MAT_Soda_Instruments_Grey 6
Material,MAT_Soda_Instruments_Grey 7
Material,MAT_Soda_Instruments_Grey 9
Material,MAT_Soda_Ironfame
Material,MAT_Soda_JLABCore 1
Material,MAT_Soda_Jail_Room
Material,MAT_Soda_Jail_Room 1
Material,MAT_Soda_Jail_Room 2
Material,MAT_Soda_Pipe
Material,MAT_Soda_Pipe 1
Material,MAT_Soda_Pipe 2
Material,MAT_Soda_Pipe 3
Material,MAT_Soda_Pipe 4
Material,MAT_Soda_Pipe_Poison
Material,MAT_Soda_Speaker
Material,MAT_Soda_Tankertruck_01
Material,MAT_Soda_Waterbear 1
Material,MAT_Sofa_Black_New2
Material,MAT_Sofa_Blue_New2
Material,MAT_Sofa_Gray
Material,MAT_Sofa_Gray 1
Material,MAT_Sofa_Green
Material,MAT_Sofa_Green_New
Material,MAT_Sofa_New
Material,MAT_Sofa_New2
Material,MAT_Sofa_New2 1
Material,MAT_Sofa_New2 3
Material,MAT_Sofa_New2 4
Material,MAT_Sofa_New2 5
Material,MAT_Sofa_Red
Material,MAT_Sofa_White
Material,MAT_Sofa_White 1
Material,MAT_Sofa_White2
Material,MAT_Steels_1_Black
Material,MAT_Steels_1_Grey
Material,MAT_Steels_1_M
Material,MAT_Steels_1_P
Material,MAT_Steels_1_P 1
Material,MAT_Steels_1_P_Blue
Material,MAT_Steels_1_P_Blue 1
Material,MAT_Steels_1_P_Blue_Snow
Material,MAT_Steels_1_P_Green_Rust
Material,MAT_Steels_1_P_Green_Rust_Snow
Material,MAT_Steels_1_P_Red
Material,MAT_Steels_1_P_Red2
Material,MAT_Steels_1_P_Red_Snow
Material,MAT_Steels_1_P_Snow
Material,MAT_Steels_1_P_Yellow
Material,MAT_Steels_1_P_Yellow2
Material,MAT_Steels_1_P__Military_Snow
Material,MAT_Steels_2_M
Material,MAT_Steels_2_M 1
Material,MAT_Steels_2_M_Grey
Material,MAT_Steels_2_M_Red
Material,MAT_Steels_2_M_Snow
Material,MAT_Steels_2_P 1
Material,MAT_Steels_2_P 3
Material,MAT_Steels_3_Green_Rust
Material,MAT_Steels_3_Green_Rust_Snow 1
Material,MAT_Stock_ALL_REC_1
Material,MAT_Stock_ALL_REC_2
Material,MAT_Stock_ALL_REL_1
Material,MAT_Stock_ALL_SCA_3
Material,MAT_Stock_ALL_SCA_5
Material,MAT_Stock_SNP_SCA_4
Material,MAT_Stone_Brick2x2
Material,MAT_Stone_Column_1
Material,MAT_Streellamp
Material,MAT_Streellamp 1
Material,MAT_Streellamp 2
Material,MAT_Streellamp 2_Snow
Material,MAT_Streellamp 4_Emissive
Material,MAT_Streellamp 4_Emissive 1
Material,MAT_Streellamp_Snow
Material,MAT_Street_01_new
Material,MAT_Street_01_new 1
Material,MAT_Street_01_new_Snow
Material,MAT_Studio
Material,MAT_Teatable
Material,MAT_Teatable 1
Material,MAT_Teatable 2
Material,MAT_Teatable 3
Material,MAT_Tec_Flashlight_NON_1
Material,MAT_Tec_Laser_CIT_1
Material,MAT_Tec_Laser_SCA_1
Material,MAT_Tec_Laser_SCA_2
Material,MAT_Tent
Material,MAT_Tent_Blue
Material,MAT_Tent_DesertYellow
Material,MAT_Tent_Roof
Material,MAT_Tent_Roof 1
Material,MAT_Tent_Roof_DesertWhite
Material,MAT_Tent_Snow
Material,MAT_Tent_Yellow
Material,MAT_Tomb
Material,MAT_Tomb _Snow
Material,MAT_TrafficSigns
Material,MAT_TrafficSigns 1
Material,MAT_TrailerHouse1_01_1
Material,MAT_TrailerHouse1_01_2
Material,MAT_TrailerHouse1_01_3
Material,MAT_TrailerHouse1_02_1
Material,MAT_TrailerHouse1_02_2
Material,MAT_TrailerHouse1_02_3
Material,MAT_TrainCarriage01_1
Material,MAT_TrainCarriage01_2
Material,MAT_TrainCarriage_Roof
Material,MAT_TrainEngine_01
Material,MAT_TrainEngine_02
Material,MAT_TrainTrailer
Material,MAT_TransformerA
Material,MAT_TransformerA_Snow
Material,MAT_TransformerB
Material,MAT_TransformerB_Snow
Material,MAT_Vines
Material,MAT_VinesWall
Material,MAT_VinesWall_Snow
Material,MAT_WC_Board
Material,MAT_WC_Board_White
Material,MAT_WC_Board_White 1
Material,MAT_WC_Board_White 2
Material,MAT_WC_Board_White 3
Material,MAT_WPN_AA12
Material,MAT_WPN_ADAR
Material,MAT_WPN_AK103
Material,MAT_WPN_AK47
Material,MAT_WPN_AK47_Fire
Material,MAT_WPN_AK74U
Material,MAT_WPN_ASVAL
Material,MAT_WPN_AUGA1
Material,MAT_WPN_AUGA3
Material,MAT_WPN_Axe
Material,MAT_WPN_BarrettM1892
Material,MAT_WPN_CandyShotgun
Material,MAT_WPN_CopperCoinSword
Material,MAT_WPN_CubeGun
Material,MAT_WPN_CubeGun 1
Material,MAT_WPN_DEscapeFromDuckovDuckovAssetsArtWeaponCompoundBow
Material,MAT_WPN_DTMDR556
Material,MAT_WPN_DTMDR762
Material,MAT_WPN_DesertEagle
Material,MAT_WPN_DesertEagle_Gold
Material,MAT_WPN_Glock_01
Material,MAT_WPN_Glock_02
Material,MAT_WPN_Glock_02_Space
Material,MAT_WPN_Lightsaber
Material,MAT_WPN_M14
Material,MAT_WPN_M16
Material,MAT_WPN_M16_Ice
Material,MAT_WPN_M1A
Material,MAT_WPN_M4
Material,MAT_WPN_M4_Poison
Material,MAT_WPN_M700
Material,MAT_WPN_M700_Ice
Material,MAT_WPN_MCXSpear
Material,MAT_WPN_MK47
Material,MAT_WPN_MP155
Material,MAT_WPN_MP5
Material,MAT_WPN_MP7
Material,MAT_WPN_MP7_2
Material,MAT_WPN_Mosin
Material,MAT_WPN_PM
Material,MAT_WPN_PP19Bizon
Material,MAT_WPN_PPSH
Material,MAT_WPN_PhysicalStaff
Material,MAT_WPN_RPD
Material,MAT_WPN_RPG7
Material,MAT_WPN_RPK16
Material,MAT_WPN_SKS
Material,MAT_WPN_SR3M_Ice
Material,MAT_WPN_SRM3
Material,MAT_WPN_SV98
Material,MAT_WPN_Shovel03
Material,MAT_WPN_Sickle
Material,MAT_WPN_TOZ106
Material,MAT_WPN_TOZ106_Holy
Material,MAT_WPN_TOZ66
Material,MAT_WPN_TOZ66_Fire
Material,MAT_WPN_TT33
Material,MAT_WPN_UMP45
Material,MAT_WPN_VPO136
Material,MAT_WPN_VPO215_01
Material,MAT_WPN_VPO215_02
Material,MAT_WPN_VSS
Material,MAT_WPN_Vector9
Material,MAT_WPN_WPN_UZIPRO_Pistol
Material,MAT_WPN_WW_Carlotta
Material,MAT_WPN_WW_Carlotta 2
Material,MAT_WPN_Watergun
Material,MAT_WPN_Watergun 1
Material,MAT_WT_Asphalt
Material,MAT_WT_Asphalt 1
Material,MAT_WT_Asphalt 2
Material,MAT_WT_Brick 1
Material,MAT_WT_Brick 2
Material,MAT_WT_Brick 5
Material,MAT_WT_Cement
Material,MAT_WT_Cement 1
Material,MAT_WT_Cement 2
Material,MAT_WT_Cement 3_LabYellow
Material,MAT_WT_Clothes 1
Material,MAT_WT_Color_BrickWall_Grey
Material,MAT_WT_Color_BrickWall_Grey 1
Material,MAT_WT_Color_BrickWall_Grey 2
Material,MAT_WT_Color_BrickWall_Grey 4
Material,MAT_WT_Desert
Material,MAT_WT_FrozenStorage
Material,MAT_WT_FrozenStorage2
Material,MAT_WT_JLAB_GroundTile
Material,MAT_WT_JLAB_GroundTile 1
Material,MAT_WT_JLAB_GroundTile 2
Material,MAT_WT_JLAB_GroundTile 3
Material,MAT_WT_JLAB_GroundTile 5
Material,MAT_WT_JLAB_GroundTile_Floor
Material,MAT_WT_JLAB_GroundTile_Office
Material,MAT_WT_JLAB_Pattern_01_Green
Material,MAT_WT_JLAB_Pattern_01_Grey
Material,MAT_WT_JLAB_Pattern_01_Red
Material,MAT_WT_JLAB_Pattern_01_Yellow 1
Material,MAT_WT_JLAB_Wall04_Tile
Material,MAT_WT_JLAB_Wall04_Tile 1
Material,MAT_WT_JLAB_WallTile
Material,MAT_WT_JLAB_WallTile 1
Material,MAT_WT_JLAB_WallTile 2
Material,MAT_WT_JLAB_WallTile 3
Material,MAT_WT_JLAB_WallTile_Dark2 1
Material,MAT_WT_Marble_01
Material,MAT_WT_Marble_01 1
Material,MAT_WT_Marble_01_Blue
Material,MAT_WT_Marble_01_Blue_Rough
Material,MAT_WT_Marble_01_Yellow
Material,MAT_WT_WC
Material,MAT_WT_Wall_Cement
Material,MAT_WT_Wall_Cement 1
Material,MAT_WT_Wall_Cement 2
Material,MAT_WT_Wall_Cement 3
Material,MAT_WT_Wall_Cement 4
Material,MAT_WT_Wall_Cement_Yellow
Material,MAT_WT_Wall_Tile_02 1
Material,MAT_WaterPipe01
Material,MAT_WaterPipe01 1
Material,MAT_WaterPipe01_Blue
Material,MAT_WaterPipe02 1
Material,MAT_Witch
Material,M_Chick
Material,M_Crystal_Sphere
Material,M_Deer
Material,M_Dog
Material,M_Duck
Material,M_Lionsculpture
Material,M_Lionsculpture 1
Material,M_Pig_Unlit
Material,M_Wolf
Material,M_WolfIce
Material,M_WolfIce Light
Material,M_Wolf_Deng
Material,MainMenuBackground
Material,MainMenuSmoke
Material,ManHoleWall
Material,Manhole
Material,MapSprite
Material,Mat_Arcade_E
Material,Mat_Arcade_F
Material,Mat_AxeKnife
Material,Mat_Backpack_LV1_01
Material,Mat_Backpack_LV2
Material,Mat_Backpack_LV3
Material,Mat_Backpack_LV4_01
Material,Mat_Backpack_LV5_02
Material,Mat_Bags_01_1
Material,Mat_Bags_01_1 1
Material,Mat_Bags_01_1 1_Snow
Material,Mat_Bags_01_1 2
Material,Mat_Bags_01_1 3
Material,Mat_Bags_01_1 3_Snow
Material,Mat_Bags_01_1 4
Material,Mat_Bags_01_1 Character
Material,Mat_Bags_01_1 Character 1
Material,Mat_Bags_01_2
Material,Mat_Bags_01_2 1
Material,Mat_Bags_01_2_Snow
Material,Mat_Bags_01_3
Material,Mat_Bags_01_4
Material,Mat_Bags_01_4_Snow
Material,Mat_Bags_01_5
Material,Mat_Bags_03
Material,Mat_Bags_Blue
Material,Mat_Bags_Ghost
Material,Mat_Bags_Red
Material,Mat_Bags_Totem
Material,Mat_BananaTree
Material,Mat_BarbedWire_01
Material,Mat_BarbedWire_01 1
Material,Mat_BarbedWire_01 2
Material,Mat_BarbedWire_01_D
Material,Mat_BarbedWire_01_D 1
Material,Mat_BarbedWire_01_D 2
Material,Mat_BarbedWire_01_Snow
Material,Mat_Base_Floor_01_Blend_01
Material,Mat_BoxGroup_01_Blue 1
Material,Mat_BoxGroup_01_Gray
Material,Mat_BoxGroup_01_Gray_Snow
Material,Mat_BoxGroup_01_Red
Material,Mat_BoxGroup_02_Blue
Material,Mat_BoxGroup_02_Blue 1
Material,Mat_BoxGroup_02_Blue 2
Material,Mat_BoxGroup_02_Green
Material,Mat_BoxGroup_02_Yellow
Material,Mat_Brack
Material,Mat_Bulletbox
Material,Mat_Cactus
Material,Mat_Canteen_01_01_Green
Material,Mat_Canteen_01_01_Red
Material,Mat_Canteen_01_02
Material,Mat_Canteen_01_02 1
Material,Mat_Canteen_01_02 4
Material,Mat_Canteen_01_02 5
Material,Mat_Canteen_01_02 6
Material,Mat_Canteen_01_02_Snow
Material,Mat_Canteen_01_03
Material,Mat_Canteen_01_03Green_Rough
Material,Mat_Canteen_01_03_Snow
Material,Mat_Canteen_02
Material,Mat_Canteen_02-JLAB
Material,Mat_Canvas_Ground_Blue
Material,Mat_Canvas_Ground_Dark
Material,Mat_Canvas_Ground_Dark 1
Material,Mat_Canvas_Ground_Green
Material,Mat_Canvas_Ground_Military
Material,Mat_Canvas_Ground_Military 1
Material,Mat_Canvas_Ground_Red
Material,Mat_Canvas_Ground_White
Material,Mat_Canvas_Ground_Yellow
Material,Mat_Canvas_Ground_Yellow 1
Material,Mat_Canvas_Ground_Yellow 2
Material,Mat_Car_01
Material,Mat_Car_01_Blue
Material,Mat_Car_01_Green
Material,Mat_Car_01_Red
Material,Mat_Car_01_Red_Snow
Material,Mat_Car_01_Snow
Material,Mat_Car_01_Yellow
Material,Mat_Car_02
Material,Mat_Car_02_Snow
Material,Mat_Car_03
Material,Mat_Car_03_1
Material,Mat_Car_03_1 1
Material,Mat_Car_03_1 1_Snow
Material,Mat_Car_03_1 2
Material,Mat_Car_03_1_Snow
Material,Mat_Car_03_2
Material,Mat_Car_03_2_Snow
Material,Mat_Car_03_3
Material,Mat_Car_03_3_Snow
Material,Mat_Car_03_4
Material,Mat_Car_03_4_Snow
Material,Mat_Car_03_5
Material,Mat_Car_03_6
Material,Mat_Car_03_6 1
Material,Mat_Car_03_6_Snow
Material,Mat_Car_04_1
Material,Mat_Car_04_1_Snow
Material,Mat_Car_04_2_Rust
Material,Mat_Car_04_2_Rust_Snow
Material,Mat_Car_04_2_Snow
Material,Mat_Car_04_3_Rust_03
Material,Mat_Car_04_4
Material,Mat_Car_04_4_Snow
Material,Mat_Car_04_5
Material,Mat_Car_05
Material,Mat_Car_05 1
Material,Mat_Car_05_Snow
Material,Mat_Car_06_1
Material,Mat_Car_06_1_Snow
Material,Mat_Car_06_2
Material,Mat_Car_06_2_Snow
Material,Mat_Car_06_3
Material,Mat_Car_06_4
Material,Mat_Car_07
Material,Mat_Car_07_Snow
Material,Mat_Car_Military
Material,Mat_Car_Military_Desert
Material,Mat_Car_Military_Snow
Material,Mat_CarwashVehicle
Material,Mat_CementMold_1
Material,Mat_CementMold_1 1
Material,Mat_CementMold_1 2
Material,Mat_CementMold_1 3
Material,Mat_CementMold_1_Darker
Material,Mat_CementMold_1_Darker 1
Material,Mat_CementMold_1_Darker 2
Material,Mat_CementMold_1_Darker2
Material,Mat_CementMold_1_JLAB
Material,Mat_CementMold_1_JLAB 1
Material,Mat_CementMold_1_JLAB 2
Material,Mat_CementMold_1_Snow
Material,Mat_CementMold_1_Snow 1
Material,Mat_CementMold_RJLabed
Material,Mat_Chair_01
Material,Mat_Chair_01 1
Material,Mat_Chair_01 2
Material,Mat_Chair_01 3
Material,Mat_Chair_01_Blue
Material,Mat_Chair_01_Brown
Material,Mat_Chair_01_White
Material,Mat_Chair_01_Yellow
Material,Mat_Chair_01_Yellow 1
Material,Mat_Chair_02
Material,Mat_Chair_02 1
Material,Mat_Chair_02 2
Material,Mat_Chair_02 3
Material,Mat_Chair_02 4
Material,Mat_Chair_02 5
Material,Mat_Chair_02 6
Material,Mat_Chair_02 7
Material,Mat_Chair_02_Green
Material,Mat_Chair_02_Orange
Material,Mat_Chair_02_Pink
Material,Mat_Chair_02_White
Material,Mat_Chair_02_White_M
Material,Mat_Chair_02_Yellow
Material,Mat_Chair_02_Yellow 2
Material,Mat_Chair_03Black_M
Material,Mat_Chair_03Green
Material,Mat_Chair_03Green_M
Material,Mat_Chair_03Grey_M
Material,Mat_Chair_03Yellow_M 1
Material,Mat_Chair_03_Blue
Material,Mat_Chair_03_Blue_02
Material,Mat_Chair_03_Red
Material,Mat_Chair_03_Red_Old
Material,Mat_ChineseKnot
Material,Mat_ChineseLantern_01
Material,Mat_Clothes_LV1
Material,Mat_Clothes_LV1 1
Material,Mat_Clothes_LV2
Material,Mat_Clothes_LV2 1
Material,Mat_Clothes_LV2 2
Material,Mat_Clothes_LV2_Black
Material,Mat_Clothes_LV3
Material,Mat_Clothes_LV3_Snow
Material,Mat_Clothes_LV4
Material,Mat_Clothes_LV5
Material,Mat_Coconut
Material,Mat_Coconut_Mut
Material,Mat_Coin
Material,Mat_Computer_01_01
Material,Mat_Computer_01_01 1
Material,Mat_Computer_01_01 2
Material,Mat_Computer_01_01 _2
Material,Mat_Computer_01_01 _2 1
Material,Mat_Computer_01_01 _blue
Material,Mat_Computer_01_02
Material,Mat_Computer_01_02_2
Material,Mat_Computer_01_Green
Material,Mat_Computer_01_Red
Material,Mat_Container_01_B
Material,Mat_Container_01_B_Snow
Material,Mat_Container_01_D
Material,Mat_Container_01_D_Snow
Material,Mat_Container_01_G
Material,Mat_Container_01_G_Military_Snow
Material,Mat_Container_01_G_Snow
Material,Mat_Container_01_O
Material,Mat_Container_01_R
Material,Mat_Container_01_R_Snow
Material,Mat_Container_01_W
Material,Mat_Container_01_W_Snow
Material,Mat_Container_01_Y
Material,Mat_Container_01_Y_Snow
Material,Mat_Container_02_B
Material,Mat_Container_02_B 1
Material,Mat_Container_02_D
Material,Mat_Container_02_D_Snow
Material,Mat_Container_02_G
Material,Mat_Container_02_G_Snow
Material,Mat_Container_02_O
Material,Mat_Container_02_R
Material,Mat_Container_02_R_Snow
Material,Mat_Container_02_Y
Material,Mat_Container_02_Y_Snow
Material,Mat_Container_03_B
Material,Mat_Container_03_B_Snow
Material,Mat_Container_03_D
Material,Mat_Container_03_D_Snow
Material,Mat_Container_03_G
Material,Mat_Container_03_R
Material,Mat_Container_03_R_Snow
Material,Mat_Container_03_Y
Material,Mat_Crane_01_01_01
Material,Mat_Crane_01_01_01 1
Material,Mat_Crane_01_01_01_Snow
Material,Mat_Crane_01_01_02
Material,Mat_Crane_01_01_02_Snow
Material,Mat_Crane_01_02
Material,Mat_Crane_01_02_Snow
Material,Mat_CrawlerCrane_Blue
Material,Mat_CrawlerCrane_Blue_Snow
Material,Mat_CrawlerCrane_Red
Material,Mat_CrawlerCrane_Red_Snow
Material,Mat_DeadTree_Snow
Material,Mat_DeadTree_Winter
Material,Mat_Decal_Ad01
Material,Mat_Decal_Graffiti01
Material,Mat_Decal_Papers_01
Material,Mat_Decal_Papers_01 1
Material,Mat_Decal_Roadmark_01
Material,Mat_Decal_Roadmark_01 1
Material,Mat_Decal_Roadmark_01_2
Material,Mat_Decal_Roadmark_01_3
Material,Mat_Decal_Roadmark_02
Material,Mat_Decal_Roadmark_02 2
Material,Mat_Decal_Roadmark_03
Material,Mat_Decal_Roadmark_03 2
Material,Mat_Decal_Roadmark_03 3
Material,Mat_Decal_Roadmark_04
Material,Mat_Decal_Roadmark_Heli
Material,Mat_Decal_Text01
Material,Mat_Decal_Text01 1
Material,Mat_Decal_Text01 2
Material,Mat_Decal_Text01 3
Material,Mat_Decal_Text01 4
Material,Mat_Decal_Text01 5
Material,Mat_Decal_Train02
Material,Mat_Decal_Train02 1
Material,Mat_Desert_AbandonedCamp_Ground
Material,Mat_Desk
Material,Mat_Desk 1
Material,Mat_Dormit_01_Cement 1
Material,Mat_Dormit_01_Cement 1_Snow
Material,Mat_Dormit_Floor_02_Blend_01
Material,Mat_Dormit_Wall_01
Material,Mat_Dumplings
Material,Mat_Dumpster_01_01
Material,Mat_Dumpster_01_01 1
Material,Mat_Dumpster_01_01_Snow
Material,Mat_Dumpster_01_02
Material,Mat_Dumpster_01_03
Material,Mat_EEscMAT_UsablePaperbox
Material,Mat_ElectricBox_01
Material,Mat_ElectricBox_01 1
Material,Mat_ElectricBox_01 3
Material,Mat_ElectricBox_01Blue
Material,Mat_ElectricBox_01Green
Material,Mat_ElectricBox_01Military
Material,Mat_ElectricBox_01Red
Material,Mat_ElectricBox_01Yellow
Material,Mat_ElectricBox_01_Dark
Material,Mat_ElectricBox_01_Dark 1
Material,Mat_ElectricBox_01_Dark 2
Material,Mat_ElectricBox_01_Dark_Snow
Material,Mat_ElectricBox_01_Snow
Material,Mat_ElectricBox_02
Material,Mat_ElectricBox_02 1
Material,Mat_ElectricBox_02 2
Material,Mat_ElectricBox_02 3
Material,Mat_ElectricBox_02 3_Snow
Material,Mat_ElectricBox_02Green
Material,Mat_ElectricBox_02_Dark
Material,Mat_ElectricBox_02_Dark 1
Material,Mat_ElectricBox_02_Yellow
Material,Mat_ElectricBox_03
Material,Mat_ElectricBox_03 1
Material,Mat_ElectricBox_03_1 Snow
Material,Mat_ElectricBox_03_Snow
Material,Mat_Emission
Material,Mat_ExplorBox
Material,Mat_FabricScroll_Black
Material,Mat_FabricScroll_Blue
Material,Mat_FabricScroll_GreenScreen
Material,Mat_FabricScroll_White
Material,Mat_Fabric_01_1
Material,Mat_Fabric_01_1 1
Material,Mat_Fabric_01_1 2
Material,Mat_Fabric_01_1 3
Material,Mat_Fabric_01_1 3_Snow
Material,Mat_Fabric_01_1 4
Material,Mat_Fabric_01_1 6
Material,Mat_Fabric_01_1_Snow
Material,Mat_Fabric_01_Red 1
Material,Mat_Fence01
Material,Mat_Fence01 1
Material,Mat_Fence01 2
Material,Mat_Fence01_2
Material,Mat_Fence01_2 1
Material,Mat_Fence01_3
Material,Mat_FileCabient
Material,Mat_FileCabient 1
Material,Mat_FileCabient 2
Material,Mat_FileCabient 3
Material,Mat_FileCabient_JLAB
Material,Mat_Forklift_01_01
Material,Mat_Forklift_01_01 1
Material,Mat_Forklift_01_01 2
Material,Mat_Forklift_01_01_Snow
Material,Mat_Forklift_01_02
Material,Mat_Forklift_01_03
Material,Mat_Forklift_01_03_Snow
Material,Mat_GPU
Material,Mat_GPU_Cable
Material,Mat_GPU_Cable 1
Material,Mat_GPU_LED
Material,Mat_Garden
Material,Mat_Gargabe_01
Material,Mat_Gargabe_01_Snow
Material,Mat_Gargabe_Gray
Material,Mat_GasPump_01_1
Material,Mat_GasPump_01_1 1
Material,Mat_GasPump_01_1_Snow
Material,Mat_GasPump_01_2
Material,Mat_GasPump_01_3
Material,Mat_GasPump_01_3_Snow
Material,Mat_GasPump_01_4
Material,Mat_GasPump_01_5
Material,Mat_GasPump_01_6
Material,Mat_GasPump_02_1
Material,Mat_GasPump_02_1_Snow
Material,Mat_GasPump_02_2
Material,Mat_GasPump_02_2_Snow
Material,Mat_GasTank_01
Material,Mat_GasTank_01_Snow
Material,Mat_Ghost
Material,Mat_GhostBell
Material,Mat_Grass_01
Material,Mat_GreenCoconut
Material,Mat_Ground_Blend_01
Material,Mat_Ground_Blend_02 1
Material,Mat_Gunship
Material,Mat_Gunship_Snow
Material,Mat_HamburgerSign
Material,Mat_Hammer
Material,Mat_Hangclothes
Material,Mat_Hangclothes_Heart7
Material,Mat_Haystack
Material,Mat_Haystack_Snow
Material,Mat_Head_Pumpkin
Material,Mat_Helmet_LV1
Material,Mat_Helmet_LV2
Material,Mat_Helmet_LV3
Material,Mat_Helmet_LV4
Material,Mat_Helmet_LV5
Material,Mat_Helmet_LV6
Material,Mat_Helmet_Pot
Material,Mat_HotelWindows_01_2_Wood
Material,Mat_House02_Wood01
Material,Mat_House02_Wood01 1
Material,Mat_House02_Wood01_2
Material,Mat_House02_Wood01_2 1
Material,Mat_House02_Wood01_2_snow
Material,Mat_House02_Wood02
Material,Mat_House02_Wood02 1
Material,Mat_House02_Wood02 1_snow
Material,Mat_House02_Wood02 2
Material,Mat_House02_Wood02 3
Material,Mat_House02_Wood02 3_Snow
Material,Mat_House02_Wood02 4
Material,Mat_HouseAirConditioning
Material,Mat_HouseAirConditioning_Snow
Material,Mat_HouseDecoration
Material,Mat_Ice
Material,Mat_Ice 1
Material,Mat_Ice_Blend
Material,Mat_Indoors_Bedroom_01
Material,Mat_Indoors_Bedroom_01 1
Material,Mat_Indoors_Bedroom_01 2
Material,Mat_Indoors_Bedroom_01 3
Material,Mat_Indoors_Bedroom_01 4
Material,Mat_Indoors_Bedroom_01 5
Material,Mat_Indoors_Bedroom_01_Snow
Material,Mat_Indoors_Books_01
Material,Mat_Indoors_Books_01 1
Material,Mat_Indoors_Books_01_2
Material,Mat_Indoors_Books_01_2 1
Material,Mat_Indoors_Books_01_3
Material,Mat_Indoors_Books_01_3 1
Material,Mat_Indoors_Study_01_1
Material,Mat_Indoors_Study_01_1_DarkWood
Material,Mat_Indoors_Study_01_1_Snow
Material,Mat_Indoors_Study_01_2
Material,Mat_Indoors_Study_01_2_JLAB
Material,Mat_Indoors_Study_01_2_JLAB 1
Material,Mat_Indoors_Study_01_2_Yellow
Material,Mat_Indoors_Study_01_2_Yellow 1
Material,Mat_Indoors_Table_02
Material,Mat_Indoors_Table_02_Snow
Material,Mat_Indoors_WC_01
Material,Mat_Indoors_WC_02
Material,Mat_Indoors_WC_02 1
Material,Mat_Indoors_WC_02 2
Material,Mat_Indoors_WC_02 3
Material,Mat_Indoors_WC_02 Gary
Material,Mat_Indoors_WC_02 Opacity 1
Material,Mat_Indoors_WC_02 White
Material,Mat_Indoors_WC_02_Red
Material,Mat_Indoors_WC_02_Red 1
Material,Mat_Indoors_Wardrobe_01
Material,Mat_Indoors_Wardrobe_01_Snow
Material,Mat_Indoors_Wardrobe_NoWood
Material,Mat_Island_Motobike
Material,Mat_Island_Rock_L01
Material,Mat_Island_Rock_L01 1
Material,Mat_JLAB_Wall_04
Material,Mat_JoshuaTree
Material,Mat_Locker_01_01
Material,Mat_Locker_01_03 1
Material,Mat_Locker_01_04
Material,Mat_Locker_01_04 noMetal
Material,Mat_Locker_SaleMachine
Material,Mat_Locker_SaleMachine 1
Material,Mat_Locker_SaleMachine 2
Material,Mat_Lockers
Material,Mat_Lockers_Screen
Material,Mat_Lockers_ScreenFlipbook
Material,Mat_Lootbox_01
Material,Mat_Lootbox_01_Snow
Material,Mat_Lootbox_02
Material,Mat_Lootbox_02 Normal
Material,Mat_Lootbox_03
Material,Mat_Lumberlog
Material,Mat_Lumberlog 1
Material,Mat_Lumberlog_Snow
Material,Mat_Medicalbox
Material,Mat_MetalBoard_01_1
Material,Mat_MetalBoard_01_1 1
Material,Mat_MetalBoard_01_1 _Ground
Material,Mat_MetalBoard_01_1_Snow
Material,Mat_MetalBoard_01_2
Material,Mat_MetalBoard_01_2 1
Material,Mat_MetalBoard_01_3
Material,Mat_MetalBoard_01_3_Snow
Material,Mat_MetalBoard_01_4
Material,Mat_MetalBoard_01_4_Snow
Material,Mat_MetalBoard_01_5
Material,Mat_MetalBoard_01_5_Snow
Material,Mat_MetalBoard_01_6
Material,Mat_MetalBoard_01_7
Material,Mat_MetalBoard_01_8
Material,Mat_MetalBoard_Rust_01
Material,Mat_Microtower
Material,Mat_Microtower 1
Material,Mat_MilitaryTruck_01
Material,Mat_MilitaryTruck_01_Snow
Material,Mat_Moonshine
Material,Mat_MotelSign_01
Material,Mat_MotelSign_02
Material,Mat_Network_01_1
Material,Mat_Network_01_2
Material,Mat_NightVision_LV3
Material,Mat_PaperBox_01_01
Material,Mat_PaperBox_01_01_Blue
Material,Mat_PaperBox_01_01_Dark
Material,Mat_PaperBox_01_01_Snow
Material,Mat_PaperBox_01_02
Material,Mat_PaperBox_01_02 1
Material,Mat_PaperBox_01_02 2
Material,Mat_PaperBox_01_02 3
Material,Mat_PaperBox_01_02 4
Material,Mat_PaperBox_02
Material,Mat_PaperBox_02 1
Material,Mat_PaperBox_02 White
Material,Mat_PaperBox_02 yellowWhite
Material,Mat_PaperBox_02_Dark
Material,Mat_PaperBox_02_Snow
Material,Mat_PaperBox_White
Material,Mat_PaperBox_Yellow
Material,Mat_Parasol_01 2
Material,Mat_Parasol_01 3
Material,Mat_Parasol_01 4
Material,Mat_Parasol_01 5
Material,Mat_Parasol_01 6
Material,Mat_Parasol_01_Snow
Material,Mat_Parasol_03
Material,Mat_Parasol_03_Snow
Material,Mat_Pipe_01
Material,Mat_Pipe_01 1
Material,Mat_Pipe_01 2
Material,Mat_Pipe_01 3
Material,Mat_Pipe_01 4
Material,Mat_Pipe_01 5
Material,Mat_Pipe_02 1
Material,Mat_PlasticPallet_01
Material,Mat_PlasticPallet_01_2
Material,Mat_PlasticPallet_01_2 1
Material,Mat_PlasticPallet_01_Blue
Material,Mat_PlasticPallet_01_Darker
Material,Mat_PlasticPallet_01_Gray
Material,Mat_PlasticPallet_01_Green
Material,Mat_PlasticPallet_01_Green 1
Material,Mat_PlasticPallet_01_Green 2
Material,Mat_PlasticPallet_01_Snow
Material,Mat_PoliceStick
Material,Mat_PortaPotty
Material,Mat_PortaPotty 1
Material,Mat_PortaPotty 2
Material,Mat_PortaPotty_Snow
Material,Mat_Potato
Material,Mat_Prison_Cage
Material,Mat_Prison_Cage_2
Material,Mat_Radar_1
Material,Mat_Radar_1_Miliatry_Snow
Material,Mat_Radar_2
Material,Mat_Radar_2_Rust_Snow
Material,Mat_Radar_2_Snow
Material,Mat_Radar_3
Material,Mat_Radar_3_Snow
Material,Mat_RestShed_01
Material,Mat_RestShed_01 1
Material,Mat_Roadblock
Material,Mat_Roadblocks01
Material,Mat_Roadblocks01_Snow
Material,Mat_Roadblocks01_Snow 1
Material,Mat_Roadblocks_Black
Material,Mat_RockWall_2 1
Material,Mat_RockWall_3 1
Material,Mat_Rock_01
Material,Mat_Rock_01_2
Material,Mat_Rock_01_2 1
Material,Mat_Rock_01_2_Snow
Material,Mat_Rock_02
Material,Mat_Rock_02 1
Material,Mat_Rock_02_2
Material,Mat_Rock_02_2_Snow
Material,Mat_Rock_03
Material,Mat_Rock_03 1
Material,Mat_Rock_03_2
Material,Mat_Rock_03_Blend
Material,Mat_Rock_03_Ice
Material,Mat_Rock_03_Season
Material,Mat_Rock_03_Snow
Material,Mat_Rock_Sand
Material,Mat_Rope_Temp
Material,Mat_Rope_Temp_2
Material,Mat_Safe_02
Material,Mat_Safe_Gold
Material,Mat_Sandbasket
Material,Mat_Sandbasket_Snow
Material,Mat_Sawmachine
Material,Mat_Sawmachine_Snow
Material,Mat_Shelf_01_03
Material,Mat_Shelf_01_B
Material,Mat_Shelf_01_B_Snow
Material,Mat_Shelf_01_Green
Material,Mat_Shelf_01_Green 1
Material,Mat_Shelf_01_R1
Material,Mat_Shelf_01_Y1
Material,Mat_Shell
Material,Mat_Shop_Counter_01_1
Material,Mat_Shop_Counter_01_1 1
Material,Mat_Shop_Counter_01_2
Material,Mat_Shop_Counter_01_2 2
Material,Mat_Shop_Counter_01_2 3
Material,Mat_Shop_Counter_01_3
Material,Mat_Shop_Counter_01_3 1
Material,Mat_Shop_Counter_01_4
Material,Mat_Shop_Counter_01_JLAB
Material,Mat_Shop_Counter_01_JLAB_Grey
Material,Mat_Shop_Counter_01_JLAB_Yellow 1
Material,Mat_Shop_Counter_02_2 1
Material,Mat_Shop_Counter_02_2 2
Material,Mat_Shop_Counter_02_2 3
Material,Mat_Shop_Counter_02_2 5
Material,Mat_Shop_Counter_02_3
Material,Mat_Shop_Counter_03_1
Material,Mat_Shop_Counter_03_1 1
Material,Mat_Shop_Counter_03_1 2
Material,Mat_Shop_Counter_03_1 3
Material,Mat_Shop_Counter_03_2
Material,Mat_Shop_Counter_03_2 1
Material,Mat_Shop_Counter_03_3
Material,Mat_Shop_Counter_03_3 1
Material,Mat_Shop_Shelf_01_1
Material,Mat_Shop_Shelf_01_2
Material,Mat_Shop_Shelf_01_2 1
Material,Mat_Shop_Shelf_01_2 2
Material,Mat_Shop_Shelf_01_2 3
Material,Mat_Shop_Shelf_01_3
Material,Mat_Shop_Shelf_01_Grey
Material,Mat_Shop_Shelf_01_White
Material,Mat_Shopping
Material,Mat_Shopping 3
Material,Mat_Shopping 4
Material,Mat_Sign_01
Material,Mat_SnowCar_01_B
Material,Mat_SnowCar_01_B_Snow
Material,Mat_SnowCar_01_R
Material,Mat_SnowCar_01_R_Snow
Material,Mat_SnowCar_01_Y
Material,Mat_SnowCar_01_Y_Snow
Material,Mat_SnowPile
Material,Mat_SnowPile 1
Material,Mat_Snowmoto_Blue_Snow
Material,Mat_Snowrock_01_Dark
Material,Mat_Snowrock_01_Dark_Snow
Material,Mat_Snowrock_01_Desert
Material,Mat_Snowrock_01_Snow
Material,Mat_Snowrock_02_Dark
Material,Mat_Snowrock_02_Dark_Snow
Material,Mat_Snowrock_02_Desert
Material,Mat_Snowrock_02_Desert 1
Material,Mat_Snowrock_02_Grass 1
Material,Mat_Snowrock_02_Snow
Material,Mat_Snowrock_03_Dark
Material,Mat_Snowrock_03_Dark_Snow
Material,Mat_Snowrock_03_Snow
Material,Mat_Snowrock_04_Dark
Material,Mat_Snowrock_04_Dark_Snow
Material,Mat_Snowrock_04_Snow
Material,Mat_SolarEnergyBoard
Material,Mat_SolarEnergyBoard_Snow
Material,Mat_Spline_Track
Material,Mat_Stairs
Material,Mat_Stairs 1
Material,Mat_Stairs 1_Dark
Material,Mat_Stairs 1_Red
Material,Mat_Stairs 1_Red 1
Material,Mat_Stairs_Snow
Material,Mat_Stairs_Soda
Material,Mat_Stairs_SodaDarker
Material,Mat_SteelFrame_01
Material,Mat_SteelFrame_01 1
Material,Mat_SteelFrame_01 10
Material,Mat_SteelFrame_01 11
Material,Mat_SteelFrame_01 11_Snow
Material,Mat_SteelFrame_01 12
Material,Mat_SteelFrame_01 13
Material,Mat_SteelFrame_01 15
Material,Mat_SteelFrame_01 5
Material,Mat_SteelFrame_01 6
Material,Mat_SteelFrame_01 7
Material,Mat_SteelFrame_01 8
Material,Mat_SteelFrame_01 9
Material,Mat_SteelFrame_01_Snow
Material,Mat_StoneDoor
Material,Mat_Stone_01
Material,Mat_Stone_01 1
Material,Mat_Stone_01 3
Material,Mat_Stone_01 4
Material,Mat_Stone_01_2
Material,Mat_Stone_01_Coal
Material,Mat_Stone_01_FireStone
Material,Mat_Stone_01_Tomb
Material,Mat_StreetAssets01_1
Material,Mat_StreetAssets01_1_Military
Material,Mat_StreetAssets01_1_Snow
Material,Mat_StreetAssets01_2
Material,Mat_StreetAssets01_2_Snow
Material,Mat_StreetAssets01_3
Material,Mat_StreetAssets01_3 1
Material,Mat_StreetAssets01_3_Snow
Material,Mat_StreetAssets01_4
Material,Mat_StreetAssets01_4_Snow
Material,Mat_StreetAssets01_Explosive
Material,Mat_StreetAssets01_Explosive_Burn
Material,Mat_Suitcase
Material,Mat_Suitcase_2
Material,Mat_SwimRing
Material,Mat_SwimRing 1
Material,Mat_SwimRing 2
Material,Mat_TS_Metall
Material,Mat_TS_Metall 1
Material,Mat_TS_Metall 1_Snow
Material,Mat_TS_Metall 2
Material,Mat_TS_Metall 4
Material,Mat_TS_Wood_01
Material,Mat_TS_Wood_01 1
Material,Mat_TS_Wood_01 2
Material,Mat_TS_Wood_01_2
Material,Mat_TS_Wood_01_2 1
Material,Mat_TS_Wood_01_2 2
Material,Mat_T_Boss_Horsemen_B
Material,Mat_T_Boss_Horsemen_B 1
Material,Mat_T_Boss_Horsemen_G
Material,Mat_T_Boss_Horsemen_R
Material,Mat_T_Boss_Horsemen_T
Material,Mat_T_Boss_Horsemen_T 1
Material,Mat_TableChairs
Material,Mat_TableChairs 2
Material,Mat_TableChairs 3
Material,Mat_TableChairs g
Material,Mat_TableChairs_Snow
Material,Mat_Table_01
Material,Mat_Table_01 1
Material,Mat_Table_01 2
Material,Mat_Table_01 3
Material,Mat_Table_01_JLAB
Material,Mat_Table_01_White
Material,Mat_Table_01_White 1
Material,Mat_Table_02Green
Material,Mat_Table_02White
Material,Mat_Table_02Wood
Material,Mat_Table_02Yellow
Material,Mat_Table_02Yellow 2
Material,Mat_Table_02_Black
Material,Mat_Table_02_Blue
Material,Mat_Table_02_White_JLAB
Material,Mat_Table_02_White_JLAB 1
Material,Mat_Table_02_Wood
Material,Mat_Table_03_Blue
Material,Mat_Table_03_Grey
Material,Mat_Table_03_White
Material,Mat_Table_03_Wood
Material,Mat_Table_03_Yellow
Material,Mat_Tank_2_Desert
Material,Mat_Tank_2_Snow
Material,Mat_Tank_3
Material,Mat_TechnicalSuppliesBox
Material,Mat_TechnicalSuppliesBox 1
Material,Mat_TechnicalSuppliesBox 2
Material,Mat_ThermalGoggles_LV3
Material,Mat_ThermometerBox_Snow 1
Material,Mat_Tile_AsphaltRoad_01
Material,Mat_Tile_AsphaltRoad_01 1
Material,Mat_Tile_AsphaltRoad_01 2
Material,Mat_Tile_AsphaltRoad_01 3
Material,Mat_Tile_AsphaltRoad_01 4
Material,Mat_Tile_AsphaltRoad_01_Snow
Material,Mat_Tile_AsphaltRoad_03 1
Material,Mat_Tile_AsphaltRoad_03 2
Material,Mat_Tile_AsphaltRoad_03 3
Material,Mat_Tile_AsphaltRoad_03 4
Material,Mat_Tile_AsphaltRoad_03 5
Material,Mat_Tile_AsphaltRoad_03 7
Material,Mat_Tile_Beach_01_Wallpaper
Material,Mat_Tile_Board
Material,Mat_Tile_BrickWall01
Material,Mat_Tile_BrickWall01 1
Material,Mat_Tile_BrickWall01 10
Material,Mat_Tile_BrickWall01 12
Material,Mat_Tile_BrickWall01 2
Material,Mat_Tile_BrickWall01 3
Material,Mat_Tile_BrickWall01 4
Material,Mat_Tile_BrickWall01 4_Snow
Material,Mat_Tile_BrickWall01 5
Material,Mat_Tile_BrickWall01 7
Material,Mat_Tile_BrickWall01 8
Material,Mat_Tile_BrickWall01_2
Material,Mat_Tile_BrickWall01_2 1
Material,Mat_Tile_BrickWall01_3
Material,Mat_Tile_BrickWall01_Snow
Material,Mat_Tile_BrickWall02
Material,Mat_Tile_BrickWall02 1
Material,Mat_Tile_BrickWall02 2
Material,Mat_Tile_BrickWall02 3
Material,Mat_Tile_BrickWall02 4
Material,Mat_Tile_BrickWall02_1
Material,Mat_Tile_BrickWall02_1 1
Material,Mat_Tile_BrickWall02_1 2
Material,Mat_Tile_BrickWall02_1_Dark
Material,Mat_Tile_BrickWall02_1_Dark_Snow
Material,Mat_Tile_BrickWall03
Material,Mat_Tile_Cement_01
Material,Mat_Tile_Cement_01 1
Material,Mat_Tile_Cement_01_Dark
Material,Mat_Tile_Cement_01_Snow
Material,Mat_Tile_Ceramic_02
Material,Mat_Tile_Ceramic_02 1
Material,Mat_Tile_Ceramic_02 10
Material,Mat_Tile_Ceramic_02 1_Snow
Material,Mat_Tile_Ceramic_02 2
Material,Mat_Tile_Ceramic_02 3
Material,Mat_Tile_Ceramic_02 4
Material,Mat_Tile_Ceramic_02 5
Material,Mat_Tile_Ceramic_02 6
Material,Mat_Tile_Ceramic_02 7
Material,Mat_Tile_Ceramic_02 8
Material,Mat_Tile_Ceramic_02 9
Material,Mat_Tile_ClassroomFloor
Material,Mat_Tile_ClassroomFloor 1
Material,Mat_Tile_ClassroomFloor 2
Material,Mat_Tile_ClassroomFloor 3
Material,Mat_Tile_ClassroomFloor 4
Material,Mat_Tile_ClassroomFloor 5
Material,Mat_Tile_Color_01
Material,Mat_Tile_Color_01 1
Material,Mat_Tile_Color_01 3
Material,Mat_Tile_Color_01 5
Material,Mat_Tile_Color_01 6
Material,Mat_Tile_Color_01 7
Material,Mat_Tile_Color_01 8
Material,Mat_Tile_Color_01 9
Material,Mat_Tile_Color_02
Material,Mat_Tile_Color_02_Snow
Material,Mat_Tile_Color_03
Material,Mat_Tile_Color_03 1
Material,Mat_Tile_Color_03 2
Material,Mat_Tile_Color_03 3
Material,Mat_Tile_Color_03 4
Material,Mat_Tile_Color_04
Material,Mat_Tile_Color_04 1
Material,Mat_Tile_Color_04 2
Material,Mat_Tile_Color_04 3
Material,Mat_Tile_Color_04 4
Material,Mat_Tile_Color_04 5
Material,Mat_Tile_Color_05
Material,Mat_Tile_Color_06
Material,Mat_Tile_Color_07
Material,Mat_Tile_Color_07 1
Material,Mat_Tile_Color_07 1_Snow
Material,Mat_Tile_Color_07 2
Material,Mat_Tile_Color_07 3
Material,Mat_Tile_Color_08
Material,Mat_Tile_Color_08 1
Material,Mat_Tile_Color_08 2
Material,Mat_Tile_Color_08 3
Material,Mat_Tile_Color_JLAB_LOGO
Material,Mat_Tile_Color_Metallic08
Material,Mat_Tile_Desert_01
Material,Mat_Tile_DoubleColorWall
Material,Mat_Tile_DoubleColorWall 1
Material,Mat_Tile_DoubleColorWall 10
Material,Mat_Tile_DoubleColorWall 13
Material,Mat_Tile_DoubleColorWall 15
Material,Mat_Tile_DoubleColorWall 16
Material,Mat_Tile_DoubleColorWall 18
Material,Mat_Tile_DoubleColorWall 2
Material,Mat_Tile_DoubleColorWall 3
Material,Mat_Tile_DoubleColorWall 4
Material,Mat_Tile_DoubleColorWall 5
Material,Mat_Tile_DoubleColorWall 6
Material,Mat_Tile_DoubleColorWall 7
Material,Mat_Tile_DoubleColorWall 8
Material,Mat_Tile_DoubleColorWall 9
Material,Mat_Tile_DoubleColorWall_Blue
Material,Mat_Tile_DoubleColorWall_Nursinghouse
Material,Mat_Tile_DrainageGrid
Material,Mat_Tile_DryMud_01
Material,Mat_Tile_DryMud_01 1
Material,Mat_Tile_FloorBrickTile_01
Material,Mat_Tile_FloorBrickTile_01_Snow
Material,Mat_Tile_FloorBrickTile_02
Material,Mat_Tile_FloorBrickTile_02 1
Material,Mat_Tile_FloorBrickTile_02_3
Material,Mat_Tile_FloorBrickTile_02_3 1
Material,Mat_Tile_FloorBrickTile_02_3 2
Material,Mat_Tile_FloorBrickTile_02_3 3
Material,Mat_Tile_FloorBrickTile_03
Material,Mat_Tile_FloorBrickTile_04
Material,Mat_Tile_FloorCement01
Material,Mat_Tile_FloorCement01 1
Material,Mat_Tile_FloorCement01 2
Material,Mat_Tile_FloorCement01_Dark
Material,Mat_Tile_FloorCement02
Material,Mat_Tile_FloorCement02 1
Material,Mat_Tile_FloorCement02 2
Material,Mat_Tile_FloorCement02 3
Material,Mat_Tile_FloorCement02 4
Material,Mat_Tile_FloorCement02 5
Material,Mat_Tile_FloorCement02 6
Material,Mat_Tile_FloorCement03
Material,Mat_Tile_FloorWoodBlank01
Material,Mat_Tile_FloorWoodBlank01 1
Material,Mat_Tile_FloorWoodBlank02_1
Material,Mat_Tile_FloorWoodBlank02_1_Snow
Material,Mat_Tile_FloorWoodBlank02_2
Material,Mat_Tile_FloorWoodBlank02_3
Material,Mat_Tile_FloorWoodBlank02_3_Snow
Material,Mat_Tile_FloorWoodBlank03
Material,Mat_Tile_FloorWoodBlank03 1
Material,Mat_Tile_FloorWoodBlank03 2
Material,Mat_Tile_FloorWoodBlank03 3
Material,Mat_Tile_FloorWoodBlank03_2
Material,Mat_Tile_FloorWoodBlank03_2 1
Material,Mat_Tile_FloorWoodBlank03_2_Snow
Material,Mat_Tile_FloorWoodBlank03_Snow
Material,Mat_Tile_FloorWoodBlank04
Material,Mat_Tile_FloorWoodBlank04_Snow
Material,Mat_Tile_FloorWoodBlank06
Material,Mat_Tile_FloorWoodBlank06 2
Material,Mat_Tile_FloorWoodBlank06 3
Material,Mat_Tile_FloorWoodBlank_Carpet_Temp
Material,Mat_Tile_FloorWoodBlank_Carpet_Temp 1
Material,Mat_Tile_FloorWoodBlank_Carpet_Temp 3
Material,Mat_Tile_FloorWoodBlank_Carpet_Temp 4
Material,Mat_Tile_Glass
Material,Mat_Tile_Grass_01
Material,Mat_Tile_JlabBuildingColor
Material,Mat_Tile_JlabBuildingColor2
Material,Mat_Tile_LabWall_02
Material,Mat_Tile_LabWall_02 1
Material,Mat_Tile_LabWall_02 1_Snow
Material,Mat_Tile_LabWall_02 2
Material,Mat_Tile_LabWall_02 3
Material,Mat_Tile_Labroof_01
Material,Mat_Tile_Labroof_01 1
Material,Mat_Tile_MetalWall01
Material,Mat_Tile_MetalWall01_2
Material,Mat_Tile_MetalWall01_2 1
Material,Mat_Tile_MetalWall01_2 2
Material,Mat_Tile_MetalWall01_Dark
Material,Mat_Tile_MetalWall01_Snow
Material,Mat_Tile_MetalWall02
Material,Mat_Tile_MetalWall02_2
Material,Mat_Tile_MetalWall02_2_Snow
Material,Mat_Tile_MetalWall02_Blue
Material,Mat_Tile_MetalWall02_Green
Material,Mat_Tile_MetalWall02_Green_Snow
Material,Mat_Tile_MetalWall02_Snow
Material,Mat_Tile_MetalWall02_Snow 1
Material,Mat_Tile_Metal_01
Material,Mat_Tile_Metal_01 12
Material,Mat_Tile_Metal_01 15
Material,Mat_Tile_Metal_01 16
Material,Mat_Tile_Metal_01 17
Material,Mat_Tile_Metal_01 3
Material,Mat_Tile_Metal_01 4
Material,Mat_Tile_Metal_01 5
Material,Mat_Tile_Metal_01 6
Material,Mat_Tile_Metal_01 7
Material,Mat_Tile_Road 2
Material,Mat_Tile_Road 2_Snow
Material,Mat_Tile_Road 3
Material,Mat_Tile_Roof02
Material,Mat_Tile_Roof02_2
Material,Mat_Tile_Roof02_2_Snow
Material,Mat_Tile_Roof02_3
Material,Mat_Tile_Roof02_3_Snow
Material,Mat_Tile_Roof02_4
Material,Mat_Tile_Roof02_4_Snow
Material,Mat_Tile_Roof03
Material,Mat_Tile_Roof03_1_1
Material,Mat_Tile_Roof03_1_1_Snow
Material,Mat_Tile_Roof03_1_2
Material,Mat_Tile_Roof03_1_2_Snow
Material,Mat_Tile_Roof03_1_3
Material,Mat_Tile_Roof03_2
Material,Mat_Tile_Roof03_2_2
Material,Mat_Tile_Roof03_2_2_Snow
Material,Mat_Tile_Roof03_2_2_Snow 1
Material,Mat_Tile_Roof03_3
Material,Mat_Tile_Roof03_3 1
Material,Mat_Tile_Roof03_3 11
Material,Mat_Tile_Roof03_3 12
Material,Mat_Tile_Roof03_3 13
Material,Mat_Tile_Roof03_3 14
Material,Mat_Tile_Roof03_3 1_Snow
Material,Mat_Tile_Roof03_3 2
Material,Mat_Tile_Roof03_3 2_Snow
Material,Mat_Tile_Roof03_3 3
Material,Mat_Tile_Roof03_3 3_Snow
Material,Mat_Tile_Roof03_3 4
Material,Mat_Tile_Roof03_3 5
Material,Mat_Tile_Roof03_3 6
Material,Mat_Tile_Roof03_3 7
Material,Mat_Tile_Roof03_3 8
Material,Mat_Tile_Roof03_3 8_Snow
Material,Mat_Tile_Roof03_3 9
Material,Mat_Tile_Roof03_3 9_Snow
Material,Mat_Tile_Roof03_4
Material,Mat_Tile_Roof03_4 2
Material,Mat_Tile_Roof03_4_Snow
Material,Mat_Tile_Roof03_Military
Material,Mat_Tile_Roof03_Military_Snow
Material,Mat_Tile_Roof03_Snow
Material,Mat_Tile_Roof_05
Material,Mat_Tile_Roof_05_4_Snow
Material,Mat_Tile_Roof_05_Snow
Material,Mat_Tile_Roof_06
Material,Mat_Tile_Roof_06_Snow
Material,Mat_Tile_Roof_07
Material,Mat_Tile_Rooffloor
Material,Mat_Tile_Sidewalk_01 1
Material,Mat_Tile_StoneWall_01
Material,Mat_Tile_StoneWall_01 1
Material,Mat_Tile_StoneWall_01 1_Snow
Material,Mat_Tile_StoneWall_01 1_Snow 1
Material,Mat_Tile_StoneWall_01 2
Material,Mat_Tile_StoneWall_01 2_Snow
Material,Mat_Tile_StoneWall_01 4
Material,Mat_Tile_StoneWall_01 5_Dark
Material,Mat_Tile_Stones_01
Material,Mat_Tile_WallBlank_01
Material,Mat_Tile_WallWoodBlank01
Material,Mat_Tile_WallWoodBlank01_2
Material,Mat_Tile_WallWoodBlank01_2 1
Material,Mat_Tile_WallWoodBlank01_2 2
Material,Mat_Tile_WallWoodBlank01_2 2_Snow
Material,Mat_Tile_WallWoodBlank01_3
Material,Mat_Tile_WallWoodBlank01_3 1
Material,Mat_Tile_WallWoodBlank01_4
Material,Mat_Tile_WallWoodBlank01_4 1
Material,Mat_Tile_WallWoodBlank_Carpet_Temp
Material,Mat_Tile_WallWoodBlank_Carpet_Temp 2
Material,Mat_Tile_Wall_01
Material,Mat_Tile_Wall_02
Material,Mat_Tile_Wall_02 1
Material,Mat_Tile_Wall_02 2
Material,Mat_Tile_Wall_03
Material,Mat_Tile_Wall_03 1
Material,Mat_Tile_Wall_03_Island_Wallpaper
Material,Mat_Tile_Wall_04
Material,Mat_Tile_Wall_04 1
Material,Mat_Tile_Wall_04 2
Material,Mat_Tile_Wall_04 3
Material,Mat_Tile_Wall_04 4
Material,Mat_Tile_Wall_04 5
Material,Mat_Tile_Wall_05
Material,Mat_Tile_Wall_06
Material,Mat_Tile_Wall_06 1
Material,Mat_Tile_Wall_06 2
Material,Mat_Tile_Woodwall_01
Material,Mat_Tile_Woodwall_02
Material,Mat_Tile_Woodwall_02 2
Material,Mat_Toolbox
Material,Mat_TrailerHouse3_1
Material,Mat_TrailerHouse3_2
Material,Mat_TrailerHouse3_3
Material,Mat_TrailerHouse_Shed_1
Material,Mat_TrailerHouse_Shed_2
Material,Mat_TrailerHouse_Shed_3
Material,Mat_Transparent
Material,Mat_Transparent_2
Material,Mat_Transparent_2 1
Material,Mat_Transparent_2 2
Material,Mat_Transparent_2 3
Material,Mat_Transparent_2 4
Material,Mat_Transparent_Roughness
Material,Mat_Tree_01_1
Material,Mat_Tree_01_2
Material,Mat_Tree_01_2_Storm
Material,Mat_Tree_01_3
Material,Mat_Tree_01_Snow
Material,Mat_Tree_01_Snow_2
Material,Mat_Tree_01_Snow_2 1
Material,Mat_Truck_01
Material,Mat_Truck_01 1
Material,Mat_Truck_01 2
Material,Mat_Truck_01 3
Material,Mat_Truck_01 4
Material,Mat_Truck_01 5
Material,Mat_Truck_02_01
Material,Mat_Truck_02_01_Green
Material,Mat_Truck_02_01_Snow
Material,Mat_Truck_02_02
Material,Mat_Truck_02_03
Material,Mat_Ventilation_Darker
Material,Mat_Ventilation_Soda
Material,Mat_Ventilation_Soda 1
Material,Mat_Ventilation_Soda_Snow
Material,Mat_Wall_01
Material,Mat_Wall_01_Snow
Material,Mat_WaterTankButt_01_B
Material,Mat_WaterTankButt_01_B_Snow
Material,Mat_WaterTankButt_01_D
Material,Mat_WaterTankButt_01_D_Snow
Material,Mat_WaterTankButt_01_G
Material,Mat_WaterTankButt_01_G 1
Material,Mat_WaterTankButt_01_Military
Material,Mat_WaterTankButt_01_Military_Snow
Material,Mat_WaterTankButt_01_P
Material,Mat_WaterTankButt_01_R 1
Material,Mat_WaterTankButt_01_R1
Material,Mat_WaterTankButt_01_R1_Snow
Material,Mat_WaterTankButt_01_R2_Snow
Material,Mat_WaterTankButt_01_Rust_Snow
Material,Mat_WaterTankButt_01_W
Material,Mat_WaterTankButt_01_Y
Material,Mat_WaterTankButt_01_Y_Snow
Material,Mat_WaterTank_01_B
Material,Mat_WaterTank_01_B1
Material,Mat_WaterTank_01_B1_Snow
Material,Mat_WaterTank_01_B2
Material,Mat_WaterTank_01_B2_Snow
Material,Mat_WaterTank_01_D
Material,Mat_WaterTank_01_G
Material,Mat_WaterTank_01_R
Material,Mat_WaterTank_01_R_Snow
Material,Mat_WaterTank_01_Y
Material,Mat_WaterTank_01_Y_Snow
Material,Mat_WaterTank_02_Blue
Material,Mat_WaterTank_02_Blue_Snow
Material,Mat_WaterTank_02_Green
Material,Mat_WaterTank_02_Grey
Material,Mat_WaterTank_02_Grey_Metallic
Material,Mat_WaterTank_02_Yellow
Material,Mat_WaterTank_03_B
Material,Mat_WaterTank_03_G
Material,Mat_WaterTank_03_G 1
Material,Mat_WaterTank_03_R
Material,Mat_WaterTank_03_Yellow
Material,Mat_Weapons_wood
Material,Mat_Weapons_wood Green
Material,Mat_Weapons_wood_Snow
Material,Mat_Weapons_wood_lowLevel
Material,Mat_Weapons_wood_lowLevel 1
Material,Mat_WheelLoader01
Material,Mat_WoodBoards_01
Material,Mat_WoodBoards_01 1
Material,Mat_WoodBoards_01 10
Material,Mat_WoodBoards_01 11
Material,Mat_WoodBoards_01 12
Material,Mat_WoodBoards_01 13
Material,Mat_WoodBoards_01 14
Material,Mat_WoodBoards_01 2
Material,Mat_WoodBoards_01 3
Material,Mat_WoodBoards_01 3_Snow
Material,Mat_WoodBoards_01 4
Material,Mat_WoodBoards_01 4_Snow
Material,Mat_WoodBoards_01 6
Material,Mat_WoodBoards_01 6_1
Material,Mat_WoodBoards_01 6_Snow
Material,Mat_WoodBoards_01 7
Material,Mat_WoodBoards_01 7_Snow
Material,Mat_WoodBoards_01 8
Material,Mat_WoodBoards_01 9
Material,Mat_WoodBoards_01 Brighter
Material,Mat_WoodBoards_01_2
Material,Mat_WoodBoards_01_2_Snow
Material,Mat_WoodBoards_01_Snow
Material,Mat_WoodBoards_02
Material,Mat_WoodBoards_Log
Material,Mat_WoodBoards_Log 1
Material,Mat_WoodBox_01_1
Material,Mat_WoodBox_01_1_Dark
Material,Mat_WoodBox_01_1_Snow
Material,Mat_WoodBox_01_2
Material,Mat_WoodBox_01_2_Snow
Material,Mat_WoodBox_01_3
Material,Mat_WoodBox_01_3 1
Material,Mat_WoodBox_01_Yellow
Material,Mat_WoodPallet_01_01
Material,Mat_WoodPallet_01_01_Snow
Material,Mat_WoodPallet_01_02
Material,Mat_WoodPallet_01_02 1
Material,MazoniGoldenDumbbell
Material,Metal
Material,MilitaryBattery
Material,MiniGun
Material,Mirror
Material,MisselSmoke
Material,Monitors
Material,Monster_Climb
Material,Mosaic
Material,MouthsDecal
Material,MoveRing
Material,Moving
Material,Mud_Base
Material,Mushroom
Material,MuzzleFlash
Material,MuzzleFlash_Ball
Material,MuzzleFlash_Ball_Red
Material,MuzzleFlash_Elec
Material,MuzzleFlash_Red
Material,MuzzleFlash_Storm
Material,MuzzleFlash_Tox
Material,MuzzleSmoke
Material,MuzzleSmoke_Ice
Material,MuzzleSmoke_Red
Material,MuzzleSmoke_Storm
Material,NeedWaterIndicatorMat
Material,Nes
Material,NesCard
Material,New Material
Material,New Material 1
Material,NewYearLat
Material,NoDraw
Material,Notes
Material,NotoSansSC-Medium Atlas Material
Material,OFZ
Material,OfficeAirConditioner01
Material,OfficeBox01A
Material,OfficeCabinet01A 1
Material,OfficeCabinet01A 2
Material,OfficeCabinet01B
Material,OfficeCeilingLight02On
Material,OfficeClothesHanger01
Material,OfficeDeskSet01
Material,OfficeDeskSet02
Material,OfficeFax01
Material,OfficeFlag01_2
Material,OfficeFloorLight01
Material,OfficeFloorLight01On
Material,OfficePartition01A
Material,OfficePartition01C
Material,OfficePhone01A
Material,OfficePhone01B
Material,OfficePrinter01
Material,OfficePrinter02
Material,OfficePrinter02 1
Material,OfficePrinter02 2
Material,OfficeProjectionScreen01
Material,OfficeProjector01A
Material,OfficeReception01
Material,OfficeServer01A
Material,OfficeServer01A 1
Material,OfficeServer01A 10
Material,OfficeServer01A 11
Material,OfficeServer01A 12
Material,OfficeServer01A 13
Material,OfficeServer01A 14
Material,OfficeServer01A 15
Material,OfficeServer01A 2
Material,OfficeServer01A 3
Material,OfficeServer01A 4
Material,OfficeServer01A 5
Material,OfficeServer01A 6
Material,OfficeServer01A 7
Material,OfficeServer01A 8
Material,OfficeServer01A 9
Material,OfficeServer01B
Material,OfficeTV01
Material,OfficeTV01 1
Material,OfficeTable01A 1
Material,OfficeTableLamp01
Material,OfficeTrashCan01
Material,OfficeTrashCan01 1
Material,OfficeTrashCan01 2
Material,OfficeTrashCan01 3
Material,OfficeTrashCan02
Material,OfficeWaitingBench01A
Material,OfficeWallClock01
Material,OfficeWaterDispenser01
Material,OfficeWhiteBoard01
Material,Ophthalmoscope
Material,OrangeGround
Material,Orbitron-Bold Atlas Material
Material,OutDoor
Material,OutDoor 1
Material,OutDoor 2
Material,OutDoor 3
Material,OutDoor_02
Material,OutDoor_New
Material,OutDoor_New 2
Material,OutDoor_NoColor
Material,OutDoor_Snow
Material,PFB_SpaceSuitIII
Material,PFB_SpaceSuitIII 1
Material,Paintwall
Material,Particle
Material,Particle UI
Material,Particle_Additive
Material,Particle_Blood
Material,ParticlesUnlit
Material,PeakedCap
Material,PerkTreeLineActive
Material,PerkTreeLineInactive
Material,PickupAgent
Material,PickupShadow
Material,Pink
Material,Pipe_Dark
Material,Pipe_ElecTube
Material,Pipe_Gray
Material,Pipe_Gray_Snow
Material,Pipe_Grey
Material,Pipe_Metal
Material,Pipe_Red
Material,Pipe_ToxTube
Material,Pipe_ToxTube 1
Material,Pipe_Yellow
Material,PlanetCracks
Material,PlatformHandles
Material,PlayingCard_Heart7
Material,Poison
Material,Poison 1
Material,PoisonBuffFx
Material,Pot_Shelf
Material,PressStart2P-Regular Atlas Material
Material,PressStart2P-Regular Atlas Material Shadow
Material,PrisonStream 1
Material,ProBuilderDefault
Material,PurpleGlow
Material,PurpleGlow 1
Material,QeustMarker
Material,QuestMarker
Material,QuestMarkerRing
Material,QuestMarkerShadow
Material,RAM
Material,RPG 2
Material,RPG e1
Material,RPG e2
Material,Radar
Material,Radar 1
Material,RainDrop
Material,RangeRing
Material,Red
Material,RedHand
Material,ResourceHanRoundedCN-Medium Atlas Material
Material,ResourceHanRoundedCN-Medium Atlas Material BlueGlow
Material,ResourceHanRoundedCN-Medium Atlas Material OUTLINE TITLE
Material,ResourceHanRoundedCN-Medium Atlas Material Shadow
Material,ResourceHanRoundedCN-Medium Atlas Material Shadow Light
Material,ResourceHanRoundedCN-Medium Atlas Material Shadow_Darker
Material,Restshed_04
Material,RoadBlockScifi
Material,Rock
Material,Rock 2
Material,Rockcheckpoint
Material,RollingStripes
Material,RollingStripesGO
Material,RollingStripesGreen
Material,RollingStripes_BubblePopper
Material,RollingStripes_InventoryLoading
Material,RollingStripes_InventoryTitleBar
Material,RollingStripes_InventoryWeightBar
Material,RollingStripes_Prepare
Material,RoofTop
Material,Rope
Material,RunDrop
Material,RunSmoke
Material,RussianBeard
Material,SGun
Material,SM_Ammunition
Material,SM_Ammunition_Elec
Material,SM_Ammunition_Fire
Material,SM_Ammunition_Ice
Material,SM_Ammunition_Poison
Material,SM_Ammunition_Space
Material,SM_Collector
Material,SRP Universal Terrain First Pass_Detail
Material,SSD
Material,Sample Translucent Image Material
Material,ScreenMaterial_Color
Material,ScreenMaterial_Monochrome
Material,Shell
Material,Shell_Burn
Material,Shi
Material,Ship_Glass
Material,ShitExplosionSmoke
Material,ShitGold
Material,ShitSmoke
Material,ShitSplash
Material,SideWall
Material,SkillMachine
Material,SkillRange
Material,Skin
Material,Skin 3
Material,Skin 4
Material,Skin 9
Material,SkinAlexRed
Material,SkinKilla
Material,SkinKilla_KV
Material,SkinTagilla
Material,SkinTagilla_KV
Material,SkinTagilla_PMCLeader
Material,SkinUnChangable
Material,Skin_Invisable
Material,Skin_StormCreature
Material,Skin_ZombieDestruction
Material,SkullMark
Material,Slash
Material,Slash 3 alpha
Material,SleepPod
Material,SleepPod 2
Material,SleepPodTemp
Material,SleepPodTemp 1
Material,SmokeTox
Material,SmokeToxTube
Material,SmokeTox_HiddenWarehouse
Material,SmokeTox_MF
Material,SmokeTrail
Material,Smoke_Zombie
Material,Sneaker
Material,Sneaker 1
Material,Sneaker_KillerAndTagilla
Material,SniperE
Material,SniperRound
Material,SniperRound_Follow
Material,SnowBall
Material,SnowBallDarker
Material,SnowBallEyes
Material,SnowExplosionSmoke
Material,SnowGlow
Material,SodaCeiling
Material,SodaCubbe
Material,SodaCubbe 1
Material,SodaDecalWater_V2
Material,SodaPointLight
Material,SodaShield
Material,SodaShield Break
Material,SodaShield2 1
Material,SodaShieldBoss
Material,SodaSofa 1
Material,SodaSofa 3
Material,SodaTerrain
Material,Soda_Accelerate
Material,Soda_Accelerate 1
Material,Soda_Accelerate 2
Material,Soda_Tripod
Material,SonicFist 2
Material,SoulCollect
Material,SoulCube
Material,SoulCubeTrail
Material,SoundUI
Material,SourceHanSansCN-Heavy Atlas Material
Material,SourceHanSansCN-Heavy Atlas Material Title
Material,SpaceShipVector
Material,Spark_Storm
Material,SpiderBodyBlue
Material,SpiderBodyMaterial
Material,SpiderBodyMaterial Darker
Material,SpiderCoreMaterialBlue
Material,SpiderEye
Material,SpiderGlitch
Material,SpiderGlitch_Blue
Material,SpiderGunTower
Material,SpiderGunTower Black
Material,SpiderGunTower Ice
Material,SpiderGunTower Red
Material,SpiderGunTower_Storm
Material,SpiderGunTower_Strong
Material,SpiderTrail
Material,SpotlightFadeUI
Material,Sprites-Default
Material,StandardVertexColorHDRP
Material,StandardVertexColorLWRP
Material,Star
Material,StarTrail
Material,Stars
Material,Steam_Decal
Material,Steam_Decal_China
Material,Stone_Column_RE
Material,Stone_Console
Material,Stone_Door
Material,Stone_Lion
Material,Stone_Tablet
Material,Stone_Tablet 1
Material,StoreOwner
Material,StoreOwner 1
Material,StormArmor
Material,StormArmor_Boss
Material,StormBlueGlow
Material,StormBlueGlow 1
Material,StormBlueGlow 2
Material,StormBossFx
Material,StormBossSmoke
Material,StormBuildingFade
Material,StormCreatureSmoke
Material,StormFade
Material,StormFireSmoke
Material,StormHelmat
Material,StormSmoke
Material,StormYellowGlow
Material,StormZoneDoor 1
Material,StormZoneDoor 3
Material,StormZoneDoor 4
Material,StormZoneDoor 5
Material,StormZoneDoorWall
Material,StormZone_FireSmoke
Material,StormZone_FireStream
Material,StormZone_ground 1
Material,Suit_FC
Material,SunFogEggPlanet
Material,SunFogLoadingScreen
Material,SunFogTD2023
Material,SwimWave
Material,Switcher
Material,TSH-4M-L
Material,TVHead
Material,T_Orb_II_Blue
Material,T_Orb_II_Red
Material,T_Street_01_C
Material,Tagilla
Material,TagillaArmor
Material,TagillaCap
Material,TagillaHammer
Material,TagillaMask
Material,Tagilla_Basaka
Material,Tail
Material,TargetRange
Material,TeamWendyEXFIL
Material,TecShotBlue
Material,TecShotRed
Material,Teleporter
Material,TeleporterHeart7
Material,Teleporter_MountainHole
Material,Teleporter_beacon
Material,TextMeshPro/Sprite
Material,Tgs_UrpDefault
Material,ThermalCharacter
Material,ThermalPass
Material,ThermalSmoke
Material,Tire1_3
Material,TitleSprite
Material,ToStormZoneTrail
Material,Toilet
Material,Toilet 1
Material,TombSpark
Material,TotemSmoke
Material,TotemSpark
Material,TotemTrails
Material,TouchFish
Material,ToxExplosionSmoke
Material,ToxGrenadeSmoke
Material,ToxSplash
Material,ToxUnderWater
Material,Trap
Material,Trigger
Material,TripWire
Material,TripWire 1
Material,TripodglassLight
Material,Tube
Material,TwinsBoss_Blue
Material,TwinsBoss_Red
Material,UIM_Files
Material,UIM_FilesMaze
Material,UnifontExMono Atlas Material
Material,UnlitVertexColor
Material,UreaBag
Material,UreaBag 1
Material,VLBDummyMaterialHD
Material,VLBDummyMaterialSD
Material,VertexPicker
Material,VertexPickerHDRP
Material,Virus
Material,WPN_AK74U_T
Material,WPN_Ash_12
Material,WPN_ButcherKnife
Material,WPN_Carrot
Material,WPN_Corn
Material,WPN_Fireworks
Material,WPN_IceSword_2
Material,WPN_MPX
Material,WPN_Minotaur
Material,WPN_SaltedFish
Material,WPN_Scallion
Material,WPN_SnowBall
Material,WW_Lynae
Material,WW_LynaeFX
Material,WW_LynaeFX 1
Material,Wall_02
Material,Wall_Ornament
Material,Wall_Ornament 1
Material,Wall_Ornament 2
Material,WarmKeeper_AsEngine
Material,WarmKeeper_Blue
Material,WarmKeeper_Blue 1
Material,WarmKeeper_Purple
Material,WarmKeeper_Red
Material,WarmKeeper_Red 1
Material,WarmKeeper_Red 2
Material,WarmKeeper_White
Material,WarmKeeper_White 1
Material,Water
Material,Water 1
Material,Water 3
Material,Water 4
Material,Water Base
Material,Water Greenwater
Material,Water SmallDepth
Material,Water SmallDepth 1
Material,Water SmallDepth_2
Material,Water UnderBase 1
Material,WaterBall
Material,WaterFXMat
Material,WaterInCave
Material,WaterMaze
Material,WaterNoEdge
Material,WaterSplash
Material,WaterWave
Material,Water_Bucket
Material,Water_Dark
Material,Water_Map
Material,Water_Map_Summer
Material,White
Material,White 2
Material,WhiteGown
Material,WhiteHorseGlow
Material,WhiteSquareParticleMaterial
Material,Window
Material,Window_A
Material,Wireless
Material,Wood
Material,Wood 1
Material,Wood 2
Material,Wood 3
Material,Wood 4
Material,WoodBox
Material,WoodBox_Snow
Material,Woodboard
Material,Woodboard 2
Material,Woodboard Variant
Material,Woodboard_Dark_Snow
Material,Woodboard_Snow
Material,WorldTileWall 1
Material,WorldTileWall 2
Material,WorldTileWall_Blue
Material,WorldTileWall_Green
Material,WorldTileWall_Red
Material,WorldTile_DoorFrame
Material,WorldTile_Garden
Material,WorldTile_GardenWood
Material,WorldTile_Garden_MainGround
Material,WorldTile_Lab_Wall
Material,WorldTile_Statue
Material,WorldTile_Statue 1
Material,WorldTile_StormZoneGray
Material,WorldTile_StormZoneUnderGround_Wall
Material,WorldTile_StormZoneUnderGround_Wall 1
Material,WorldTile_StormZoneUnderGround_Wall_Elec
Material,WorldTile_StormZoneUnderGround_Wall_Low
Material,Yellow
Material,ZSh-1-2M
Material,ZeroPoint
Material,ZombieBallBullet
Material,ZombieBoomGlow
Material,_BasicBlit
Material,_Blur
Material,_ClearStencil
Material,_Dilate
Material,_EdgeDilate
Material,_FinalBlit
Material,_Obstacle
Material,_Outline
Material,_OutlineMask
Material,_PartialBlit
Material,_ZPrepass
Material,airplane
Material,aline_droid_sans_mono
Material,aline_outline
Material,aline_outline_mat
Material,aline_surface
Material,aline_surface_mat
Material,aline_text_mat
Material,apple
Material,banana
Material,beak
Material,beak_Tooth
Material,bicycle
Material,blinn1
Material,bone
Material,cailiao_pack
Material,canon
Material,carrot
Material,cow
Material,cup
Material,decal_leak_mat 1
Material,decal_leak_mat 2
Material,decal_letter
Material,decal_letter 1
Material,decal_letter 2
Material,decal_lottery_1
Material,decal_lottery_2
Material,decal_lottery_2 1
Material,decal_post_01
Material,decal_post_02
Material,decal_post_03
Material,decal_post_04
Material,decal_post_05
Material,decal_post_06
Material,decal_post_Tagilla 1
Material,decal_post_Tagilla 2
Material,decal_post_Tagilla 3
Material,decal_post_Tagilla 4
Material,decal_post_TagillaKilla
Material,dice
Material,driver
Material,egg
Material,elevator
Material,elevator Gray
Material,fan
Material,fish
Material,floatStar
Material,football
Material,fusion-pixel-12px-monospaced Atlas Material
Material,gold coin bag2
Material,gold coin bag2 Darker
Material,hairBully
Material,hat
Material,hatHeart7
Material,heart
Material,helmatRoadblock
Material,jail_part_2
Material,key
Material,lambert2
Material,lambert6
Material,lipstick
Material,mangseng
Material,mapDamgerQuad
Material,mapDamgerQuad 1
Material,newspaper
Material,note
Material,nut
Material,oiltank1
Material,pen
Material,props_3
Material,props_3 1
Material,radio
Material,rig_simple_Build_Skm_Body_C01_Cloth_Mat4
Material,ring
Material,ring2
Material,robot
Material,rocket
Material,rose
Material,scaffold
Material,scifi_wall2
Material,standardSurface1
Material,star
Material,tambourine
Material,treasure chest
Material,trophy
Material,trophy Demo
Material,trophy Demo 1
Material,trumpet
Material,wall12
Material,wall6
Material,wall6_1
Material,wall7
Material,wall7 3
Material,xylophone
Mesh,Acc_Grip_ALL_ADS_1
Mesh,Acc_Grip_ALL_ADS_2
Mesh,Acc_Grip_ALL_REC_1
Mesh,Acc_Grip_ALL_REC_2
Mesh,Acc_Grip_ALL_REC_3
Mesh,Acc_Grip_ALL_REC_4
Mesh,Acc_Grip_ALL_REC_5
Mesh,Acc_Grip_ALL_SCA_1
Mesh,Acc_Grip_ALL_SCA_2
Mesh,Acc_Grip_ALL_SCA_3
Mesh,Accelerate_Door1
Mesh,Ambulance_01
Mesh,Armor
Mesh,Arrow
Mesh,Autorefkeratometer_01
Mesh,BBQChicken
Mesh,Backpack_LV1
Mesh,Backpack_LV2
Mesh,Backpack_LV3
Mesh,Backpack_LV4
Mesh,Backpack_LV5
Mesh,Bag_Ghost
Mesh,Ballistic_Armor_Co__Bastion
Mesh,Basement_Area_01
Mesh,Basket
Mesh,BasketBall
Mesh,Bat01
Mesh,Bat04
Mesh,Battery01
Mesh,Battery02
Mesh,Beak_Bamboo
Mesh,Beak_Beard_1
Mesh,Beak_Beard_2
Mesh,Beak_Beard_3
Mesh,Beak_Bent_Short
Mesh,Beak_BlackFacedSpoonbill
Mesh,Beak_BlackFacedSpoonbill_Short
Mesh,Beak_Crow
Mesh,Beak_Eagle
Mesh,Beak_Flamingo
Mesh,Beak_Goose
Mesh,Beak_Mouse
Mesh,Beak_Pacifier
Mesh,Beak_Parrot_WithNostrils
Mesh,Beak_Pelican
Mesh,Beak_Sausage
Mesh,Beak_Shoebill
Mesh,Beak_SteelTeeth
Mesh,Beak_Straight_Long
Mesh,Beak_Straight_Short
Mesh,Beak_Toucan
Mesh,Beak_Zipper
Mesh,Bed_01
Mesh,Bed_03
Mesh,Bed_05
Mesh,BigJarLow1
Mesh,Biochemical analyzer_002
Mesh,Biochemical_Analyzer_01
Mesh,Biscuit03
Mesh,Block19
Mesh,Block20
Mesh,Block21
Mesh,Block22
Mesh,Block23
Mesh,Block24
Mesh,Block25
Mesh,Block26
Mesh,Block27
Mesh,Block28
Mesh,Block29
Mesh,Block30
Mesh,Block31
Mesh,Block32
Mesh,Block33
Mesh,Block34
Mesh,Block35
Mesh,Block36
Mesh,Block37
Mesh,Block38
Mesh,Block39
Mesh,Block40
Mesh,Block41
Mesh,Block42
Mesh,Block43
Mesh,Block44
Mesh,Block45
Mesh,Block46
Mesh,Block47
Mesh,Block48
Mesh,Block49
Mesh,Block50
Mesh,Block51
Mesh,Block52
Mesh,Block53
Mesh,Block54
Mesh,Block55
Mesh,Block56
Mesh,Block57
Mesh,Block58
Mesh,Block59
Mesh,Block_Ceiling
Mesh,Block_Wall_Ceiling
Mesh,Body
Mesh,Body.001
Mesh,Boss_Fly_Face
Mesh,Boss_Fly_Wings
Mesh,Boss_Horsemen_B_Backpack
Mesh,Boss_Horsemen_B_Body
Mesh,Boss_Horsemen_B_Head
Mesh,Boss_Horsemen_G_Backpack
Mesh,Boss_Horsemen_G_Body
Mesh,Boss_Horsemen_G_Head
Mesh,Boss_Horsemen_R_Backpack
Mesh,Boss_Horsemen_R_Body
Mesh,Boss_Horsemen_R_Head
Mesh,Boss_Horsemen_T_Body
Mesh,Boss_Horsemen_T_Head
Mesh,Bottle02
Mesh,Bottle04
Mesh,Bottle_01
Mesh,Bottle_02
Mesh,Bottle_03
Mesh,Bottle_05
Mesh,Bottle_09
Mesh,Bottom_Stairs 1
Mesh,Bowl_01
Mesh,Bowl_02
Mesh,Box01
Mesh,Box02
Mesh,Box03
Mesh,Box_02
Mesh,Box_04
Mesh,Box_06
Mesh,Box_07
Mesh,Box_Char_S_XHZ_1
Mesh,Bullet01
Mesh,Bullet03
Mesh,Bullet04
Mesh,Bullet05
Mesh,Bullet07
Mesh,Bullet_BrainController
Mesh,Bullet_Candy
Mesh,Bullet_SnowBall
Mesh,Bullet_SnowBall_H
Mesh,BulletproofJacket02
Mesh,BézierCurve.003
Mesh,CaiShirt
Mesh,Camera_mlodel
Mesh,Camera_mlodel1
Mesh,Can01
Mesh,Can04
Mesh,Candle_Sculpt_Low
Mesh,Cap
Mesh,Capsule
Mesh,Car3_Main
Mesh,Car3_Tires
Mesh,Car_10
Mesh,Car_10Weel_1
Mesh,Car_10_Weel_2
Mesh,Car_11
Mesh,Car_11_Ladder
Mesh,Car_11_Ladder_Turntable
Mesh,Car_11_Weel_1
Mesh,Car_11_Weel_2
Mesh,Car_11_Weel_3
Mesh,Car_15
Mesh,Car_15_Wheel_1
Mesh,Car_15_Wheel_2
Mesh,Car_15_Wheel_3
Mesh,Car_1_Base
Mesh,Car_1_Front_Wheel_L
Mesh,Car_1_Front_Wheel_R
Mesh,Car_1_Glass
Mesh,Car_1_Rear_Wheel_L
Mesh,Car_1_Rear_Wheel_R
Mesh,Car_Military
Mesh,Car_Military_Canvas
Mesh,Car_Military_Frame
Mesh,Ceiling_model
Mesh,Center
Mesh,Chocolate_Drink
Mesh,Circle
Mesh,CircularWallx12_1
Mesh,CircularWallx12_2
Mesh,CircularWallx12_3
Mesh,CircularWallx12_4
Mesh,CircularWallx24_1
Mesh,CircularWallx24_2
Mesh,CircularWallx24_3
Mesh,CircularWallx24_4
Mesh,Clothes_AntiFreeze
Mesh,Clothes_CottonHat
Mesh,Clothes_CottonOvercoat
Mesh,Clothes_FloralShirt01
Mesh,Clothes_Killa
Mesh,Clothes_LV1
Mesh,Clothes_LV2
Mesh,Clothes_LV3_2
Mesh,Clothes_LV3_3
Mesh,Clothes_LV5_2
Mesh,Clothes_LV5_3
Mesh,Clothes_LV5_4
Mesh,Clothes_LV6_1
Mesh,Clothes_Tagilla
Mesh,Clothes_TwinsBoss
Mesh,Clothes_Witch
Mesh,Col_Truck_02_Tyre
Mesh,"ColorA_(64;00, 64;00, -64;00)__2_Shadow_On_3346"
Mesh,"ColorC_(64;00, 64;00, -64;00)__4_Shadow_On_756"
Mesh,Colposcope_Stand_01
Mesh,CompassA
Mesh,Cone
Mesh,Connector
Mesh,Copybook_01
Mesh,Cosmetic_Combine_01
Mesh,Crest_II.001
Mesh,Crest_II.002
Mesh,Crest_II.003
Mesh,Crown
Mesh,Crystal_1
Mesh,Crystal_2
Mesh,Crystal_3
Mesh,Crystal_4
Mesh,Crystal_5
Mesh,Crystal_6
Mesh,Crystal_7
Mesh,Crystal_Sphere
Mesh,Cubbbe_pCube1
Mesh,Cube
Mesh,Cube.017
Mesh,Cylinder.065
Mesh,DUNTAR
Mesh,"DarkQuadSolid_(64;00, 64;00, -64;00)__15_Shadow_On_48"
Mesh,Decal_01
Mesh,Decal_02
Mesh,Decal_03
Mesh,Decal_04
Mesh,Decal_05
Mesh,Decal_06
Mesh,Decal_07
Mesh,Decal_08
Mesh,Decal_09
Mesh,Defibrillator_01
Mesh,DesertGasStation_Door
Mesh,DesertGasStation_Floor_01
Mesh,DesertGasStation_Floor_02
Mesh,DesertGasStation_Pillar
Mesh,DesertGasStation_Roof_01
Mesh,DesertGasStation_Roof_02
Mesh,DesertGasStation_Wall
Mesh,DesertGasStation_Windnow
Mesh,DesertHouse01_1_Ground
Mesh,DesertHouse01_1_Roof
Mesh,DesertHouse01_1_Wall
Mesh,DesertHouse01_2_Ground
Mesh,DesertHouse01_2_Roof
Mesh,DesertHouse01_2_Wall
Mesh,Door01
Mesh,Door02
Mesh,DoorWall
Mesh,Door_Frame
Mesh,Door_Left
Mesh,Door_Mecha_2_2_A
Mesh,Door_Mecha_2_2_B
Mesh,Door_Mecha_2_2_C
Mesh,Door_Right
Mesh,Drone
Mesh,Droppod01_Bottom_01
Mesh,DuckBody
Mesh,DuckFoot
Mesh,DuckFoot2
Mesh,DuckGlove
Mesh,Duck_Beak
Mesh,Duck_Eye.L
Mesh,Duck_Eye.R
Mesh,Duck_Foot_L
Mesh,Duck_Foot_R
Mesh,Dynamite01
Mesh,Dynamite02
Mesh,Encephalograph_01
Mesh,Encephalograph_01_Device_02
Mesh,Eye_BottleCap
Mesh,Eye_Button
Mesh,Eye_Heart
Mesh,Eye_KeyCap
Mesh,Eye_Nut
Mesh,Eye_Shining
Mesh,Eye_Valve
Mesh,Eyebrows_4
Mesh,Eyebrows_5
Mesh,Eyebrows_6
Mesh,Eyebrows_7
Mesh,Eyebrows_8
Mesh,Face_Eye_Type_02
Mesh,Face_Eyebrow_Type_02
Mesh,Fan
Mesh,Fan.001
Mesh,Fan.002
Mesh,Fan.003
Mesh,Figer_Bottom
Mesh,FileCabient_L1
Mesh,FileCabient_L2
Mesh,FileCabient_L3
Mesh,FileCabient_L4
Mesh,FileCabient_L5
Mesh,FileCabient_L6
Mesh,FileCabient_L7
Mesh,FileCabient_L8
Mesh,First_aid_Kit01
Mesh,First_aid_Kit02
Mesh,First_aid_Kit03
Mesh,First_aid_Kit_Bandage
Mesh,FishingRod_LV1
Mesh,FishingRod_LV2
Mesh,FishingRod_LV3
Mesh,Flashlight01
Mesh,Flask_01
Mesh,Folder_02
Mesh,FootballDuo_1_Clothes
Mesh,FootballDuo_1_Glasses
Mesh,FootballDuo_1_Hair
Mesh,FootballDuo_2_Clothes
Mesh,FootballDuo_2_Hair
Mesh,Frag2
Mesh,Frag3
Mesh,Frag4
Mesh,Frame
Mesh,Frame.Mesh
Mesh,FrontRoomTest
Mesh,GasMask01
Mesh,Ghost
Mesh,Girder_Box_LP_Low_poly
Mesh,Glasses
Mesh,"Glove_Killa_(384;00, 0;00, 384;00)__1_Shadow_On_866"
Mesh,"Glove_Tagilla_(384;00, 0;00, 384;00)__8_Shadow_On_866"
Mesh,Goggle
Mesh,GoggleA
Mesh,GolfClub
Mesh,Grenade01
Mesh,Grenade03
Mesh,Ground
Mesh,GroundFloor
Mesh,Gun01
Mesh,Gun02
Mesh,GunBarrel
Mesh,Hair.Low
Mesh,Hair_DarkCarot
Mesh,Hair_GuLie
Mesh,Hair_Hat_Killa
Mesh,Hair_Hat_Killa_Real
Mesh,Hair_Hat_LV1
Mesh,Hair_Hat_LV2
Mesh,Hair_Hat_LV3_1
Mesh,Hair_Hat_LV3_2
Mesh,Hair_Hat_LV4
Mesh,Hair_Hat_LV6
Mesh,Hair_Mohawk
Mesh,Hair_Peach
Mesh,Hair_PingBa
Mesh,Hair_Smart
Mesh,Hammer
Mesh,Hammer01
Mesh,Hammer02
Mesh,Hammer03
Mesh,HandObj.L
Mesh,HandObj.R
Mesh,Hand_Boxing
Mesh,Hand_Fist
Mesh,Hand_Rail_LP_Low_poly
Mesh,Hat
Mesh,Hat_Witch
Mesh,HeadLantern
Mesh,Head_Pumpkin
Mesh,Headset_1
Mesh,Headset_2
Mesh,Helmet.001
Mesh,Helmet01
Mesh,Helmet03
Mesh,Helmet_Cone
Mesh,Helmet_Pot
Mesh,Helmets_AntiFreeze
Mesh,Helmets_Banana
Mesh,Helmets_EggShell
Mesh,Helmets_Headscarf
Mesh,Helmets_Horse
Mesh,Helmets_LionDance
Mesh,Helmets_Strawhat
Mesh,Helmets_Tagilla
Mesh,Helmets_Tagilla_Minotaur
Mesh,Helmets_TwinsBoss
Mesh,Hematology_Analyzer_01
Mesh,Hemodialysis_Machine_01
Mesh,HideIf_Grip
Mesh,HideIf_Muzzle
Mesh,HideIf_Scope
Mesh,HideIf_Stock
Mesh,HighcomStriker
Mesh,Honey01
Mesh,HotelDoor_L
Mesh,HotelDoor_R
Mesh,HotelSign
Mesh,IV_Drip_01
Mesh,IdentificationTag
Mesh,Immunoanalyzer_01
Mesh,Infant_Scale_01
Mesh,Infusion_Pumo_02
Mesh,Injection
Mesh,Island_BossSite
Mesh,Island_OctagonCage_01
Mesh,Item_Crop_1_Apple
Mesh,Item_Crop_1_Banana
Mesh,Item_Crop_1_Cabbage
Mesh,Item_Crop_1_Carrot
Mesh,Item_Crop_1_Cherry
Mesh,Item_Crop_1_Coconut
Mesh,Item_Crop_1_Corn
Mesh,Item_Crop_1_Cucumber
Mesh,Item_Crop_1_Eggplant
Mesh,Item_Crop_1_Garlic
Mesh,Item_Crop_1_Lemon
Mesh,Item_Crop_1_Onion
Mesh,Item_Crop_1_Pea_1
Mesh,Item_Crop_1_Pea_2
Mesh,Item_Crop_1_Pea_3
Mesh,Item_Crop_1_Pepper
Mesh,Item_Crop_1_Pineapple
Mesh,Item_Crop_1_Potato
Mesh,Item_Crop_1_Pumpkin
Mesh,Item_Crop_1_Strawberry
Mesh,Item_Crop_1_Sunflower
Mesh,Item_Crop_1_Tomato
Mesh,Item_Crop_1_Watermelon
Mesh,Item_Crop_1_Wheat
Mesh,JLAB_ProtectiveClothes_Body
Mesh,JLAB_ProtectiveClothes_Head
Mesh,JLabDoorFrameSmall
Mesh,"Kitchen 4_(384;00, 0;00, 384;00)__11_Shadow_On_624"
Mesh,"Kitchen 4_(384;00, 0;00, 384;00)__13_Shadow_On_624"
Mesh,"Kitchen 4_(384;00, 0;00, 384;00)__15_Shadow_On_312"
Mesh,"Kitchen 4_(384;00, 0;00, 384;00)__17_Shadow_On_312"
Mesh,"Kitchen_(384;00, 0;00, 384;00)__12_Shadow_On_376"
Mesh,"Kitchen_(384;00, 0;00, 384;00)__14_Shadow_On_376"
Mesh,"Kitchen_(384;00, 0;00, 384;00)__16_Shadow_On_588"
Mesh,"Kitchen_(384;00, 0;00, 384;00)__18_Shadow_On_588"
Mesh,"Kitchen_(384;00, 0;00, 384;00)__19_Shadow_On_1650"
Mesh,"Kitchen_(384;00, 0;00, 384;00)__20_Shadow_On_1226"
Mesh,"Kitchen_(384;00, 0;00, 384;00)__21_Shadow_On_1037"
Mesh,Knife01
Mesh,Knife02
Mesh,Knife03
Mesh,Knife04
Mesh,Knife06
Mesh,LabBuilding_Floor
Mesh,LabBuilding_Roof
Mesh,LabBuilding_Stair_01
Mesh,LabBuilding_Stair_02
Mesh,LabBuilding_Stair_03
Mesh,LabBuilding_Wall1
Mesh,LabBuilding_Wall2
Mesh,LabBuilding_Wall3
Mesh,Lantern
Mesh,Laparoscopic_Stand_01
Mesh,Leg_3_B_L
Mesh,Lid.Mesh
Mesh,LidHandle.Mesh
Mesh,Lootbox_SnowPile
Mesh,Lv
Mesh,"MAT_Armor_Killa_1_(384;00, 0;00, 384;00)__3_Shadow_On_1344"
Mesh,"MAT_Armor_Killa_2_(384;00, 0;00, 384;00)__2_Shadow_On_2457"
Mesh,"MAT_Helmat_Tagilla_1_(384;00, 0;00, 384;00)__6_Shadow_On_310"
Mesh,"MAT_Helmat_Tagilla_2_(384;00, 0;00, 384;00)__7_Shadow_On_247"
Mesh,"MAT_Roof_(64;00, 64;00, -64;00)__14_Shadow_On_224"
Mesh,"MAT_Shelves_(64;00, 64;00, -64;00)__12_Shadow_On_1760"
Mesh,"MAT_Soda_Instruments_(64;00, 64;00, -64;00)__7_Shadow_On_1207"
Mesh,"MAT_Soda_Ironfame_(64;00, 64;00, -64;00)__8_Shadow_On_288"
Mesh,"MAT_Soda_Pipe 1_(64;00, 64;00, -64;00)__10_Shadow_On_1407"
Mesh,"MAT_Soda_Pipe_(64;00, 64;00, -64;00)__6_Shadow_On_2786"
Mesh,"MAT_Steels_1_P_Blue 1_(448;00, 64;00, 320;00)__1_Shadow_On_336"
Mesh,MachineFBXASC046002
Mesh,MachineGun01
Mesh,MachineGun02
Mesh,MachineGun03
Mesh,MachineGun04
Mesh,Manhole
Mesh,Mask
Mesh,MaskA
Mesh,Mask_Box_01
Mesh,Mask_Box_02
Mesh,"Mat_Bags_01_1_(384;00, 0;00, 384;00)__11_Shadow_On_1108"
Mesh,"Mat_Bags_01_1_(384;00, 0;00, 384;00)__14_Shadow_On_1449"
Mesh,"Mat_Bags_01_1_(384;00, 0;00, 384;00)__38_Shadow_On_1587"
Mesh,"Mat_Bags_01_1_(384;00, 0;00, 384;00)__44_Shadow_On_341"
Mesh,"Mat_Bags_01_4_(384;00, 0;00, 384;00)__10_Shadow_On_2000"
Mesh,"Mat_Bags_01_4_(384;00, 0;00, 384;00)__13_Shadow_On_2298"
Mesh,"Mat_Bags_01_4_(384;00, 0;00, 384;00)__45_Shadow_On_638"
Mesh,"Mat_Bags_01_5_(384;00, 0;00, 384;00)__12_Shadow_On_595"
Mesh,"Mat_Bags_01_5_(384;00, 0;00, 384;00)__15_Shadow_On_850"
Mesh,"Mat_BarbedWire_01_(384;00, 0;00, 384;00)__2_Shadow_On_40"
Mesh,"Mat_BarbedWire_01_(384;00, 0;00, 384;00)__8_Shadow_On_40"
Mesh,"Mat_CementMold_1_(384;00, 0;00, 384;00)__23_Shadow_On_48"
Mesh,"Mat_MetalBoard_01_1_(384;00, 0;00, 384;00)__19_Shadow_On_1884"
Mesh,"Mat_MetalBoard_01_1_(384;00, 0;00, 384;00)__22_Shadow_On_828"
Mesh,"Mat_MetalBoard_01_1_(384;00, 0;00, 384;00)__28_Shadow_On_2192"
Mesh,"Mat_MetalBoard_01_1_(384;00, 0;00, 384;00)__35_Shadow_On_4356"
Mesh,"Mat_MetalBoard_01_1_(64;00, 64;00, -64;00)__13_Shadow_On_80"
Mesh,"Mat_MetalBoard_01_3_(384;00, 0;00, 384;00)__26_Shadow_On_226"
Mesh,"Mat_MetalBoard_01_3_(384;00, 0;00, 384;00)__29_Shadow_On_322"
Mesh,"Mat_MetalBoard_01_4_(384;00, 0;00, 384;00)__25_Shadow_On_278"
Mesh,"Mat_MetalBoard_01_4_(384;00, 0;00, 384;00)__32_Shadow_On_278"
Mesh,"Mat_Pipe_01_(384;00, 0;00, 384;00)__5_Shadow_On_4104"
Mesh,"Mat_Pipe_01_(64;00, 64;00, -64;00)__3_Shadow_On_992"
Mesh,"Mat_Shop_Shelf_01_1_(384;00, 0;00, 384;00)__1_Shadow_On_1024"
Mesh,"Mat_Stairs_Soda_(384;00, 0;00, 384;00)__4_Shadow_On_96"
Mesh,"Mat_SteelFrame_01_(384;00, 0;00, 384;00)__1_Shadow_On_216"
Mesh,"Mat_SteelFrame_01_(384;00, 0;00, 384;00)__2_Shadow_On_1760"
Mesh,"Mat_SteelFrame_01_(384;00, 0;00, 384;00)__42_Shadow_On_736"
Mesh,"Mat_SteelFrame_01_(384;00, 0;00, 384;00)__5_Shadow_On_576"
Mesh,"Mat_SteelFrame_01_(384;00, 0;00, 384;00)__7_Shadow_On_576"
Mesh,"Mat_Table_02_White_JLAB_(384;00, 0;00, 384;00)__22_Shadow_On_344"
Mesh,"Mat_WaterTankButt_01_B_(384;00, 0;00, 384;00)__6_Shadow_On_256"
Mesh,"Mat_WaterTankButt_01_G_(384;00, 0;00, 384;00)__10_Shadow_On_256"
Mesh,"Mat_WaterTankButt_01_G_(384;00, 0;00, 384;00)__3_Shadow_On_712"
Mesh,"Mat_WaterTankButt_01_G_(384;00, 0;00, 384;00)__43_Shadow_On_400"
Mesh,"Mat_WaterTankButt_01_G_(384;00, 0;00, 384;00)__4_Shadow_On_600"
Mesh,"Mat_WaterTankButt_01_R_(384;00, 0;00, 384;00)__9_Shadow_On_256"
Mesh,"Mat_WoodBoards_01 3_(384;00, 0;00, 384;00)__17_Shadow_On_672"
Mesh,"Mat_WoodBoards_01 3_(384;00, 0;00, 384;00)__40_Shadow_On_532"
Mesh,"Mat_WoodBoards_01 6_(384;00, 0;00, 384;00)__18_Shadow_On_672"
Mesh,"Mat_WoodBoards_01 6_(384;00, 0;00, 384;00)__21_Shadow_On_120"
Mesh,"Mat_WoodBoards_01 6_(384;00, 0;00, 384;00)__24_Shadow_On_1344"
Mesh,"Mat_WoodBoards_01 6_1_(384;00, 0;00, 384;00)__20_Shadow_On_192"
Mesh,"Mat_WoodBoards_01_(384;00, 0;00, 384;00)__16_Shadow_On_1368"
Mesh,"Mat_WoodBoards_01_(384;00, 0;00, 384;00)__30_Shadow_On_48"
Mesh,"Mat_WoodBoards_01_(384;00, 0;00, 384;00)__37_Shadow_On_48"
Mesh,"Mat_WoodBoards_01_(384;00, 0;00, 384;00)__39_Shadow_On_612"
Mesh,"Mat_WoodBoards_01_2_(384;00, 0;00, 384;00)__27_Shadow_On_96"
Mesh,"Mat_WoodBoards_01_2_(384;00, 0;00, 384;00)__33_Shadow_On_120"
Mesh,Medicine_bottle02
Mesh,Mesh
Mesh,Mesh1_Group2_Group1_Model
Mesh,Mesh2_Group3_Group1_Model
Mesh,MilitaryBoot
Mesh,Mine
Mesh,Minigun_LP
Mesh,Mobilephone
Mesh,Monitor_02
Mesh,Monster_Climb_Eye_body
Mesh,Monster_Climb_Eyeball
Mesh,Monster_Climb_Eyelid_1
Mesh,Monster_Climb_Eyelid_2
Mesh,Monster_T2
Mesh,Moulder_CircularWallx12_1
Mesh,MushroomHead
Mesh,Muzzle_AR_DAM_1
Mesh,Muzzle_AR_DIS_1
Mesh,Muzzle_AR_REC_1
Mesh,Muzzle_AR_REC_2
Mesh,Muzzle_AR_REC_3
Mesh,Muzzle_AR_REC_4
Mesh,Muzzle_AR_SCA_1
Mesh,Muzzle_AR_SCA_2
Mesh,Muzzle_AR_SIL_1
Mesh,Muzzle_PST_DAM_1_b
Mesh,Muzzle_PST_DIS_1
Mesh,Muzzle_PST_REC_1
Mesh,Muzzle_PST_REC_2
Mesh,Muzzle_PST_SCA_1
Mesh,Muzzle_PST_SIL_1
Mesh,Muzzle_SHT_DAM_1
Mesh,Muzzle_SHT_REC_1
Mesh,Muzzle_SHT_SCA_3
Mesh,Muzzle_SHT_SIL_1
Mesh,Muzzle_SMG_DAM_1
Mesh,Muzzle_SMG_REC_1
Mesh,Muzzle_SMG_REC_2
Mesh,Muzzle_SMG_REC_3
Mesh,Muzzle_SMG_REC_4
Mesh,Muzzle_SMG_SIL_1
Mesh,Muzzle_SNP_DAM_1
Mesh,Muzzle_SNP_DIS_1
Mesh,Muzzle_SNP_REC_1
Mesh,Muzzle_SNP_REC_3
Mesh,Muzzle_SNP_SCA_1
Mesh,Muzzle_SNP_SCA_2
Mesh,Muzzle_SNP_SIL_1
Mesh,NES_Box
Mesh,NES_Cassette
Mesh,NES_Handle_L
Mesh,NES_Handle_L_1
Mesh,NES_Handle_L_2
Mesh,NES_Handle_L_3
Mesh,NES_Handle_L_4
Mesh,NES_Handle_L_Button_Cross
Mesh,NES_Handle_R
Mesh,Net
Mesh,NightVision_LV3
Mesh,OUT
Mesh,OctagonCage_02
Mesh,OctagonCage_03
Mesh,OctagonCage_04
Mesh,OctagonCage_Col
Mesh,OctagonCage_Door
Mesh,OctagonCage_Wall1
Mesh,OctagonCage_Wall2
Mesh,OctagonCage_Wall3
Mesh,OfficeAirConditioner01
Mesh,OfficeBox01_1
Mesh,OfficeBox01_2
Mesh,OfficeBox01_3
Mesh,OfficeBox01_4
Mesh,OfficeCabinet01_1
Mesh,OfficeCabinet01_2
Mesh,OfficeCeilingLight02_2
Mesh,OfficeClothesHanger01
Mesh,OfficeDeskSet01
Mesh,OfficeDeskSet02_1
Mesh,OfficeDeskSet02_10
Mesh,OfficeDeskSet02_11
Mesh,OfficeDeskSet02_12
Mesh,OfficeDeskSet02_13
Mesh,OfficeDeskSet02_14
Mesh,OfficeDeskSet02_15
Mesh,OfficeDeskSet02_3
Mesh,OfficeDeskSet02_4
Mesh,OfficeDeskSet02_5
Mesh,OfficeDeskSet02_6
Mesh,OfficeDeskSet02_7
Mesh,OfficeDeskSet02_8
Mesh,OfficeDeskSet02_9
Mesh,OfficeFax01
Mesh,OfficeFlag01_2
Mesh,OfficeFloorLight01
Mesh,OfficePartition01_1
Mesh,OfficePartition01_2
Mesh,OfficePhone01
Mesh,OfficePrinter01
Mesh,OfficePrinter02
Mesh,OfficePrinter03
Mesh,OfficeProjectionScreen01
Mesh,OfficeProjector01_1
Mesh,OfficeReception01_3
Mesh,OfficeServer01
Mesh,OfficeTV01_1
Mesh,OfficeTV01_2
Mesh,OfficeTable01
Mesh,OfficeTableLamp01
Mesh,OfficeTrashCan01
Mesh,OfficeTrashCan02
Mesh,OfficeWaitingBench01
Mesh,OfficeWallClock01
Mesh,OfficeWaterDispenser01
Mesh,OfficeWhiteBoard01_1
Mesh,OfficeWhiteBoard01_3
Mesh,Oilcan03
Mesh,Ophthalmology_Chair_01
Mesh,Orange_03_LOD0
Mesh,Orange_03_LOD1
Mesh,Orange_03_LOD2
Mesh,Orange_03_LOD3
Mesh,"OutDoor_(384;00, 0;00, 384;00)__3_Shadow_On_600"
Mesh,"OutDoor_New_(384;00, 0;00, 384;00)__31_Shadow_On_660"
Mesh,"OutDoor_New_(384;00, 0;00, 384;00)__36_Shadow_On_660"
Mesh,PFB_SpaceSuitIII_Armor
Mesh,PFB_SpaceSuitIII_Helmet
Mesh,Pannel
Mesh,PeakedCap
Mesh,Pipe
Mesh,Plane
Mesh,Plane.003
Mesh,Planes
Mesh,Platform_Ground
Mesh,Platform_Roof02
Mesh,Platform_RoofL
Mesh,Platform_RoofR
Mesh,Platform_Stair
Mesh,Platform_Wall
Mesh,Player_Duck_Head
Mesh,Player_Head_Mangseng
Mesh,Player_Hood_01
Mesh,PlayingCard
Mesh,PoliceStick
Mesh,Pot&Shelf
Mesh,Pot&Shelf_Broken
Mesh,Pot01
Mesh,Pot_02
Mesh,Pot_03
Mesh,Pot_04
Mesh,Prison_12
Mesh,Prison_4
Mesh,Prison_7
Mesh,Prop_1:pCylinder6
Mesh,Propane
Mesh,"Radar 1_(64;00, 64;00, -64;00)__1_Shadow_On_1734"
Mesh,RandomGeneratorMesh
Mesh,Repairbay_Floor1
Mesh,Repairbay_Floor2
Mesh,Repairbay_Floor3
Mesh,Repairbay_Floor4
Mesh,Repairbay_Floor5
Mesh,Repairbay_Roof1
Mesh,Repairbay_Roof2
Mesh,Repairbay_Roof3
Mesh,Repairbay_Roof4
Mesh,Repairbay_Roof5
Mesh,Repairbay_Roof6
Mesh,Repairbay_Wall1
Mesh,Repairbay_Wall10
Mesh,Repairbay_Wall11
Mesh,Repairbay_Wall2
Mesh,Repairbay_Wall5
Mesh,Repairbay_Wall6
Mesh,Repairbay_Wall7
Mesh,Repairbay_Wall8
Mesh,Repairbay_Wall9
Mesh,Retopology.001
Mesh,Rifle02
Mesh,Rifle03
Mesh,Rifle04
Mesh,Rifle05
Mesh,Roadblock
Mesh,RobotLootbox
Mesh,RockWall_2_1
Mesh,RockWall_2_2
Mesh,RockWall_2_3
Mesh,RockWall_2_5
Mesh,RockWall_2_6
Mesh,RockWall_2_7
Mesh,RockWall_3_1
Mesh,RockWall_3_2
Mesh,Rockcheckpoint_01_model
Mesh,Root
Mesh,RopeA
Mesh,RoundCube
Mesh,RoundCube3x3
Mesh,SM_3DPrinter
Mesh,SM_3DPrinter_Door
Mesh,SM_3DPrinter_Mat
Mesh,SM_AbandonedCamp_Ground
Mesh,SM_AirConditioning_5
Mesh,SM_AirConditioning_6
Mesh,SM_Ammeter_01
Mesh,SM_Ammunition_2
Mesh,SM_Ammunition_4
Mesh,SM_Ammunition_6
Mesh,SM_Ammunition_7
Mesh,SM_Ammunition_8
Mesh,SM_Ammunition_9
Mesh,SM_Ammunition_Knife
Mesh,SM_Ammunition_Scissors
Mesh,SM_Ammunition_WalkieTalkie
Mesh,SM_Antenna
Mesh,SM_AtomicClock
Mesh,SM_Axe
Mesh,SM_BLD_ATM
Mesh,SM_BLD_Showcase
Mesh,SM_BLD_VendingMachine_02
Mesh,SM_BagTile1
Mesh,SM_BagTile2
Mesh,SM_BagTile3
Mesh,SM_BagTile4
Mesh,SM_Bags1
Mesh,SM_Bags10
Mesh,SM_Bags11
Mesh,SM_Bags12
Mesh,SM_Bags13
Mesh,SM_Bags2
Mesh,SM_Bags3
Mesh,SM_Bags4
Mesh,SM_Bags5
Mesh,SM_Bags6
Mesh,SM_Bags7
Mesh,SM_Bags8
Mesh,SM_Bags9
Mesh,SM_BagsTile5
Mesh,SM_BagsTile6
Mesh,SM_BagsTile7
Mesh,SM_BagsTile8
Mesh,SM_BananaTree01
Mesh,SM_BananaTree01_LOD_01
Mesh,SM_BananaTree01_LOD_02
Mesh,SM_BananaTree02
Mesh,SM_BananaTree02_LOD_01
Mesh,SM_BananaTree02_LOD_02
Mesh,SM_BarbedWire_01_01
Mesh,SM_BarbedWire_01_02
Mesh,SM_BarbedWire_01_03
Mesh,SM_BarbedWire_01_04
Mesh,SM_BarbedWire_01_05
Mesh,SM_BarbedWire_01_06
Mesh,SM_Barn02_Roof_02
Mesh,SM_Barn03_Roof_02
Mesh,SM_Barn04_Roof
Mesh,SM_Barn_02_Door1
Mesh,SM_Barn_02_Door10
Mesh,SM_Barn_02_Door11
Mesh,SM_Barn_02_Door12
Mesh,SM_Barn_02_Door13
Mesh,SM_Barn_02_Door14
Mesh,SM_Barn_02_Door15
Mesh,SM_Barn_02_Door16
Mesh,SM_Barn_02_Door2
Mesh,SM_Barn_02_Door3
Mesh,SM_Barn_02_Door4
Mesh,SM_Barn_02_Door5
Mesh,SM_Barn_02_Door6
Mesh,SM_Barn_02_Door7
Mesh,SM_Barn_02_Door8
Mesh,SM_Barn_02_Door9
Mesh,SM_Barn_02_Floor_01
Mesh,SM_Barn_02_Floor_02
Mesh,SM_Barn_03_Door1
Mesh,SM_Barn_03_Door10
Mesh,SM_Barn_03_Door11
Mesh,SM_Barn_03_Door12
Mesh,SM_Barn_03_Door13
Mesh,SM_Barn_03_Door14
Mesh,SM_Barn_03_Door15
Mesh,SM_Barn_03_Door16
Mesh,SM_Barn_03_Door17
Mesh,SM_Barn_03_Door18
Mesh,SM_Barn_03_Door19
Mesh,SM_Barn_03_Door2
Mesh,SM_Barn_03_Door20
Mesh,SM_Barn_03_Door21
Mesh,SM_Barn_03_Door22
Mesh,SM_Barn_03_Door23
Mesh,SM_Barn_03_Door24
Mesh,SM_Barn_03_Door3
Mesh,SM_Barn_03_Door4
Mesh,SM_Barn_03_Door5
Mesh,SM_Barn_03_Door6
Mesh,SM_Barn_03_Door7
Mesh,SM_Barn_03_Door8
Mesh,SM_Barn_03_Door9
Mesh,SM_Barn_03_Floor_01
Mesh,SM_Barn_03_Floor_02
Mesh,SM_Barn_04_Door1
Mesh,SM_Barn_04_Door2
Mesh,SM_Barn_04_Door3
Mesh,SM_Barn_04_Door4
Mesh,SM_Barn_04_Floor_01
Mesh,SM_Barn_05_Door01
Mesh,SM_Barn_05_Door02
Mesh,SM_Barn_05_Floor
Mesh,SM_Barn_05_Roof
Mesh,SM_Barn_05_Wall
Mesh,SM_BayWindow_01
Mesh,SM_Billboard_02
Mesh,SM_Bin01
Mesh,SM_Bin02
Mesh,SM_BlackBall
Mesh,SM_BoxGroup_01
Mesh,SM_BoxGroup_02
Mesh,SM_Brick01
Mesh,SM_Brick02
Mesh,SM_BrickBuild_01_Floor
Mesh,SM_BrickBuild_01_Roof
Mesh,SM_BrickBuild_01_Wall
Mesh,SM_Bridge_01
Mesh,SM_Bulletbox_01
Mesh,SM_Bulletbox_02
Mesh,SM_Bush_01
Mesh,SM_Bush_04
Mesh,SM_Bush_Lod_01
Mesh,SM_Bush_Lod_02
Mesh,SM_Cabinet_01_04_01
Mesh,SM_Cabinet_01_04_02
Mesh,SM_Cabinet_01_04_03
Mesh,SM_Cabinet_01_04_04
Mesh,SM_Cabinet_01_05
Mesh,SM_Cabinet_02_01_01
Mesh,SM_Cabinet_02_01_02
Mesh,SM_Cabinet_02_01_03
Mesh,SM_Cabinet_02_02_01
Mesh,SM_Cabinet_02_02_02
Mesh,SM_Cabinet_02_03_01
Mesh,SM_Cabinet_02_03_02
Mesh,SM_Cabinet_02_03_03
Mesh,SM_Cabinet_02_04_01
Mesh,SM_Cabinet_02_04_02
Mesh,SM_Cabinet_02_04_03
Mesh,SM_Cabinet_02_05
Mesh,SM_CableReel_01
Mesh,SM_Cactus_1
Mesh,SM_Cactus_2
Mesh,SM_Cactus_3
Mesh,SM_Cactus_5
Mesh,SM_Cactus_6
Mesh,SM_Cactus_7
Mesh,SM_Cactus_8
Mesh,SM_Campingfire_01
Mesh,SM_Canteen_01_01_Seat1
Mesh,SM_Canteen_01_01_Seat2
Mesh,SM_Canteen_01_01_Table1
Mesh,SM_Canteen_01_01_Table2
Mesh,SM_Canteen_01_02_Seat1
Mesh,SM_Canteen_01_02_Seat2
Mesh,SM_Canteen_01_02_Table1
Mesh,SM_Canteen_01_02_Table2
Mesh,SM_Canteen_01_03_Seat1
Mesh,SM_Canteen_01_03_Seat2
Mesh,SM_Canteen_01_03_Table1
Mesh,SM_Canteen_01_03_Table2
Mesh,SM_Canteen_02_2
Mesh,SM_Canteen_02_Bench1
Mesh,SM_Canteen_02_Bench2
Mesh,SM_Canteen_02_Table
Mesh,SM_Canvas_1_1
Mesh,SM_Canvas_1_2
Mesh,SM_Canvas_1_3
Mesh,SM_Canvas_2_1
Mesh,SM_Canvas_2_2
Mesh,SM_Canvas_2_3
Mesh,SM_Canvas_Ground_1x5_1
Mesh,SM_Canvas_Ground_1x5_2
Mesh,SM_Canvas_Ground_1x5_3
Mesh,SM_Canvas_Ground_2x2_1
Mesh,SM_Canvas_Ground_2x2_2
Mesh,SM_Canvas_Ground_2x2_3
Mesh,SM_Canvas_Ground_2x4_1
Mesh,SM_Canvas_Ground_2x4_2
Mesh,SM_Canvas_Ground_2x4_3
Mesh,SM_CarPile_01
Mesh,SM_CarWashDoor_01
Mesh,SM_CarWash_Floor
Mesh,SM_CarWash_Roof
Mesh,SM_CarWash_Wall
Mesh,SM_Car_001_1
Mesh,SM_Car_001_2
Mesh,SM_Car_002
Mesh,SM_Car_003
Mesh,SM_Car_004
Mesh,SM_Car_005_1
Mesh,SM_Car_005_2
Mesh,SM_Car_01_01
Mesh,SM_Car_01_02
Mesh,SM_Car_01_03
Mesh,SM_Car_02_01
Mesh,SM_Car_02_L
Mesh,SM_Car_02_R
Mesh,SM_Car_03
Mesh,SM_Car_03_2
Mesh,SM_Car_04
Mesh,SM_Car_04_Shell
Mesh,SM_Car_Holder
Mesh,SM_Car_Instrument
Mesh,SM_Car_Seat_F
Mesh,SM_Car_Seat_R
Mesh,SM_Car_SteeringWheel
Mesh,SM_CarwashVehicle
Mesh,SM_CarwashVehicle2
Mesh,SM_CashRegister_1_1
Mesh,SM_CashRegister_1_2
Mesh,SM_CementMold1
Mesh,SM_CementMold2
Mesh,SM_CementMold3
Mesh,SM_CementMold4
Mesh,SM_Chair_01_1
Mesh,SM_Chair_01_2
Mesh,SM_Chair_01_3
Mesh,SM_Chair_02_1
Mesh,SM_Chair_02_2
Mesh,SM_Chair_02_3
Mesh,SM_Chair_02_4
Mesh,SM_Chair_03_1
Mesh,SM_Chair_03_2
Mesh,SM_Chair_03_3
Mesh,SM_Chairs
Mesh,SM_ChineseKnot
Mesh,SM_ChineseLantern_01
Mesh,SM_Cistern_01_01
Mesh,SM_Cistern_01_02
Mesh,SM_Cistern_01_03
Mesh,SM_CleaningHandcart_1
Mesh,SM_CleaningHandcart_2
Mesh,SM_CleaningHandcart_3
Mesh,SM_CleaningHandcart_4
Mesh,SM_CleaningHandcart_5
Mesh,SM_CleaningHandcart_6
Mesh,SM_Clothes_01_2
Mesh,SM_CoatHanger_1
Mesh,SM_CoatHanger_10
Mesh,SM_CoatHanger_1_Glass
Mesh,SM_CoatHanger_2
Mesh,SM_CoatHanger_3
Mesh,SM_CoatHanger_4
Mesh,SM_CoatHanger_5
Mesh,SM_CoatHanger_6
Mesh,SM_CoatHanger_7
Mesh,SM_CoatHanger_7_1
Mesh,SM_CoatHanger_8
Mesh,SM_CoatHanger_9
Mesh,SM_CoconutTree01
Mesh,SM_CoconutTree01_LOD_01
Mesh,SM_CoconutTree01_LOD_02
Mesh,SM_CoconutTree02
Mesh,SM_CoconutTree02_LOD_01
Mesh,SM_CoconutTree02_LOD_02
Mesh,SM_CoconutTree03
Mesh,SM_CoconutTree03_LOD_01
Mesh,SM_CoconutTree03_LOD_02
Mesh,SM_CoconutTree04
Mesh,SM_CoconutTree04_LOD_01
Mesh,SM_CoconutTree04_LOD_02
Mesh,SM_Coin
Mesh,SM_Collector
Mesh,SM_Computer_01_1_1
Mesh,SM_Computer_01_1_2
Mesh,SM_Computer_01_2
Mesh,SM_Computer_01_3_1
Mesh,SM_Computer_01_3_2
Mesh,SM_Computer_01_3_3
Mesh,SM_Computer_01_3_4
Mesh,SM_ContainerFrame_01
Mesh,SM_ContainerFrame_02
Mesh,SM_Container_Back
Mesh,SM_Container_Ceiling
Mesh,SM_Container_Ground
Mesh,SM_Container_L
Mesh,SM_Container_R
Mesh,SM_Container_Roof
Mesh,SM_Container_Wall
Mesh,SM_Crane_01_01
Mesh,SM_Crane_01_02_1
Mesh,SM_Crane_01_02_2
Mesh,SM_Crane_Track_03
Mesh,SM_CrawlerCrane_1
Mesh,SM_CrawlerCrane_2
Mesh,SM_CrawlerCrane_3
Mesh,SM_CryogenicDevice
Mesh,SM_CryogenicDevice_Controller
Mesh,SM_DeadTree_1
Mesh,SM_DeadTree_11
Mesh,SM_DeadTree_2
Mesh,SM_DeadTree_3
Mesh,SM_DeadTree_4
Mesh,SM_DeadTree_5
Mesh,SM_DeadTree_6
Mesh,SM_DeadTree_7
Mesh,SM_DeadTree_8
Mesh,SM_DeadTree_9
Mesh,SM_DesertHouse02_Roof
Mesh,SM_DesertHouse02_Wall
Mesh,SM_DesertMotel01_1_Floor01
Mesh,SM_DesertMotel01_1_Floor02
Mesh,SM_DesertMotel01_1_Roof
Mesh,SM_DesertMotel01_1_Wall
Mesh,SM_DesertMotel01_2_Floor01
Mesh,SM_DesertMotel01_2_Floor02
Mesh,SM_DesertMotel01_2_Roof
Mesh,SM_DesertMotel01_2_Wall
Mesh,SM_DesertMotel01_3_Floor01
Mesh,SM_DesertMotel01_3_Floor02
Mesh,SM_DesertMotel01_3_Roof
Mesh,SM_DesertMotel01_3_Wall
Mesh,SM_Desert_House03_Roof
Mesh,SM_Desert_House03_Wall
Mesh,SM_Desert_PlaneHangar_Floor
Mesh,SM_Desert_PlaneHangar_Roof_1
Mesh,SM_Desert_PlaneHangar_Roof_2
Mesh,SM_Desert_PlaneHangar_Wall
Mesh,SM_Desert_PylonSign_Gasstation
Mesh,SM_Desert_Repairbay_Floor
Mesh,SM_Desert_Repairbay_Roof_01
Mesh,SM_Desert_Repairbay_Roof_02
Mesh,SM_Desert_Repairbay_Roof_03
Mesh,SM_Desert_Repairbay_Wall
Mesh,SM_Desert_SignalStation_Floor
Mesh,SM_Desert_SignalStation_Roof
Mesh,SM_Desert_SignalStation_Wall
Mesh,SM_Desk_01_1
Mesh,SM_Desk_01_2
Mesh,SM_Dike
Mesh,SM_DistributionBox
Mesh,SM_Door_01
Mesh,SM_Door_02
Mesh,SM_Door_02_01
Mesh,SM_Door_02_02
Mesh,SM_DormantCabin
Mesh,SM_Dormit_01_Door_02
Mesh,SM_Dormit_01_Floor_03_Floor
Mesh,SM_Dormit_01_Roof_01
Mesh,SM_Dormit_01_Roof_02
Mesh,SM_Dumplings
Mesh,SM_Dumpster_01_1_1
Mesh,SM_Dumpster_01_1_2
Mesh,SM_Dumpster_01_1_3
Mesh,SM_Dumpster_01_2_1
Mesh,SM_Dumpster_01_2_2
Mesh,SM_Dumpster_01_2_3
Mesh,SM_Dumpster_01_3
Mesh,SM_Dumpster_01_4
Mesh,SM_EdgeStone_01
Mesh,SM_ElectricBox_01_1
Mesh,SM_ElectricBox_01_2
Mesh,SM_ElectricBox_02_1
Mesh,SM_ElectricBox_02_2
Mesh,SM_ElectricBox_02_3
Mesh,SM_ElectricBox_02_4
Mesh,SM_ElectricBox_03_1
Mesh,SM_ElectricControlBox_10
Mesh,SM_ElectricControlBox_11
Mesh,SM_ElectricControlBox_12
Mesh,SM_ElectricControlBox_3
Mesh,SM_ElectricControlBox_4
Mesh,SM_ElectricControlBox_5
Mesh,SM_ElectricControlBox_6
Mesh,SM_ElectricControlBox_7
Mesh,SM_ElectricControlBox_8
Mesh,SM_ElectricControlBox_9
Mesh,SM_ExhaustFan_01
Mesh,SM_FabricScroll_1
Mesh,SM_FabricScroll_2
Mesh,SM_Fabric_01
Mesh,SM_Factory_Fence_01
Mesh,SM_Factory_Fence_02
Mesh,SM_Factory_Fence_03
Mesh,SM_Factory_Fence_04
Mesh,SM_Fence01_1
Mesh,SM_Fence01_2
Mesh,SM_Fence01_3
Mesh,SM_Fence01_4
Mesh,SM_Fence01_5
Mesh,SM_Fence01_6
Mesh,SM_Fence01_7
Mesh,SM_Fence01_8
Mesh,SM_Fence01_9
Mesh,SM_Fence_03
Mesh,SM_Fence_1
Mesh,SM_Fence_2
Mesh,SM_Fence_3
Mesh,SM_Fence_4_1
Mesh,SM_Fence_4_2
Mesh,SM_Fence_5_1
Mesh,SM_Fence_5_1_Bend
Mesh,SM_Fence_5_2
Mesh,SM_Fence_5_2_Bend
Mesh,SM_Fence_6_2
Mesh,SM_Fence_7_1
Mesh,SM_Fence_7_1_Bend
Mesh,SM_Fence_8_1
Mesh,SM_Fence_8_1_Bend
Mesh,SM_Fence_8_3
Mesh,SM_Fence_8_LAB
Mesh,SM_Fence_9_1
Mesh,SM_Fence_9_2
Mesh,SM_Field_1_00
Mesh,SM_Field_1_1
Mesh,SM_Field_1_2
Mesh,SM_Field_2
Mesh,SM_Field_3_1
Mesh,SM_Field_3_2
Mesh,SM_FileCabient1
Mesh,SM_FileCabient2
Mesh,SM_FileCabient3
Mesh,SM_FileCabient4
Mesh,SM_FileCabient_L
Mesh,SM_FileCabient_L1
Mesh,SM_FileCabient_L2
Mesh,SM_FileCabient_L3
Mesh,SM_FileCabient_L4
Mesh,SM_FileCabient_M
Mesh,SM_FileCabient_M1
Mesh,SM_FileCabient_M2
Mesh,SM_FileCabient_M3
Mesh,SM_FileCabient_M4
Mesh,SM_FileCabient_S
Mesh,SM_FileCabient_S2
Mesh,SM_FileCabient_S3
Mesh,SM_FireHydrant
Mesh,SM_Flowerpot
Mesh,SM_Flowerpot_1_B
Mesh,SM_Flowerpot_1_T
Mesh,SM_Flowerpot_2_B
Mesh,SM_Flowerpot_2_T
Mesh,SM_Flowerpot_3_B
Mesh,SM_Flowerpot_3_T
Mesh,SM_Food
Mesh,SM_Forklif_01
Mesh,SM_GPU
Mesh,SM_GPUPotato
Mesh,SM_GarageDoor_1
Mesh,SM_GarageDoor_2
Mesh,SM_GarageDoor_3
Mesh,SM_GarageDoor_4
Mesh,SM_GarageDoor_5
Mesh,SM_Garbage_01_1
Mesh,SM_Garbage_01_10
Mesh,SM_Garbage_01_2
Mesh,SM_Garbage_01_3
Mesh,SM_Garbage_01_4
Mesh,SM_Garbage_01_5
Mesh,SM_Garbage_01_6
Mesh,SM_Garbage_01_7
Mesh,SM_Garbage_01_8
Mesh,SM_Garbage_01_9
Mesh,SM_GasPump_01_1
Mesh,SM_GasPump_01_2
Mesh,SM_GasPump_02_1
Mesh,SM_GasPump_02_2
Mesh,SM_GasPump_02_3
Mesh,SM_GasStation_01_Floor_01
Mesh,SM_GasStation_01_Floor_02
Mesh,SM_GasStation_01_Floor_03
Mesh,SM_GasStation_01_Roof_01
Mesh,SM_GasStation_01_Roof_02
Mesh,SM_GasStation_02_Floor1
Mesh,SM_GasStation_02_Floor2
Mesh,SM_GasStation_02_Roof_01
Mesh,SM_GasStation_02_Roof_02
Mesh,SM_GeneratorBox
Mesh,SM_GhostBell
Mesh,SM_GlassDoor_01
Mesh,SM_GlassDoor_02
Mesh,SM_GlassPiece_1
Mesh,SM_GlassPiece_10
Mesh,SM_GlassPiece_11
Mesh,SM_GlassPiece_12
Mesh,SM_GlassPiece_13
Mesh,SM_GlassPiece_14
Mesh,SM_GlassPiece_2
Mesh,SM_GlassPiece_3
Mesh,SM_GlassPiece_4
Mesh,SM_GlassPiece_5
Mesh,SM_GlassPiece_6
Mesh,SM_GlassPiece_7
Mesh,SM_GlassPiece_8
Mesh,SM_GlassPiece_9
Mesh,SM_GreenCoconut01
Mesh,SM_GreenCoconut01_LOD_1
Mesh,SM_GreenCoconut01_LOD_2
Mesh,SM_GreenCoconut02
Mesh,SM_GreenCoconut02_LOD_1
Mesh,SM_GreenCoconut02_LOD_2
Mesh,SM_GreenCoconut03
Mesh,SM_GreenCoconut03_LOD_1
Mesh,SM_GreenCoconut03_LOD_2
Mesh,SM_GreenCoconut04
Mesh,SM_GreenCoconut04_LOD_1
Mesh,SM_GreenCoconut04_LOD_2
Mesh,SM_Groundpile
Mesh,SM_Groundpile2
Mesh,SM_Groundpile3
Mesh,SM_GuardBooth_1_Door
Mesh,SM_GuardBooth_1_Floor
Mesh,SM_GuardBooth_1_Roof
Mesh,SM_GuardBooth_1_Wall
Mesh,SM_GuardBooth_2_Door
Mesh,SM_GuardBooth_2_Floor
Mesh,SM_GuardBooth_2_Roof
Mesh,SM_GuardBooth_2_Wall
Mesh,SM_GuardBooth_3_Floor
Mesh,SM_GuardBooth_3_Roof
Mesh,SM_GuardBooth_3_Wall
Mesh,SM_GuardBooth_4_Floor
Mesh,SM_GuardBooth_4_Roof
Mesh,SM_GuardBooth_4_Wall
Mesh,SM_Gunship_Body
Mesh,SM_Gunship_Propeller_1
Mesh,SM_Gunship_Propeller_2
Mesh,SM_HalfObstacle_01_LOD01
Mesh,SM_HalfObstacle_01_LOD02
Mesh,SM_HalfObstacle_01_LOD03
Mesh,SM_HalfObstacle_02_LOD01
Mesh,SM_HalfObstacle_02_LOD03
Mesh,SM_HamburgerSign
Mesh,SM_Hammer
Mesh,SM_Hangclothes_01
Mesh,SM_Hangclothes_02
Mesh,SM_Hangclothes_03
Mesh,SM_Hangclothes_04
Mesh,SM_Haystack_01
Mesh,SM_Haystack_02
Mesh,SM_Haystack_03
Mesh,SM_Haystack_04
Mesh,SM_House02_Floor1
Mesh,SM_House02_Floor2
Mesh,SM_House02_Roof_01
Mesh,SM_House02_Roof_02
Mesh,SM_House05_Floor1
Mesh,SM_House05_Floor2
Mesh,SM_House05_Roof1
Mesh,SM_House05_Window1
Mesh,SM_House05_Window2
Mesh,SM_House06_3Floor
Mesh,SM_House06_3Roof
Mesh,SM_House06_3Wall
Mesh,SM_House06_Floor
Mesh,SM_House06_Roof
Mesh,SM_House06_Wall
Mesh,SM_House_03_BKN_Roof
Mesh,SM_House_03_BKN_Wall
Mesh,SM_House_03_Floor1
Mesh,SM_House_03_Floor2
Mesh,SM_House_03_NKN_Floor
Mesh,SM_House_03_Roof1
Mesh,SM_House_03_Roof2
Mesh,SM_House_04_Chimny
Mesh,SM_House_04_Floor1
Mesh,SM_House_04_Floor2
Mesh,SM_House_04_Roof
Mesh,SM_House_Pillar_01
Mesh,SM_House_Villa_01_1
Mesh,SM_House_Villa_01_2
Mesh,SM_House_Villa_01_Roof
Mesh,SM_House_Villa_01_Wall1
Mesh,SM_House_Villa_01_Wall10
Mesh,SM_House_Villa_01_Wall11
Mesh,SM_House_Villa_01_Wall2
Mesh,SM_House_Villa_01_Wall3
Mesh,SM_House_Villa_01_Wall4
Mesh,SM_House_Villa_01_Wall5
Mesh,SM_House_Villa_01_Wall6
Mesh,SM_House_Villa_01_Wall7
Mesh,SM_House_Villa_01_Wall8
Mesh,SM_House_Villa_01_Wall9
Mesh,SM_House_Warehouse_01_2_Floor
Mesh,SM_House_Warehouse_01_2_Roof
Mesh,SM_House_Warehouse_01_2_Wall1
Mesh,SM_House_Warehouse_01_Floor
Mesh,SM_House_Warehouse_01_Roof
Mesh,SM_House_Warehouse_01_Room1
Mesh,SM_House_Warehouse_02_Floor
Mesh,SM_House_Warehouse_02_Roof
Mesh,SM_House_Warehouse_03_Floor
Mesh,SM_House_Warehouse_03_Roof_01
Mesh,SM_House_Warehouse_03_Roof_02
Mesh,SM_House_Warehouse_03_Wall
Mesh,SM_House_Warehouse_04_Floor
Mesh,SM_House_Warehouse_04_Roof
Mesh,SM_House_Warehouse_04_Roof2
Mesh,SM_House_Warehouse_05_Floor
Mesh,SM_House_Warehouse_05_Roof
Mesh,SM_House_Warehouse_05_Wall
Mesh,SM_Icehole
Mesh,SM_Indoors_Bedroom_Bed_01
Mesh,SM_Indoors_Bedroom_Bed_02
Mesh,SM_Indoors_Bedroom_Bed_03
Mesh,SM_Indoors_Bedroom_Bed_04
Mesh,SM_Indoors_Bedroom_Bed_05
Mesh,SM_Indoors_Bedroom_Bed_06
Mesh,SM_Indoors_Bedroom_Besidetable_01
Mesh,SM_Indoors_Books_01
Mesh,SM_Indoors_Books_02
Mesh,SM_Indoors_Books_03
Mesh,SM_Indoors_Books_04
Mesh,SM_Indoors_Books_05
Mesh,SM_Indoors_Books_06
Mesh,SM_Indoors_Books_07
Mesh,SM_Indoors_Books_08
Mesh,SM_Indoors_Books_09
Mesh,SM_Indoors_Books_10
Mesh,SM_Indoors_Books_11
Mesh,SM_Indoors_Books_12
Mesh,SM_Indoors_Drawer_01_1
Mesh,SM_Indoors_Drawer_01_2
Mesh,SM_Indoors_Drawer_01_3
Mesh,SM_Indoors_Drawer_01_4
Mesh,SM_Indoors_Drawer_01_5
Mesh,SM_Indoors_Drawer_01_6
Mesh,SM_Indoors_Drawer_02_1
Mesh,SM_Indoors_Drawer_02_2
Mesh,SM_Indoors_Drawer_02_3
Mesh,SM_Indoors_Drawer_02_4
Mesh,SM_Indoors_Stool_01
Mesh,SM_Indoors_Stool_02
Mesh,SM_Indoors_Study_Shelf_01
Mesh,SM_Indoors_Study_Shelf_02
Mesh,SM_Indoors_Study_Shelf_03
Mesh,SM_Indoors_Study_Shelf_04
Mesh,SM_Indoors_Study_Shelf_05
Mesh,SM_Indoors_Study_Shelf_06
Mesh,SM_Indoors_Study_Shelf_07
Mesh,SM_Indoors_Study_Shelf_08
Mesh,SM_Indoors_Study_Table_01
Mesh,SM_Indoors_Table_02_1
Mesh,SM_Indoors_Table_02_2
Mesh,SM_Indoors_Table_02_3
Mesh,SM_Indoors_Table_03
Mesh,SM_Indoors_WC1
Mesh,SM_Indoors_WC10
Mesh,SM_Indoors_WC11_1
Mesh,SM_Indoors_WC11_2
Mesh,SM_Indoors_WC12
Mesh,SM_Indoors_WC14
Mesh,SM_Indoors_WC15
Mesh,SM_Indoors_WC16
Mesh,SM_Indoors_WC2
Mesh,SM_Indoors_WC3
Mesh,SM_Indoors_WC4
Mesh,SM_Indoors_WC5
Mesh,SM_Indoors_WC6
Mesh,SM_Indoors_WC7
Mesh,SM_Indoors_WC7_2
Mesh,SM_Indoors_WC7_3
Mesh,SM_Indoors_WC8_01
Mesh,SM_Indoors_WC8_02
Mesh,SM_Indoors_WC9
Mesh,SM_Indoors_Wardrobe_01_1
Mesh,SM_Indoors_Wardrobe_01_2
Mesh,SM_Indoors_Wardrobe_01_Door_01
Mesh,SM_Indoors_Wardrobe_01_Door_02
Mesh,SM_Indoors_Wardrobe_02_1
Mesh,SM_Indoors_Wardrobe_02_2
Mesh,SM_InductionCooker_01
Mesh,SM_IslandHotel_Floor0
Mesh,SM_IslandHotel_Floor1
Mesh,SM_IslandHotel_Floor2
Mesh,SM_IslandHotel_Floor3
Mesh,SM_IslandHotel_Floor4
Mesh,SM_IslandHotel_Roof1
Mesh,SM_IslandHotel_Roof2
Mesh,SM_IslandHotel_Roof3
Mesh,SM_IslandHotel_Wall1
Mesh,SM_IslandHotel_Wall2
Mesh,SM_IslandHotel_Wall3
Mesh,SM_Island_Rock_L01_1
Mesh,SM_Island_Rock_L01_2
Mesh,SM_Island_Rock_L01_3
Mesh,SM_Island_Rock_L01_4
Mesh,SM_Island_Rock_L01_5
Mesh,SM_JALB_WallPart
Mesh,SM_JALB_WallPart1
Mesh,SM_JALB_WallPart2
Mesh,SM_JLABCard
Mesh,SM_JLABContainer_01
Mesh,SM_JLABContainer_02
Mesh,SM_JLABContainer_03
Mesh,SM_JLABWall03
Mesh,SM_JLABWall2
Mesh,SM_JLABWall3
Mesh,SM_JLABWall4
Mesh,SM_JLAB_1
Mesh,SM_JLAB_2_1
Mesh,SM_JLAB_2_2
Mesh,SM_JLAB_3
Mesh,SM_JLAB_Centrifuge_01
Mesh,SM_JLAB_Door
Mesh,SM_JLAB_Encephalograph_01_Device_01
Mesh,SM_JLAB_Logo
Mesh,SM_JLAB_Microscope_02
Mesh,SM_JLAB_Probe_Rack_01
Mesh,SM_JLAB_ProtectiveClothes
Mesh,SM_JLAB_Test_Tube_Rack_01
Mesh,SM_JLAB_Window_Indoor_02
Mesh,SM_JLAB_Window_Indoor_03
Mesh,SM_JLAB_Window_Indoor_04
Mesh,SM_JoshuaTree01
Mesh,SM_JoshuaTree01_LOD_01
Mesh,SM_JoshuaTree01_LOD_02
Mesh,SM_JoshuaTree02
Mesh,SM_JoshuaTree02_LOD_01
Mesh,SM_JoshuaTree02_LOD_02
Mesh,SM_JoshuaTree03
Mesh,SM_JoshuaTree03_LOD_01
Mesh,SM_JoshuaTree03_LOD_02
Mesh,SM_Kazoo
Mesh,SM_KitchenVentilator_01
Mesh,SM_KitchenVentilator_02
Mesh,SM_Kitchen_1
Mesh,SM_Kitchen_10
Mesh,SM_Kitchen_11
Mesh,SM_Kitchen_13
Mesh,SM_Kitchen_15
Mesh,SM_Kitchen_16
Mesh,SM_Kitchen_2
Mesh,SM_Kitchen_3
Mesh,SM_Kitchen_4
Mesh,SM_Kitchen_5
Mesh,SM_Kitchen_6_1
Mesh,SM_Kitchen_6_2
Mesh,SM_Kitchen_7
Mesh,SM_Kitchen_8
Mesh,SM_Kitchen_9
Mesh,SM_Knife
Mesh,SM_Ladder_01
Mesh,SM_Ladder_02
Mesh,SM_Ladder_03
Mesh,SM_Ladder_04
Mesh,SM_LiftingRod01
Mesh,SM_LiftingRod02
Mesh,SM_LiftingRod03
Mesh,SM_Light
Mesh,SM_Lionsculpture
Mesh,SM_LittleYellowDuck
Mesh,SM_Locker_01_1_1
Mesh,SM_Locker_01_1_2
Mesh,SM_Locker_01_2_1
Mesh,SM_Locker_01_2_2
Mesh,SM_Locker_01_3_1
Mesh,SM_Locker_01_3_2
Mesh,SM_Lockers
Mesh,SM_LogPile_01
Mesh,SM_LogPile_02
Mesh,SM_Log_01
Mesh,SM_Log_02
Mesh,SM_Log_03
Mesh,SM_Log_04
Mesh,SM_Lootbox_03_1
Mesh,SM_Lootbox_03_2
Mesh,SM_Loudspeak_01
Mesh,SM_Luggage
Mesh,SM_LumberLogPile_01
Mesh,SM_LumberLogPile_02
Mesh,SM_LumberLogPile_03
Mesh,SM_LumberLog_01
Mesh,SM_LumberLog_02
Mesh,SM_Lumberhouse_01_Floor
Mesh,SM_Lumberhouse_01_Roof
Mesh,SM_Lumberhouse_01_Wall
Mesh,SM_Lumberhouse_02_Floor
Mesh,SM_Lumberhouse_02_Roof
Mesh,SM_Lumberhouse_02_Wall
Mesh,SM_MedicalBag_01_1
Mesh,SM_MedicalBag_02_1
Mesh,SM_MedicalBag_02_2
Mesh,SM_MetalBlock01
Mesh,SM_MetalBlock02
Mesh,SM_MetalBlock03
Mesh,SM_MetalBlock04
Mesh,SM_MetalBoard_01
Mesh,SM_MetalBoard_01_1
Mesh,SM_MetalBoard_01_2
Mesh,SM_MetalBoard_01_3
Mesh,SM_MetalBoard_01_4
Mesh,SM_MetalBoard_01_5
Mesh,SM_MetalBoard_01_6
Mesh,SM_MetalBoard_01_7
Mesh,SM_MetalBoard_01_8
Mesh,SM_MetalBoard_01_9
Mesh,SM_Microtower01
Mesh,SM_Microtower02
Mesh,SM_Microtower03
Mesh,SM_MilitaryBase_Floor
Mesh,SM_MilitaryBase_Roof_01
Mesh,SM_MilitaryBase_Roof_02
Mesh,SM_MilitaryBase_Roof_03
Mesh,SM_MilitaryBase_Roof_04
Mesh,SM_MilitaryBase_Roof_05
Mesh,SM_MilitaryBase_Roof_06
Mesh,SM_MilitaryBase_Roof_07
Mesh,SM_MilitaryBase_Roof_08
Mesh,SM_MilitaryBase_Wall_01
Mesh,SM_MilitaryBase_Wall_02
Mesh,SM_MilitaryBase_Wall_03
Mesh,SM_MilitaryBase_Wall_04
Mesh,SM_MilitaryBase_Wall_05
Mesh,SM_MilitaryBase_Wall_06
Mesh,SM_MilitaryBase_Wall_07
Mesh,SM_MilitaryBase_Wall_08
Mesh,SM_MilitaryCamp_01
Mesh,SM_MilitaryCamp_01_Floor
Mesh,SM_MilitaryCamp_Wall2
Mesh,SM_MilitaryCamp_Wall4
Mesh,SM_MilitaryCamp_Wall5
Mesh,SM_MilitaryCamp_Wall6
Mesh,SM_MilitaryCamp_Wall7
Mesh,SM_MilitaryCamp_Wall8
Mesh,SM_MilitaryTruck_01
Mesh,SM_MilitaryTruck_01_Tyre
Mesh,SM_MinionGoggles02
Mesh,SM_Moonshine
Mesh,SM_MotelSign_01_1
Mesh,SM_MotelSign_01_2
Mesh,SM_MotelSign_01_3
Mesh,SM_MotelSign_02
Mesh,SM_Network_01_1
Mesh,SM_Network_01_2
Mesh,SM_Nursing_Floor
Mesh,SM_Nursing_Roof
Mesh,SM_Nursing_Wall
Mesh,SM_OFZ1
Mesh,SM_OilBarrel01
Mesh,SM_OilBarrel01_2
Mesh,SM_OilBarrel01_3
Mesh,SM_Paddleboard_01
Mesh,SM_Paddleboard_02
Mesh,SM_Paintboard_01
Mesh,SM_Paintboard_03
Mesh,SM_PaperBox_01_1
Mesh,SM_PaperBox_01_1_1
Mesh,SM_PaperBox_01_1_2
Mesh,SM_PaperBox_01_2
Mesh,SM_PaperBox_01_3
Mesh,SM_PaperBox_01_4
Mesh,SM_PaperBox_01_5
Mesh,SM_PaperBox_01_6
Mesh,SM_PaperBox_01_7
Mesh,SM_Parasol
Mesh,SM_PlasticPallet_01_01
Mesh,SM_PlasticPallet_01_02
Mesh,SM_PlasticPallet_01_03
Mesh,SM_PlasticPallet_01_04
Mesh,SM_Pole_03
Mesh,SM_PortaPotty_2
Mesh,SM_PortaPotty_Base
Mesh,SM_PortaPotty_Door
Mesh,SM_Prison_Cage
Mesh,SM_Prison_Cage1
Mesh,SM_Prison_Cage2
Mesh,SM_Prison_Cage3
Mesh,SM_Prison_Cage4
Mesh,SM_Prison_Cage4_1
Mesh,SM_Prison_Cage5
Mesh,SM_Prison_Cage6
Mesh,SM_Prison_Cage7
Mesh,SM_Prison_Cage9
Mesh,SM_Pumpjack
Mesh,SM_Quilt_01
Mesh,SM_Quilt_02
Mesh,SM_Quilt_03
Mesh,SM_Radar_1
Mesh,SM_Radar_2_B
Mesh,SM_Radar_2_M
Mesh,SM_Radar_2_T
Mesh,SM_Radar_3
Mesh,SM_Radar_3_Roof
Mesh,SM_Radar_3_Wall_1
Mesh,SM_Radar_3_Wall_2
Mesh,SM_Railing_01
Mesh,SM_Railing_02
Mesh,SM_Refrigerator_01_01
Mesh,SM_Refrigerator_01_02
Mesh,SM_Refrigerator_01_03
Mesh,SM_Refrigerator_01_04
Mesh,SM_Refrigerator_01_05
Mesh,SM_RestSheshed_02
Mesh,SM_RestSheshed_02_Wall
Mesh,SM_RestSheshed_05_Roof
Mesh,SM_RestSheshed_05_Wall
Mesh,SM_Restraunt_01_Roof
Mesh,SM_Restraunt_02_Door_1_1
Mesh,SM_Restraunt_02_Door_1_2
Mesh,SM_Restraunt_02_Door_3
Mesh,SM_Restraunt_02_Floor
Mesh,SM_Restraunt_02_Roof
Mesh,SM_Restraunt_02_Wall
Mesh,SM_RoadGuardrail
Mesh,SM_RoadMoulder01_1
Mesh,SM_Roadblock00
Mesh,SM_Roadblock01
Mesh,SM_Roadblock02
Mesh,SM_Roadblock03
Mesh,SM_Roadblock04
Mesh,SM_Roadblock05
Mesh,SM_Roadblock06
Mesh,SM_Roadblock07
Mesh,SM_Roadblock08
Mesh,SM_Roadblock09
Mesh,SM_Roadblock10
Mesh,SM_Roadblock11
Mesh,SM_Roadblock12
Mesh,SM_Roadblock13
Mesh,SM_RoadblockGRP1
Mesh,SM_RoadblockGRP10
Mesh,SM_RoadblockGRP11
Mesh,SM_RoadblockGRP2
Mesh,SM_RoadblockGRP3
Mesh,SM_RoadblockGRP4
Mesh,SM_RoadblockGRP5
Mesh,SM_RoadblockGRP6
Mesh,SM_RoadblockGRP7
Mesh,SM_RoadblockGRP8
Mesh,SM_RoadblockGRP9
Mesh,SM_RockWall_1
Mesh,SM_RockWall_2
Mesh,SM_RockWall_3
Mesh,SM_Rock_01_01
Mesh,SM_Rock_01_02
Mesh,SM_Rock_01_03
Mesh,SM_Rock_02_01
Mesh,SM_Rock_02_02
Mesh,SM_Rock_02_03
Mesh,SM_Rock_02_04
Mesh,SM_Rock_03
Mesh,SM_Rock_03_Boundary
Mesh,SM_Root
Mesh,SM_RopeFence_03_1
Mesh,SM_RopeFence_03_2
Mesh,SM_RopeFence_03_3
Mesh,SM_RopeFence_03_4
Mesh,SM_RoundStools_1
Mesh,SM_RoundStools_2
Mesh,SM_RoundStools_3
Mesh,SM_RoundStools_4
Mesh,SM_RoundStools_5
Mesh,SM_RuinedBoat
Mesh,SM_RussianBeard
Mesh,SM_SM_JLAB_Scales_01
Mesh,SM_Safe_01_1
Mesh,SM_Safe_01_2
Mesh,SM_SandBasket_1
Mesh,SM_SandBasket_2
Mesh,SM_SandBasket_3
Mesh,SM_SandBasket_4
Mesh,SM_Sawmachine_01
Mesh,SM_Sawmachine_02
Mesh,SM_Sawmachine_03
Mesh,SM_Scaffold_01
Mesh,SM_Scarecrow_01
Mesh,SM_School_Blinds
Mesh,SM_School_Blinds1
Mesh,SM_School_Blinds2
Mesh,SM_School_Blinds3
Mesh,SM_School_Blinds4
Mesh,SM_School_Door_01
Mesh,SM_School_Door_02
Mesh,SM_School_Door_03
Mesh,SM_School_Door_04
Mesh,SM_School_Door_05
Mesh,SM_School_Floor1
Mesh,SM_School_Floor2
Mesh,SM_School_Floor3
Mesh,SM_School_Floor4
Mesh,SM_School_Floor5
Mesh,SM_School_Roof1
Mesh,SM_School_Roof2
Mesh,SM_School_Roof3
Mesh,SM_School_Roof4
Mesh,SM_School_Roof5
Mesh,SM_School_Wall1
Mesh,SM_School_Wall2
Mesh,SM_School_Wall3
Mesh,SM_School_Wall4
Mesh,SM_Scullery_01
Mesh,SM_Shed_01_Floor1
Mesh,SM_Shed_01_Roof1
Mesh,SM_Shed_01_Wall1
Mesh,SM_Shed_01_Wall2
Mesh,SM_Shed_01_Wall3
Mesh,SM_Shed_01_Wall4
Mesh,SM_Shed_02_Floor1
Mesh,SM_Shed_02_Roof1
Mesh,SM_Shed_02_Wall1
Mesh,SM_Shed_02_Wall2
Mesh,SM_Shed_02_Wall3
Mesh,SM_Shed_02_Wall4
Mesh,SM_Shed_03_Floor1
Mesh,SM_Shed_03_Floor2
Mesh,SM_Shed_03_Roof1
Mesh,SM_Shelf_01_1
Mesh,SM_Shelf_01_2
Mesh,SM_Shelf_01_3
Mesh,SM_Shelf_02_1
Mesh,SM_Shelf_02_2
Mesh,SM_Shelf_02_4
Mesh,SM_Shit
Mesh,SM_ShitBall
Mesh,SM_ShitRock
Mesh,SM_Shop_01_Floor
Mesh,SM_Shop_01_Roof
Mesh,SM_Shop_01_Wall
Mesh,SM_Shop_02_Floor
Mesh,SM_Shop_02_Roof
Mesh,SM_Shop_02_Wall
Mesh,SM_Shop_03_Floor
Mesh,SM_Shop_03_Roof
Mesh,SM_Shop_03_Wall
Mesh,SM_Shop_04_Floor
Mesh,SM_Shop_04_Floor1
Mesh,SM_Shop_04_Roof
Mesh,SM_Shop_04_Roof1
Mesh,SM_Shop_04_Wall
Mesh,SM_Shop_04_Wall_02
Mesh,SM_Shop_Counter_01_1
Mesh,SM_Shop_Counter_01_2
Mesh,SM_Shop_Counter_01_3
Mesh,SM_Shop_Counter_02
Mesh,SM_Shop_Counter_03_1
Mesh,SM_Shop_Counter_03_2
Mesh,SM_Shop_Refridge_01_1
Mesh,SM_Shop_Refridge_01_2
Mesh,SM_Shop_Refridge_01_3
Mesh,SM_Shop_Refridge_02
Mesh,SM_Shop_Refridge_03
Mesh,SM_Shop_Shelf_01_10
Mesh,SM_Shop_Shelf_01_11
Mesh,SM_Shop_Shelf_01_12
Mesh,SM_Shop_Shelf_01_2
Mesh,SM_Shop_Shelf_01_3
Mesh,SM_Shop_Shelf_01_4
Mesh,SM_Shop_Shelf_01_5
Mesh,SM_Shop_Shelf_01_6
Mesh,SM_Shop_Shelf_01_7
Mesh,SM_Shop_Shelf_01_8
Mesh,SM_Shop_Shelf_01_9
Mesh,SM_ShoppingTrolley_1
Mesh,SM_ShoppingTrolley_2_1
Mesh,SM_ShoppingTrolley_2_2
Mesh,SM_ShoppingTrolley_3
Mesh,SM_Sickle
Mesh,SM_SideRoadMoulder02
Mesh,SM_SideRoadMoulder_0
Mesh,SM_SideRoadMoulder_1
Mesh,SM_SideRoadMoulder_2
Mesh,SM_SideRoadMoulder_2_SubD
Mesh,SM_SignBoard_01
Mesh,SM_SignBoard_02
Mesh,SM_SignBoard_04
Mesh,SM_SignBoard_05
Mesh,SM_Sign_01_10
Mesh,SM_Sign_01_11
Mesh,SM_Sign_01_12
Mesh,SM_Sign_01_13
Mesh,SM_Sign_01_14
Mesh,SM_Sign_01_15
Mesh,SM_Sign_01_16
Mesh,SM_Sign_01_2
Mesh,SM_Sign_01_4
Mesh,SM_Sign_01_5
Mesh,SM_Sign_01_6
Mesh,SM_Sign_01_7
Mesh,SM_Sign_01_9
Mesh,SM_SignalBox_01
Mesh,SM_SignalTower
Mesh,SM_SnowCar01
Mesh,SM_SnowCar01_Bucket
Mesh,SM_SnowCar01_Canvas
Mesh,SM_SnowCar01_Door_L
Mesh,SM_SnowCar01_Door_R
Mesh,SM_SnowCar01_Door_R_Glass
Mesh,SM_SnowCar01_Glass
Mesh,SM_SnowCar01_Railing
Mesh,SM_SnowCar01__Door_L_Glass
Mesh,SM_SnowDormit_01_Floor
Mesh,SM_SnowDormit_01_Roof_01
Mesh,SM_SnowDormit_01_Wall
Mesh,SM_SnowHotel_Ground_1
Mesh,SM_SnowHotel_Ground_2
Mesh,SM_SnowHotel_Ground_3
Mesh,SM_SnowHotel_Ground_4
Mesh,SM_SnowHotel_Ground_5
Mesh,SM_SnowHotel_Ground_6
Mesh,SM_SnowHotel_Ground_7
Mesh,SM_SnowHotel_Roof_1
Mesh,SM_SnowHotel_Roof_2
Mesh,SM_SnowHotel_Roof_3
Mesh,SM_SnowHotel_Wall_1
Mesh,SM_SnowHotel_Wall_2
Mesh,SM_SnowHotel_Wall_3
Mesh,SM_SnowHotel_Wall_4
Mesh,SM_SnowHotel_Wall_5
Mesh,SM_SnowHotel_Wall_6
Mesh,SM_SnowHotel_Wall_7
Mesh,SM_SnowHotel_Wall_8
Mesh,SM_SnowMoto_1
Mesh,SM_SnowMoto_2
Mesh,SM_SnowPile_1
Mesh,SM_SnowPile_2
Mesh,SM_SnowPile_3
Mesh,SM_SnowPile_4
Mesh,SM_SnowPile_5
Mesh,SM_SnowReserachWarehouse_Floor
Mesh,SM_SnowReserachWarehouse_Floor2
Mesh,SM_SnowReserachWarehouse_Roof
Mesh,SM_SnowReserachWarehouse_Wall
Mesh,SM_SnowTownHall_Floor_1
Mesh,SM_SnowTownHall_Floor_2
Mesh,SM_SnowTownHall_Floor_3
Mesh,SM_SnowTownHall_Floor_4
Mesh,SM_SnowTownHall_Wall_1_1
Mesh,SM_SnowTownHall_Wall_1_10
Mesh,SM_SnowTownHall_Wall_1_2
Mesh,SM_SnowTownHall_Wall_1_3
Mesh,SM_SnowTownHall_Wall_1_4
Mesh,SM_SnowTownHall_Wall_1_5
Mesh,SM_SnowTownHall_Wall_1_6
Mesh,SM_SnowTownHall_Wall_1_7
Mesh,SM_SnowTownHall_Wall_1_8
Mesh,SM_SnowTownHall_Wall_1_9
Mesh,SM_SnowTownhall_Roof
Mesh,SM_Snowman
Mesh,SM_Snowrock02
Mesh,SM_Snowrock04
Mesh,SM_SodaArcade_A
Mesh,SM_SodaArcade_B
Mesh,SM_SodaArcade_C_01
Mesh,SM_SodaArcade_C_03
Mesh,SM_SodaArcade_C_04
Mesh,SM_SodaArcade_D
Mesh,SM_SodaArcade_E
Mesh,SM_SodaArcade_F
Mesh,SM_SodaArcade_G
Mesh,SM_SodaSofa
Mesh,SM_SodaSofa2
Mesh,SM_SodaSofa3
Mesh,SM_Soda_Container
Mesh,SM_Soda_Core
Mesh,SM_Soda_DrinkingMachine1
Mesh,SM_Soda_ExhaustSystem1
Mesh,SM_Soda_ExhaustSystem10
Mesh,SM_Soda_ExhaustSystem11
Mesh,SM_Soda_ExhaustSystem12
Mesh,SM_Soda_ExhaustSystem13
Mesh,SM_Soda_ExhaustSystem14
Mesh,SM_Soda_ExhaustSystem16
Mesh,SM_Soda_ExhaustSystem2
Mesh,SM_Soda_ExhaustSystem4
Mesh,SM_Soda_ExhaustSystem5
Mesh,SM_Soda_ExhaustSystem6
Mesh,SM_Soda_ExhaustSystem7
Mesh,SM_Soda_ExhaustSystem8
Mesh,SM_Soda_ExhaustSystem9
Mesh,SM_Soda_Fan
Mesh,SM_Soda_Instrments_1
Mesh,SM_Soda_Instrments_10
Mesh,SM_Soda_Instrments_11
Mesh,SM_Soda_Instrments_3
Mesh,SM_Soda_Instrments_4
Mesh,SM_Soda_Instrments_5
Mesh,SM_Soda_Instrments_6
Mesh,SM_Soda_Instrments_7
Mesh,SM_Soda_Instrments_8
Mesh,SM_Soda_Instrments_9
Mesh,SM_Soda_Ironframe2
Mesh,SM_Soda_Ironframe3
Mesh,SM_Soda_JLABCore_01
Mesh,SM_Soda_Ladder
Mesh,SM_Soda_Pipe_1
Mesh,SM_Soda_Pipe_10
Mesh,SM_Soda_Pipe_2
Mesh,SM_Soda_Pipe_3
Mesh,SM_Soda_Pipe_4
Mesh,SM_Soda_Pipe_5
Mesh,SM_Soda_Pipe_6
Mesh,SM_Soda_Pipe_7
Mesh,SM_Soda_Pipe_8
Mesh,SM_Soda_Pipe_9
Mesh,SM_Soda_RollingShutterDoor_01_1
Mesh,SM_Soda_RollingShutterDoor_01_2
Mesh,SM_Soda_Tankertruck_01
Mesh,SM_Soda_Tankertruck_02
Mesh,SM_Sofa_1
Mesh,SM_Sofa_2
Mesh,SM_Sofa_3
Mesh,SM_Sofa_4
Mesh,SM_SolarEnergyBoard
Mesh,SM_SolarPannel01
Mesh,SM_SolarPannel02
Mesh,SM_Speaker_01
Mesh,SM_Stairs2
Mesh,SM_Stairs_01
Mesh,SM_Stairs_01_1
Mesh,SM_Stairs_01_2
Mesh,SM_Stairs_02
Mesh,SM_Stairs_New_01
Mesh,SM_Stairs_New_02
Mesh,SM_Stairs_New_03
Mesh,SM_Stairs_New_04
Mesh,SM_Stairs_New_04Mirror
Mesh,SM_Stairs_New_05
Mesh,SM_Stairs_New_06
Mesh,SM_Stairs_New_07
Mesh,SM_Stairs_New_07_2
Mesh,SM_Stairs_New_08
Mesh,SM_Stairs_New_09
Mesh,SM_Stairs_New_10
Mesh,SM_Stairs_New_11
Mesh,SM_Stairs_New_12
Mesh,SM_Stairs_New_13
Mesh,SM_Stairs_New_14
Mesh,SM_Stairs_New_15
Mesh,SM_Stairs_New_16
Mesh,SM_Stairs_New_16Mirror
Mesh,SM_Stairs_New_17
Mesh,SM_Stairs_New_18
Mesh,SM_Stairs_New_18Mirror
Mesh,SM_Stairs_New_21
Mesh,SM_Stairs_Soda_01
Mesh,SM_Stairs_Soda_02
Mesh,SM_Stairs_Soda_03
Mesh,SM_Stairs_Soda_04
Mesh,SM_Starter
Mesh,SM_SteelDoorFrame_01
Mesh,SM_SteelDoor_01
Mesh,SM_SteelFrame_01_1
Mesh,SM_SteelFrame_01_2
Mesh,SM_SteelFrame_01_3
Mesh,SM_SteelFrame_01_4
Mesh,SM_SteelFrame_01_5
Mesh,SM_SteelFrame_01_6
Mesh,SM_SteelHouse_10_Floor
Mesh,SM_SteelHouse_10_Roof
Mesh,SM_SteelHouse_10_Wall
Mesh,SM_SteelHouse_11_Floor
Mesh,SM_SteelHouse_11_Glass
Mesh,SM_SteelHouse_11_Roof
Mesh,SM_SteelHouse_11_Wall
Mesh,SM_SteelHouse_11_Wire
Mesh,SM_SteelHouse_1_Floor
Mesh,SM_SteelHouse_1_Roof
Mesh,SM_SteelHouse_1_Wall
Mesh,SM_SteelHouse_2_Floor
Mesh,SM_SteelHouse_2_Roof
Mesh,SM_SteelHouse_2_Wall
Mesh,SM_SteelHouse_3_Floor
Mesh,SM_SteelHouse_3_Roof
Mesh,SM_SteelHouse_3_Wall
Mesh,SM_SteelHouse_5_Floor
Mesh,SM_SteelHouse_5_Roof
Mesh,SM_SteelHouse_5_Wall_1
Mesh,SM_SteelHouse_5_Wall_2
Mesh,SM_SteelHouse_6_Floor
Mesh,SM_SteelHouse_6_Roof
Mesh,SM_SteelHouse_6_Wall_1
Mesh,SM_SteelHouse_6_Wall_2
Mesh,SM_SteelHouse_7_Floor
Mesh,SM_SteelHouse_7_Roof
Mesh,SM_SteelHouse_7_Wall_1
Mesh,SM_SteelHouse_7_Wall_2
Mesh,SM_SteelHouse_9_Floor
Mesh,SM_SteelHouse_9_Roof
Mesh,SM_SteelHouse_9_Wall
Mesh,SM_Steels_1_1
Mesh,SM_Steels_1_11
Mesh,SM_Steels_1_12
Mesh,SM_Steels_1_13
Mesh,SM_Steels_1_15
Mesh,SM_Steels_1_16
Mesh,SM_Steels_1_17
Mesh,SM_Steels_1_2
Mesh,SM_Steels_1_4
Mesh,SM_Steels_1_8
Mesh,SM_Steels_1_9
Mesh,SM_Steels_2_1
Mesh,SM_Steels_2_2
Mesh,SM_Steels_2_3
Mesh,SM_Steels_2_4
Mesh,SM_Steels_2_5
Mesh,SM_Stone_01_01
Mesh,SM_Stone_01_02
Mesh,SM_Stone_01_03
Mesh,SM_Stone_01_04
Mesh,SM_Stone_01_05
Mesh,SM_Stone_01_06
Mesh,SM_Stone_01_07
Mesh,SM_Stone_01_08
Mesh,SM_Stone_Brick2x2_2_1
Mesh,SM_Stone_Brick2x2_2_2
Mesh,SM_Stone_Brick2x2_3
Mesh,SM_Stone_Column_1
Mesh,SM_Stone_Column_1_Broken_1
Mesh,SM_Stone_Column_1_Broken_3
Mesh,SM_Stone_Door_Broken
Mesh,SM_Store_01_Floor
Mesh,SM_Store_01_Roof
Mesh,SM_Store_01_Roof1
Mesh,SM_Store_01_Roof2
Mesh,SM_Store_01_Wall
Mesh,SM_Store_01_Wall1
Mesh,SM_Store_01_Wall2
Mesh,SM_Store_01_Wall3
Mesh,SM_Store_01_Wall4
Mesh,SM_Store_01_Wall5
Mesh,SM_StreetSign01
Mesh,SM_Streetlamp_1_1
Mesh,SM_Streetlamp_1_3
Mesh,SM_Streetlamp_1_4
Mesh,SM_Streetlamp_1_5
Mesh,SM_Streetlamp_2_1
Mesh,SM_Streetlamp_2_2
Mesh,SM_Streetlamp_3_1
Mesh,SM_Streetlamp_3_2
Mesh,SM_Streetlamp_4_1
Mesh,SM_Streetlamp_4_2
Mesh,SM_Streetlamp_4_3
Mesh,SM_Streetlamp_4_4
Mesh,SM_Streetlamp_4_5
Mesh,SM_Streetlamp_4_6
Mesh,SM_Studio_Background
Mesh,SM_Studio_Box_1
Mesh,SM_Studio_Box_2
Mesh,SM_Studio_Cam_1
Mesh,SM_Studio_Cam_2
Mesh,SM_Studio_LampHolder_1
Mesh,SM_Studio_LampHolder_2
Mesh,SM_Studio_LampHolder_3
Mesh,SM_Studio_Lamp_1
Mesh,SM_Studio_Lamp_3
Mesh,SM_Studio_Lamp_4
Mesh,SM_Studio_Lamp_5
Mesh,SM_Studio_Lamp_6
Mesh,SM_Studio_MC
Mesh,SM_Studio_Tripod_2
Mesh,SM_Studio_VoiceBox_1
Mesh,SM_Studio_VoiceBox_2
Mesh,SM_StuffGroup_01
Mesh,SM_Suitcase_01_1
Mesh,SM_Suitcase_01_2
Mesh,SM_Suitcase_02
Mesh,SM_Sundries
Mesh,SM_Switch_1_Base
Mesh,SM_Switch_1_Rod
Mesh,SM_Switch_2_Base
Mesh,SM_Switch_2_Rod
Mesh,SM_TVSatelliteDish01_1
Mesh,SM_TVSatelliteDish01_2
Mesh,SM_TVSatelliteDish02_1
Mesh,SM_TVSatelliteDish02_2
Mesh,SM_TVSatelliteDish03_1
Mesh,SM_TVSatelliteDish03_2
Mesh,SM_Table_01_1
Mesh,SM_Table_01_2
Mesh,SM_Table_01_3
Mesh,SM_Table_01_4
Mesh,SM_Table_01_5
Mesh,SM_Table_01_6
Mesh,SM_Table_02_1
Mesh,SM_Table_02_2
Mesh,SM_Table_03_1
Mesh,SM_Table_03_1_JLAB_Temp
Mesh,SM_Table_03_2
Mesh,SM_Table_03_2_JLAB_Temp
Mesh,SM_Table_Clothes_01_1
Mesh,SM_Table_Clothes_01_2
Mesh,SM_Table_Clothes_01_3
Mesh,SM_Tables
Mesh,SM_Tank_B
Mesh,SM_Tank_T
Mesh,SM_TeaTable
Mesh,SM_TechnicalSuppliesBox1
Mesh,SM_TechnicalSuppliesBox2
Mesh,SM_TelegraphPole_01_01
Mesh,SM_TelegraphPole_01_02
Mesh,SM_TelegraphPole_05
Mesh,SM_TelephoneBooth_01
Mesh,SM_TelephoneBooth_02_01
Mesh,SM_TelephoneBooth_02_02
Mesh,SM_TelephonePole
Mesh,SM_Tent_01
Mesh,SM_Tent_02
Mesh,SM_Tent_1_10_Floor
Mesh,SM_Tent_1_10_Roof
Mesh,SM_Tent_1_10_Wall
Mesh,SM_Tent_1_11_Floor
Mesh,SM_Tent_1_11_Roof
Mesh,SM_Tent_1_11_Wall
Mesh,SM_Tent_1_12_Floor
Mesh,SM_Tent_1_12_Frame
Mesh,SM_Tent_1_12_Roof
Mesh,SM_Tent_1_12_Wall
Mesh,SM_Tent_1_3_Floor
Mesh,SM_Tent_1_3_Frame
Mesh,SM_Tent_1_3_Roof
Mesh,SM_Tent_1_3_Wall
Mesh,SM_Tent_1_4_Floor
Mesh,SM_Tent_1_4_Frame
Mesh,SM_Tent_1_4_Roof
Mesh,SM_Tent_1_4_Wall
Mesh,SM_Tent_1_5_Floor
Mesh,SM_Tent_1_5_Frame
Mesh,SM_Tent_1_5_Roof
Mesh,SM_Tent_1_5_Wall
Mesh,SM_Tent_1_6_Floor
Mesh,SM_Tent_1_6_Frame
Mesh,SM_Tent_1_6_Roof
Mesh,SM_Tent_1_6_Wall
Mesh,SM_Tent_1_7_Floor
Mesh,SM_Tent_1_7_Frame
Mesh,SM_Tent_1_7_Roof
Mesh,SM_Tent_1_7_Wall
Mesh,SM_Tent_1_8_Frame
Mesh,SM_Tent_2_1_Floor
Mesh,SM_Tent_2_1_Frame
Mesh,SM_Tent_2_1_Roof
Mesh,SM_Tent_2_1_Wall
Mesh,SM_Tent_2_2_Floor
Mesh,SM_Tent_2_2_Frame
Mesh,SM_Tent_2_2_Roof
Mesh,SM_Tent_2_2_Wall
Mesh,SM_Tent_3_1_Floor
Mesh,SM_Tent_3_1_Frame
Mesh,SM_Tent_3_1_Roof
Mesh,SM_Tent_3_1_Wall
Mesh,SM_Tent_3_2_Floor
Mesh,SM_Tent_3_2_Frame
Mesh,SM_Tent_3_2_Roof
Mesh,SM_Tent_3_2_Wall
Mesh,SM_Tent_3_3_Floor
Mesh,SM_Tent_3_3_Frame
Mesh,SM_Tent_3_3_Roof
Mesh,SM_Tent_3_3_Wall
Mesh,SM_Tent_3_4_Floor
Mesh,SM_Tent_3_4_Frame
Mesh,SM_Tent_3_4_Roof
Mesh,SM_Tent_3_4_Wall
Mesh,SM_Tent_3_5_Floor
Mesh,SM_Tent_3_5_Frame
Mesh,SM_Tent_3_5_Roof
Mesh,SM_Tent_3_5_Wall
Mesh,SM_Tent_4_1_Floor
Mesh,SM_Tent_4_1_Frame
Mesh,SM_Tent_4_1_Roof
Mesh,SM_Tent_4_1_Wall
Mesh,SM_Tent_4_2_Floor
Mesh,SM_Tent_4_2_Frame
Mesh,SM_Tent_4_2_Roof
Mesh,SM_Tent_4_2_Wall
Mesh,SM_Tent_5_1_Floor
Mesh,SM_Tent_5_1_Frame
Mesh,SM_Tent_5_1_Roof
Mesh,SM_Tent_5_1_Wall
Mesh,SM_Tent_5_2_Floor
Mesh,SM_Tent_5_2_Frame
Mesh,SM_Tent_5_2_Roof
Mesh,SM_Tent_5_2_Wall
Mesh,SM_Tent_5_3_Floor
Mesh,SM_Tent_5_3_Frame
Mesh,SM_Tent_5_3_Roof
Mesh,SM_Tent_5_3_Wall
Mesh,SM_Tent_5_4_Floor
Mesh,SM_Tent_5_4_Frame
Mesh,SM_Tent_5_4_Roof
Mesh,SM_Tent_5_4_Wall
Mesh,SM_Tent_Door_L_1
Mesh,SM_Tent_Door_R_1
Mesh,SM_Terrain
Mesh,SM_ThermometerBox_1
Mesh,SM_ThermometerBox_2
Mesh,SM_Tomb_01
Mesh,SM_Tomb_02
Mesh,SM_Tomb_03
Mesh,SM_Tomb_04
Mesh,SM_Tomb_05
Mesh,SM_Tomb_06
Mesh,SM_Toolbox1
Mesh,SM_Toolbox2
Mesh,SM_Toolbox_02
Mesh,SM_Tools_01
Mesh,SM_TouchFish_Aya
Mesh,SM_TouchFish_Eyebrows
Mesh,SM_TouchFish_Foot
Mesh,SM_TouchFish_Hat
Mesh,SM_TouchFish_Mouth
Mesh,SM_Tower
Mesh,SM_Townhall_Floor1
Mesh,SM_Townhall_Floor2
Mesh,SM_Townhall_Floor3
Mesh,SM_Townhall_Roof1
Mesh,SM_Townhall_Roof2
Mesh,SM_Townhall_Roof3
Mesh,SM_Townhall_Roof4
Mesh,SM_Townhall_Roof5
Mesh,SM_Townhall_Roof6
Mesh,SM_Townhall_Roof7
Mesh,SM_Townhall_Wall1
Mesh,SM_Townhall_Wall10
Mesh,SM_Townhall_Wall11
Mesh,SM_Townhall_Wall12
Mesh,SM_Townhall_Wall13
Mesh,SM_Townhall_Wall14
Mesh,SM_Townhall_Wall2
Mesh,SM_Townhall_Wall3
Mesh,SM_Townhall_Wall4
Mesh,SM_Townhall_Wall5
Mesh,SM_Townhall_Wall6
Mesh,SM_Townhall_Wall7
Mesh,SM_Townhall_Wall8
Mesh,SM_Townhall_Wall9
Mesh,SM_TrafficIndicatorStand_1
Mesh,SM_TrafficIndicatorStand_2
Mesh,SM_TrafficSigns_1
Mesh,SM_TrafficSigns_2
Mesh,SM_TrafficSigns_3
Mesh,SM_TrailerHouse1_Door
Mesh,SM_TrailerHouse1_Glass
Mesh,SM_TrailerHouse1_Ground
Mesh,SM_TrailerHouse1_Roof
Mesh,SM_TrailerHouse1_Wall
Mesh,SM_TrailerHouse3_Door
Mesh,SM_TrailerHouse3_Door_R
Mesh,SM_TrailerHouse3_Ground
Mesh,SM_TrailerHouse3_Roof
Mesh,SM_TrailerHouse3_Wall
Mesh,SM_TrailerHouseTop01
Mesh,SM_TrailerHouseTop02
Mesh,SM_TrailerHouse_Shed_Roof
Mesh,SM_TrailerHouse_Shed_Wall
Mesh,SM_TrainCarriage01_1
Mesh,SM_TrainCarriage01_1_Door
Mesh,SM_TrainCarriage01_2
Mesh,SM_TrainEngine_01
Mesh,SM_TrainEngine_02
Mesh,SM_TrainEngine_02_Roof
Mesh,SM_TrainEngine_02_Roof3
Mesh,SM_TrainEngine_Door_01
Mesh,SM_TrainEngine_Door_02
Mesh,SM_TrainTrailer
Mesh,SM_Transformer_A_01
Mesh,SM_Transformer_A_02
Mesh,SM_Transformer_B_01
Mesh,SM_Tree_03
Mesh,SM_Tree_03_LOD_01
Mesh,SM_Tree_03_LOD_02
Mesh,SM_Tree_04
Mesh,SM_Tree_04_LOD_01
Mesh,SM_Tree_04_LOD_02
Mesh,SM_Tree_06
Mesh,SM_Tree_06_LOD_01
Mesh,SM_Tree_06_LOD_02
Mesh,SM_Tree_LOD_01
Mesh,SM_Tree_LOD_02
Mesh,SM_Tree_LOD_03
Mesh,SM_Tree_Manor
Mesh,SM_Tree_Manor_LOD_01
Mesh,SM_Tree_Manor_LOD_02
Mesh,SM_Truck_02_01
Mesh,SM_Truck_02_02
Mesh,SM_Truck_02_Tyre1
Mesh,SM_Truck_02_Tyre2
Mesh,SM_Tyre_02
Mesh,SM_UtilityPole_01
Mesh,SM_UtilityPole_02
Mesh,SM_Utility_Cart_07
Mesh,SM_Ventilation_Soda
Mesh,SM_Ventilation_Soda1
Mesh,SM_Ventilation_Soda2
Mesh,SM_Ventilation_Soda3
Mesh,SM_VillaWall_01
Mesh,SM_VillaWall_02
Mesh,SM_VillaWall_03
Mesh,SM_Vines1
Mesh,SM_Vines10
Mesh,SM_Vines2
Mesh,SM_Vines3
Mesh,SM_Vines4
Mesh,SM_Vines5
Mesh,SM_Vines6
Mesh,SM_Vines8
Mesh,SM_Vines9
Mesh,SM_VinesWall1
Mesh,SM_VinesWall2
Mesh,SM_VinesWall3
Mesh,SM_WC_Board_01
Mesh,SM_WC_Board_02
Mesh,SM_WC_Board_03
Mesh,SM_WC_Board_04
Mesh,SM_WF_Shelf_01
Mesh,SM_WF_Shelf_02
Mesh,SM_WF_Shelf_03
Mesh,SM_WF_Shelf_04
Mesh,SM_WF_Stool_01
Mesh,SM_WF_Stool_02
Mesh,SM_WF_Table_01
Mesh,SM_WallCellar
Mesh,SM_WallCellarTop
Mesh,SM_Wall_00
Mesh,SM_Wall_01
Mesh,SM_Wall_01_1
Mesh,SM_Wall_01_2
Mesh,SM_Wall_01_3
Mesh,SM_Wall_01_4
Mesh,SM_Wall_02
Mesh,SM_Wall_03
Mesh,SM_Wall_04
Mesh,SM_Wall_05
Mesh,SM_Wall_06
Mesh,SM_Wall_07
Mesh,SM_Wall_08
Mesh,SM_Wall_09
Mesh,SM_Wall_11
Mesh,SM_Wall_13
Mesh,SM_Wall_15
Mesh,SM_Wall_Moulder
Mesh,SM_Wall_Moulder2
Mesh,SM_Wall_Moulder3
Mesh,SM_Wall_Moulder4
Mesh,SM_WarningSign01
Mesh,SM_WarningSign02
Mesh,SM_WarningSign03
Mesh,SM_Water
Mesh,SM_WaterButt_01
Mesh,SM_WaterButt_02
Mesh,SM_WaterButt_03
Mesh,SM_WaterTank_01
Mesh,SM_WaterTank_02_01
Mesh,SM_WaterTank_02_02
Mesh,SM_WaterTank_03_1
Mesh,SM_WaterTank_03_2
Mesh,SM_Weapons
Mesh,SM_Weapons_02
Mesh,SM_WheelLoader01_1
Mesh,SM_WoodBench
Mesh,SM_WoodBox_01_1
Mesh,SM_WoodBox_01_2
Mesh,SM_WoodBox_01_3_1
Mesh,SM_WoodBox_01_3_2
Mesh,SM_WoodBox_01_4_1
Mesh,SM_WoodBox_01_4_2
Mesh,SM_WoodNoticeboard_01
Mesh,SM_WoodNoticeboard_03
Mesh,SM_WoodShelf1
Mesh,SM_WoodShelf2
Mesh,SM_WoodShelf3
Mesh,SM_WoodShelf4
Mesh,SM_WoodShelf5
Mesh,SM_WoodStictickpile_01
Mesh,SM_Wood_Barrel
Mesh,SM_Wood_Bench
Mesh,SM_Wood_Billboard
Mesh,SM_Wood_Fence_1
Mesh,SM_Wood_Fence_2
Mesh,SM_Wood_Fence_3
Mesh,SM_Wood_Fence_4
Mesh,SM_Wood_Fence_5
Mesh,SM_Wood_Guidepost_1
Mesh,SM_Wood_Guidepost_2
Mesh,SM_Wood_Guidepost_3
Mesh,SM_Wood_Trolley_1
Mesh,SM_Wood_Trolley_2
Mesh,SM_Wood_Water_Tawer
Mesh,SM_Wood_Weapons_Shelf
Mesh,SM_WoodboardPile_01
Mesh,SM_WoodboardPile_02
Mesh,SM_Woodbox_02
Mesh,SM_WoodenPallet_01
Mesh,SM_WoodenPallet_02
Mesh,SM_WoodenPallet_03
Mesh,SM_WoodenPallet_04
Mesh,SM_Woodenboat_01
Mesh,SM_Woodenboat_02
Mesh,SM_Woodpile_01
Mesh,SM_Woodpile_02
Mesh,SM_Woodpile_03
Mesh,SM_Woodpile_05
Mesh,SM_villageRoof.001
Mesh,Scaffolding
Mesh,Scaffolding1
Mesh,Scaffolding4
Mesh,Scaffolding_part1
Mesh,Scope_AR_4X_1
Mesh,Scope_All_2X_1
Mesh,Scope_All_Digit_1
Mesh,Scope_All_Holo_1
Mesh,Scope_All_Long_1
Mesh,Scope_All_RedDot_1
Mesh,Scope_SNP_8X_11
Mesh,Screen
Mesh,Screen_01
Mesh,Screen_02
Mesh,Screen_02_Part_01
Mesh,Screen_02_Part_02
Mesh,Shell
Mesh,Shelves_model
Mesh,Shelves_model02
Mesh,ShoeSneaker_Sub.003
Mesh,Shotgun
Mesh,ShotgunShell
Mesh,Shotgun_LP
Mesh,Shovel01
Mesh,Shovel02
Mesh,ShowIf_Grip
Mesh,ShowIf_Scope
Mesh,ShowIf_Stock
Mesh,ShowIf_Tec
Mesh,SideWall01
Mesh,Skm_Body_C01
Mesh,Skm_Body_C01_1
Mesh,Skm_Body_C01_2
Mesh,Skm_Weapon_A_008
Mesh,SmokeQuad
Mesh,"Sneaker 1_(384;00, 0;00, 384;00)__10_Shadow_On_1008"
Mesh,"Sneaker 1_(384;00, 0;00, 384;00)__5_Shadow_On_1008"
Mesh,"Sneaker_(384;00, 0;00, 384;00)__4_Shadow_On_1234"
Mesh,"Sneaker_(384;00, 0;00, 384;00)__9_Shadow_On_1234"
Mesh,Sniper_LP
Mesh,SnowPile_01
Mesh,SnowPile_02
Mesh,SnowPile_03
Mesh,SnowPile_04
Mesh,SnowPile_05
Mesh,Snowrock_01
Mesh,Snowrock_03
Mesh,SodaPointLightMesh
Mesh,"SodaShieldBoss_(64;00, 64;00, -64;00)__11_Shadow_On_690"
Mesh,Sphere
Mesh,Sphere.001
Mesh,SplineExtrude_Spline
Mesh,Sterilizer_01
Mesh,Sterilizer_01_Door_01
Mesh,Sterilizer_02
Mesh,Stock_ALL_MOV_1
Mesh,Stock_ALL_REC_1
Mesh,Stock_ALL_REC_2
Mesh,Stock_ALL_REL_1
Mesh,Stock_ALL_SCA_3
Mesh,Stock_ALL_SCA_5
Mesh,Stock_SNP_SCA_4
Mesh,Stone_2_3
Mesh,Stone_Column_RE_1_1
Mesh,Stone_Column_RE_1_2
Mesh,Stone_Column_RE_1_3
Mesh,Stone_Console_1
Mesh,Stone_Console_2
Mesh,Stone_Door
Mesh,Stone_Door_Bro
Mesh,Stone_Lion
Mesh,Stone_Tablet
Mesh,Stone_Tablet_02
Mesh,Stone_Tablet_03
Mesh,Suit_FC_Armor
Mesh,Suit_FC_Bag
Mesh,Sunglass01
Mesh,Surgery_Machine_01
Mesh,Surgery_Machine_01_Part_01
Mesh,Surgery_Machine_01_Part_02
Mesh,Surgery_Machine_01_Part_03
Mesh,Surgery_Machine_01_Part_04
Mesh,Surgery_Machine_01_Part_05
Mesh,Surgical_Laser_01
Mesh,Surgical_Laser_01_Part_01
Mesh,Surgical_Laser_01_Part_02
Mesh,Surgical_Laser_01_Part_03
Mesh,Surgical_Laser_01_Part_04
Mesh,Surgical_Table_02
Mesh,SwimRing
Mesh,TSH_4M_L
Mesh,Tagilla
Mesh,TeamWendyEXFIL
Mesh,TeamWendyEXFIL_Strap
Mesh,Tec_Flashlight_NON_1
Mesh,Tec_Laser_ADS_1
Mesh,Tec_Laser_ADS_2
Mesh,Tec_Laser_CIT_1
Mesh,Tec_Laser_SCA_1
Mesh,Tec_Laser_SCA_2
Mesh,TelevisionRobot
Mesh,TentShadowCaster2
Mesh,Terrain_01_Snow
Mesh,Test_Crane
Mesh,Test_RoadMoulder01_2
Mesh,Test_RoadMoulder02
Mesh,Test_RoadMoulder04
Mesh,Test_Rope
Mesh,Test_Rope2
Mesh,Test_SideRoadMoulder02
Mesh,Test_Track2
Mesh,Text_C
Mesh,Text_L
Mesh,Text_O
Mesh,ThermalGoggles_LV3
Mesh,Trap01
Mesh,Trap02
Mesh,Trap03
Mesh,Trash_Biohazard_01
Mesh,Tri_Wall
Mesh,Tripod_01
Mesh,Tripod_02
Mesh,Tripod_03
Mesh,Tripod_04
Mesh,Type00
Mesh,Type01
Mesh,Type02
Mesh,Type03
Mesh,Type04
Mesh,UCS_SM_Island_Rock_L01_1
Mesh,UCS_SM_Island_Rock_L01_2
Mesh,UCS_SM_Island_Rock_L01_3
Mesh,UCS_SM_Island_Rock_L01_4
Mesh,UCS_SM_Island_Rock_L01_5
Mesh,UCX_OfficeCeilingLight02_2_01
Mesh,UCX_OfficeClothesHanger01_01
Mesh,UCX_OfficeClothesHanger01_02
Mesh,UCX_OfficeClothesHanger01_03
Mesh,UCX_OfficeClothesHanger01_04
Mesh,UCX_OfficeClothesHanger01_05
Mesh,UCX_OfficeClothesHanger01_06
Mesh,UCX_OfficeClothesHanger01_07
Mesh,UCX_OfficeClothesHanger01_08
Mesh,UCX_OfficeClothesHanger01_09
Mesh,UCX_OfficeClothesHanger01_10
Mesh,UCX_OfficeDeskSet01_01
Mesh,UCX_OfficeDeskSet02_10_01
Mesh,UCX_OfficeDeskSet02_12_01
Mesh,UCX_OfficeDeskSet02_14_01
Mesh,UCX_OfficeDeskSet02_1_01
Mesh,UCX_OfficeDeskSet02_4_01
Mesh,UCX_OfficeDeskSet02_6_01
Mesh,UCX_OfficeDeskSet02_7_01
Mesh,UCX_OfficeDeskSet02_8_01
Mesh,UCX_OfficeDeskSet02_9_01
Mesh,UCX_OfficeReception01_3_01
Mesh,UCX_OfficeReception01_3_02
Mesh,UCX_OfficeReception01_3_03
Mesh,UCX_OfficeReception01_3_04
Mesh,UCX_OfficeReception01_3_05
Mesh,UCX_OfficeTV01_2_01
Mesh,UCX_OfficeTV01_2_02
Mesh,UCX_OfficeTV01_2_03
Mesh,UCX_ShitRock
Mesh,UCX_Snowrock02
Mesh,UIM_Files
Mesh,UIM_LEDX
Mesh,UreaBag
Mesh,Usable_PaperBox
Mesh,Utility_Cart_08
Mesh,Utility_Cart_13
Mesh,Utility_Cart_13_Shelf_01
Mesh,Vechile_Island_Moto1
Mesh,Vechile_Island_Moto2
Mesh,Vechile_Island_Moto3
Mesh,Vechile_Island_Moto4
Mesh,Vehicle_Horse
Mesh,WD40
Mesh,WPN_AA12
Mesh,WPN_ADAR
Mesh,WPN_AHBow
Mesh,WPN_AK103
Mesh,WPN_AK103_Stock
Mesh,WPN_AK47
Mesh,WPN_AK74U
Mesh,WPN_AK74U_2
Mesh,WPN_AK74U_T
Mesh,WPN_ASVAL
Mesh,WPN_AUGA1
Mesh,WPN_AUGA3
Mesh,WPN_AUGA3_Muzzle
Mesh,WPN_Ash_12
Mesh,WPN_Ash_12_Barrel_1
Mesh,WPN_Ash_12_Barrel_2
Mesh,WPN_BarrettM1892
Mesh,WPN_BrainController
Mesh,WPN_ButcherKnife
Mesh,WPN_CandyShotgun
Mesh,WPN_Carrot
Mesh,WPN_CompoundBow
Mesh,WPN_CopperCoinSword
Mesh,WPN_Corn
Mesh,WPN_Crossbow
Mesh,WPN_CubeGun
Mesh,WPN_DTMDR556
Mesh,WPN_DTMDR556_Muzzle
Mesh,WPN_DTMDR556_ShowIf_Tec
Mesh,WPN_DTMDR762
Mesh,WPN_DTMDR762_Muzzle
Mesh,WPN_DTMDR762_ShowIf_Tec
Mesh,WPN_DesertEagle
Mesh,WPN_DryHand
Mesh,WPN_ElectricBaton
Mesh,WPN_Fireworks
Mesh,WPN_FishGiantSword
Mesh,WPN_Glock
Mesh,WPN_IceSword_2
Mesh,WPN_M14
Mesh,WPN_M16
Mesh,WPN_M16_Muzzle
Mesh,WPN_M16_ShowIf_Scope
Mesh,WPN_M16_Stock
Mesh,WPN_M1A
Mesh,WPN_M4
Mesh,WPN_M4_Muzzle
Mesh,WPN_M4_Scope
Mesh,WPN_M4_Stock
Mesh,WPN_M700
Mesh,WPN_M700_ShowIf_Tec
Mesh,WPN_MCXSpear
Mesh,WPN_MCXSpear_Muzzle
Mesh,WPN_MCXSpear_Scope
Mesh,WPN_MCXSpear_Showif_Tec
Mesh,WPN_MCXSpear_Stock
Mesh,WPN_MK47
Mesh,WPN_MK47_Muzzle
Mesh,WPN_MK47_Scope
Mesh,WPN_MK47_ShowIf_Grip
Mesh,WPN_MK47_ShowIf_Tec
Mesh,WPN_MK47_Stock
Mesh,WPN_MP155
Mesh,WPN_MP155Ultima
Mesh,WPN_MP5
Mesh,WPN_MP7
Mesh,WPN_MPX
Mesh,WPN_MPX_Muzzle
Mesh,WPN_MPX_Scope
Mesh,WPN_MPX_Stock
Mesh,WPN_Minotaur
Mesh,WPN_Mosin
Mesh,WPN_PM
Mesh,WPN_PP19Bizon
Mesh,WPN_PPSH
Mesh,WPN_PhysicalStaff
Mesh,WPN_QBZ191
Mesh,WPN_QBZ191_Muzzle
Mesh,WPN_QBZ191_Scope
Mesh,WPN_QBZ191_Stock
Mesh,WPN_RPD
Mesh,WPN_RPG7
Mesh,WPN_RPK16
Mesh,WPN_RPK16_Muzzle
Mesh,WPN_RPK16_Stock
Mesh,WPN_SKS
Mesh,WPN_SR3M
Mesh,WPN_SV98
Mesh,WPN_SaltedFish
Mesh,WPN_Scallion
Mesh,WPN_Shovel02
Mesh,WPN_Slideway
Mesh,WPN_SniperRifle
Mesh,WPN_SnowBall
Mesh,WPN_SnowBall_Sight
Mesh,WPN_TOZ106
Mesh,WPN_TOZ66_L
Mesh,WPN_TOZ66_S
Mesh,WPN_TT33
Mesh,WPN_Toilet
Mesh,WPN_Toilet_2
Mesh,WPN_UMP45
Mesh,WPN_UMP45_Stock
Mesh,WPN_UZIPRO_Pistol
Mesh,WPN_VPO136
Mesh,WPN_VPO215
Mesh,WPN_VSS
Mesh,WPN_Vector_9
Mesh,WPN_Vector_9_Muzzle
Mesh,WPN_Vector_9_Stock
Mesh,WPN_WW_Carlotta
Mesh,WPN_WW_Carlotta_Ring
Mesh,WPN_WW_Lynae
Mesh,WPN_Watergun
Mesh,WPN_Watergun1
Mesh,Wall
Mesh,"WarmKeeper_Blue 1_(64;00, 64;00, -64;00)__5_Shadow_On_3400"
Mesh,Watch01
Mesh,Water01
Mesh,WaterPipe01_1
Mesh,WaterPipe01_2
Mesh,WaterPipe01_3
Mesh,WaterPipe01_4
Mesh,WaterPipe01_5
Mesh,WaterPipe01_6
Mesh,WaterPipe01_7
Mesh,WaterPipe01_Base
Mesh,WaterPipe02_1
Mesh,WaterPipe02_2
Mesh,Watermelon.004
Mesh,WheelChair_01
Mesh,WhiteGown.007
Mesh,Wings.L
Mesh,Wings_WalkingDead
Mesh,"Wood_(384;00, 0;00, 384;00)__41_Shadow_On_154"
Mesh,Wood_Board_32
Mesh,Wood_Board_38
Mesh,Wood_Box
Mesh,Wood_Box_Broken_1
Mesh,Wood_Box_Broken_2
Mesh,Wood_Box_Broken_3
Mesh,Wood_Box_Broken_4
Mesh,Wood_Box_Broken_5
Mesh,Wood_Box_Broken_6
Mesh,Wood_Box_Broken_7
Mesh,Wood_Box_Broken_8
Mesh,Wood_Box_Broken_9
Mesh,Wood_Fence1
Mesh,Wrench01
Mesh,Wrench02
Mesh,Wrench03
Mesh,ZSh_1_2M
Mesh,Zippo
Mesh,_pCube17
Mesh,_polySurface1polySurface24_polySurface42
Mesh,_polySurface23polySurface1_polySurface42
Mesh,_polySurface23polySurface1_textureEditorIsolateSelectSet_polySurface42
Mesh,_textureEditorIsolateSelectSetpolySurface23polySurface1_textureEditorIsolateSelectSet_polySurface42
Mesh,airplane
Mesh,apple
Mesh,ball
Mesh,bicycle
Mesh,billboard2_part1
Mesh,billboard2_part2
Mesh,billboard_3
Mesh,bone
Mesh,canon
Mesh,capsule_0
Mesh,capsule_1
Mesh,capsule_2
Mesh,capsule_3
Mesh,capsule_4
Mesh,car
Mesh,carrot
Mesh,cfxr mesh leave
Mesh,cone_0
Mesh,cone_1
Mesh,cone_2
Mesh,cone_3
Mesh,cone_4
Mesh,cone_uncapped_0
Mesh,cone_uncapped_1
Mesh,cone_uncapped_2
Mesh,cone_uncapped_3
Mesh,cone_uncapped_4
Mesh,cow
Mesh,cube_0
Mesh,cup
Mesh,cylinder_0
Mesh,cylinder_1
Mesh,cylinder_2
Mesh,cylinder_3
Mesh,cylinder_4
Mesh,deck chair.006
Mesh,default
Mesh,dice
Mesh,driver
Mesh,duplicated_01
Mesh,duplicated_010
Mesh,duplicated_011
Mesh,duplicated_012
Mesh,duplicated_02
Mesh,duplicated_07
Mesh,duplicated_08
Mesh,duplicated_09
Mesh,egg
Mesh,fish
Mesh,football
Mesh,gold coin bag2
Mesh,group3
Mesh,hat
Mesh,heart
Mesh,jail_light
Mesh,jail_light_cover
Mesh,key
Mesh,"lambert47_(384;00, 0;00, 384;00)__23_Shadow_On_133"
Mesh,"lambert47_(384;00, 0;00, 384;00)__34_Shadow_On_98"
Mesh,lipstick
Mesh,newspaper
Mesh,note
Mesh,nut
Mesh,pCube1
Mesh,pCube12
Mesh,pCube14
Mesh,pCube152
Mesh,pCube16
Mesh,pCube20
Mesh,pCube331
Mesh,pCube336
Mesh,pCube337
Mesh,pCube338
Mesh,pCube339
Mesh,pCube34
Mesh,pCube340
Mesh,pCube341
Mesh,pCube342
Mesh,pCube343
Mesh,pCube344
Mesh,pCube345
Mesh,pCube346
Mesh,pCube347
Mesh,pCube43
Mesh,pCube53
Mesh,pCube56
Mesh,pCube6
Mesh,pCube63
Mesh,pCube67
Mesh,pCylinder1
Mesh,pCylinder113
Mesh,pCylinder118
Mesh,pCylinder121
Mesh,pCylinder122
Mesh,pCylinder123
Mesh,pCylinder124
Mesh,pCylinder125
Mesh,pCylinder126
Mesh,pCylinder15
Mesh,pCylinder2
Mesh,pCylinder23
Mesh,pCylinder24
Mesh,pCylinder3
Mesh,pCylinder35
Mesh,pCylinder42
Mesh,pCylinder43
Mesh,pCylinder49
Mesh,pCylinder54
Mesh,pCylinder58
Mesh,pCylinder6
Mesh,pCylinder67
Mesh,pCylinder69
Mesh,pCylinder7
Mesh,pCylinder70
Mesh,pPlane1
Mesh,pSphere1
Mesh,pTorus13
Mesh,pTorus6
Mesh,pen
Mesh,polySurface1
Mesh,polySurface10
Mesh,polySurface100
Mesh,polySurface11
Mesh,polySurface12
Mesh,polySurface13
Mesh,polySurface130
Mesh,polySurface134
Mesh,polySurface137
Mesh,polySurface143
Mesh,polySurface1437
Mesh,polySurface145
Mesh,polySurface148
Mesh,polySurface149
Mesh,polySurface151
Mesh,polySurface154
Mesh,polySurface155
Mesh,polySurface158
Mesh,polySurface159
Mesh,polySurface1796
Mesh,polySurface1853
Mesh,polySurface1856
Mesh,polySurface1861
Mesh,polySurface2
Mesh,polySurface25
Mesh,polySurface3
Mesh,polySurface31
Mesh,polySurface387
Mesh,polySurface4
Mesh,polySurface42
Mesh,polySurface5
Mesh,polySurface6
Mesh,polySurface680
Mesh,polySurface688
Mesh,polySurface7
Mesh,polySurface8
Mesh,polySurface9
Mesh,polySurface95
Mesh,polySurface97
Mesh,quad_0
Mesh,radio
Mesh,ring
Mesh,ring2
Mesh,robot
Mesh,rocket
Mesh,rose
Mesh,shit_rig:shit
Mesh,sphere_0
Mesh,sphere_1
Mesh,sphere_2
Mesh,sphere_3
Mesh,sphere_4
Mesh,star
Mesh,table_TV01
Mesh,tambourine
Mesh,textureEditorIsolateSelectSet_polySurface130
Mesh,torus_0
Mesh,torus_1
Mesh,torus_2
Mesh,torus_3
Mesh,torus_4
Mesh,tower
Mesh,tower_col
Mesh,treasure chest
Mesh,triangle_0
Mesh,trophy
Mesh,trumpet
Mesh,wall_03
Mesh,xylophone
Mesh,Сhemical_Sterilizer_01
Mesh,Сhemical_Sterilizer_01_Door_01
Mesh,Сosmetic_Device_01
Mesh,对象001
Mesh,对象002
Mesh,对象003
Mesh,对象004
Mesh,对象005
Mesh,对象006
Mesh,对象007
Mesh,对象008
Mesh,对象009
Mesh,对象010
Mesh,对象011
Mesh,对象012
Mesh,对象013
Mesh,对象014
Mesh,对象015
Mesh,柱体.001
Mesh,立方体.001_立方体.001
RenderTexture,GamingConsoleRT
Sprite,0
Sprite,0001_Buff_Thirsty
Sprite,1
Sprite,1001_Buff_BleedS
Sprite,1003_Buff_BoneCrack
Sprite,1004_Buff_Wound
Sprite,1011_Buff_AddSpeed
Sprite,1012_Buff_InjectorMaxWeight
Sprite,1013_Buff_InjectorArmor
Sprite,1014_Buff_InjectorStamina
Sprite,1015_Buff_InjectorMeleeDamage
Sprite,1016_Buff_InjectorMeleeDamageDebuff
Sprite,1017_Buff_InjectorRecoilControl
Sprite,1018_Buff_HealForWhile
Sprite,1021_Buff_Weight_Light
Sprite,1022_Buff_Weight_Heavy
Sprite,1023_Buff_Weight_SuperHeavy
Sprite,1024_Buff_Weight_Overweight
Sprite,1032_Buff_Starve
Sprite,1041_Buff_Stun
Sprite,1051_Buff_Base
Sprite,1061_Buff_PoisonS
Sprite,1063_Buff_PoisonZombieChange
Sprite,1071_Buff_Electric
Sprite,1072_Buff_ElecResistShort
Sprite,1074_Buff_FireResistShort
Sprite,1075_Buff_PoisonResistShort
Sprite,1076_Buff_SpaceResistShort
Sprite,1081_Buff_Pain
Sprite,1082_Buff_PainResistShort
Sprite,1083_Buff_PainResistMiddle
Sprite,1084_Buff_PainResistLong
Sprite,1091_Buff_HotBlood
Sprite,1092_Buff_Injector_HotBlood_Trigger
Sprite,1093_Buff_Injector_HotBlood_SpeedDamage
Sprite,1101_Buff_Happy
Sprite,1111_Buff_Space
Sprite,1112_Buff_Space2
Sprite,1113_Buff_StormProtection1
Sprite,1114_Buff_StormProtection2
Sprite,1115_Buff_SpaceResistLow
Sprite,1116_Buff_SpaceResistHigh
Sprite,1117_Buff_SpaceGun
Sprite,1121_Buff_Burn
Sprite,1122_Buff_PoisonLow
Sprite,1123_Buff_Nauseous
Sprite,1124_Buff_Ghost
Sprite,1125_Buff_BurnBig
Sprite,1126_Buff_Freeze
Sprite,1127_Buff_Frozen
Sprite,1128_Buff_Electric_NM
Sprite,1129_Buff_NM_Damage
Sprite,1201_Buff_NightVision
Sprite,1202_Buff_PaperBox
Sprite,1205_Buff_DarkCarrot
Sprite,1206_Buff_Tagilla
Sprite,1207_Buff_Tagilla_Basaka
Sprite,1401_buff_Hurt
Sprite,1402_buff_equip_FC_Buff
Sprite,1404_buff_equip_BlueBall_Buff
Sprite,1410_buff_TwoBall_Layer
Sprite,1491_buff_BleedResist
Sprite,1492_buff_PoisonResist
Sprite,1493_buff_ElecResist
Sprite,1494_buff_BurnResist
Sprite,1495_buff_SpaceResist
Sprite,1496_buff_NauseousResist
Sprite,1497_buff_StunResist
Sprite,1498_buff_GhostResist
Sprite,1499_Buff_RedEye
Sprite,1900_buff_Totem_Describe_hurt
Sprite,2
Sprite,2101_Buff_Cold
Sprite,2102_Buff_SuperCold
Sprite,2201_Buff_HurtByCold
Sprite,2301_Buff_ColdResist
Sprite,3
Sprite,4
Sprite,5
Sprite,5000WPower
Sprite,6
Sprite,7
Sprite,8
Sprite,9
Sprite,AED
Sprite,Agent_Armor_ColdProtect_Raider
Sprite,Aim_02
Sprite,AirLoop
Sprite,Air_Bus_2(1)
Sprite,AncientCoins
Sprite,Anvil
Sprite,Armor
Sprite,Armor_SpaceProtect_Raider
Sprite,Arrow
Sprite,Arrow Head
Sprite,Arrow_Explosion
Sprite,Background
Sprite,Backpack
Sprite,Backpack_LV1
Sprite,Backpack_LV2
Sprite,Backpack_LV3
Sprite,Backpack_LV4
Sprite,Backpack_LV5
Sprite,Ballistic Armor Co. Bastion
Sprite,Ballistic Armor Co. Bastion_Snow
Sprite,Banknote
Sprite,BasketBall
Sprite,Bat01
Sprite,Bat04
Sprite,Battery01
Sprite,Battery02
Sprite,Battery1 1
Sprite,Battery2 1
Sprite,Battle
Sprite,BattleHealthKeeper
Sprite,BattleHealthKeeper 1
Sprite,BigBoard
Sprite,Biscuit02
Sprite,BitCoin
Sprite,Bleach
Sprite,BlueEye
Sprite,Blueprint
Sprite,Blueprint2
Sprite,Bolt
Sprite,BoomCar
Sprite,Boots01
Sprite,Boss_Fly_Face
Sprite,Boss_Fly_Wings
Sprite,Boss_Horsemen_B_Backpack
Sprite,Boss_Horsemen_B_Body
Sprite,Boss_Horsemen_B_Head
Sprite,Boss_Horsemen_G_Backpack
Sprite,Boss_Horsemen_G_Body
Sprite,Boss_Horsemen_G_Head
Sprite,Boss_Horsemen_R_Backpack
Sprite,Boss_Horsemen_R_Body
Sprite,Boss_Horsemen_R_Head
Sprite,Boss_Horsemen_T_Body 1
Sprite,Boss_Horsemen_T_Head 1
Sprite,Bottle01
Sprite,Bottle02
Sprite,Bottle04
Sprite,Bottle05
Sprite,Bow
Sprite,Box01
Sprite,Box02
Sprite,Box02 1
Sprite,Box03
Sprite,BubbleAlbedo
Sprite,BubbleDestroy_0
Sprite,BubbleDestroy_1
Sprite,BubbleDestroy_2
Sprite,BubbleDestroy_3
Sprite,BubbleDestroy_4
Sprite,BubbleDestroy_5
Sprite,BubbleDestroy_6
Sprite,BubbleDestroy_7
Sprite,BubbleDuck_Animations_0
Sprite,BubbleDuck_Animations_1
Sprite,BubbleDuck_Animations_2
Sprite,BubbleDuck_Animations_3
Sprite,BubbleDuck_Animations_4
Sprite,BubbleDuck_Animations_5
Sprite,BubbleSpecular
Sprite,Bucket
Sprite,Bulb
Sprite,Bullet
Sprite,Bullet01
Sprite,Bullet2
Sprite,Bullet_BrainController
Sprite,Bullet_Fireworks
Sprite,Bullet_SnowBall_H
Sprite,Bullet_WaterBall_H
Sprite,BurstBow2
Sprite,CDDriver
Sprite,CPU
Sprite,Cabel
Sprite,Cables
Sprite,CaiShirt
Sprite,Can01
Sprite,Can03
Sprite,Can05
Sprite,Can07
Sprite,Cap
Sprite,CarBattery
Sprite,CardLabyrinth
Sprite,CardLabyrinth_Empty
Sprite,Card_Black
Sprite,Card_Blue
Sprite,Card_Green
Sprite,Card_Purple
Sprite,Card_Red
Sprite,Card_Yellow
Sprite,Cash
Sprite,Ceiling
Sprite,Chemistry
Sprite,ChineseKnot
Sprite,Chocolate01
Sprite,Chocolate02
Sprite,Chocolate_Drink
Sprite,Cigarette02
Sprite,Circle
Sprite,CircuitBoard
Sprite,Cloth
Sprite,Clothes_AntiFreeze
Sprite,Clothes_Armor_Island_Blue
Sprite,Clothes_Armor_Island_Coconut
Sprite,Clothes_Armor_Island_Pineapple
Sprite,Clothes_CottonHat
Sprite,Clothes_CottonOvercoat
Sprite,Clothes_Killa
Sprite,Clothes_LV1
Sprite,Clothes_LV2
Sprite,Clothes_LV3
Sprite,Clothes_LV3_2
Sprite,Clothes_LV3_3
Sprite,Clothes_LV3_3 1
Sprite,Clothes_LV4
Sprite,Clothes_LV5
Sprite,Clothes_LV5_2
Sprite,Clothes_LV5_3
Sprite,Clothes_LV5_3_Snow
Sprite,Clothes_LV5_4
Sprite,Clothes_LV5_4_Snow
Sprite,Clothes_LV6_1
Sprite,Clothes_Tagilla
Sprite,Clothes_TwinsBoss_Blue
Sprite,Clothes_TwinsBoss_Red
Sprite,ColdCore
Sprite,CompassA
Sprite,CompassArrow
Sprite,ComputeCore
Sprite,ComputeCore_Comb
Sprite,Config
Sprite,Cover
Sprite,Crosshair
Sprite,Crosshire_02
Sprite,Crown
Sprite,Cubbe
Sprite,CubeGun
Sprite,DUNTAR
Sprite,DUNTAR_LOGO
Sprite,DUNTAR_Snow
Sprite,Deco_Lantern
Sprite,Deco_Pumpkin
Sprite,Deco_Snow
Sprite,Default
Sprite,Detergent
Sprite,Displayer 1
Sprite,DownFrameMask16
Sprite,DropdownArrow
Sprite,Drum01
Sprite,Drum02
Sprite,Drum03
Sprite,Drum04
Sprite,DualShock_East
Sprite,DualShock_North
Sprite,DualShock_South
Sprite,DualShock_West
Sprite,Duckov_Files
Sprite,Duckov_GPU
Sprite,Duckov_LEDX
Sprite,Duckov_PowerBank
Sprite,Dumpling
Sprite,Dynamite01
Sprite,Dynamite02
Sprite,EPIC
Sprite,ElectricParts
Sprite,ElectricSaw
Sprite,Empty Circle Head
Sprite,Endowment_1
Sprite,Endowment_2
Sprite,Endowment_3
Sprite,Endowment_4
Sprite,Endowment_5
Sprite,EnergyBullet_L
Sprite,EnergyBullet_S
Sprite,EnergySavingBulb
Sprite,EnergySavingBulb 1
Sprite,Escape
Sprite,Eye
Sprite,FMODLogo
Sprite,Feather
Sprite,Female
Sprite,Figurine_Lion
Sprite,Filled Circle Head
Sprite,Filter
Sprite,FireworkLauncher
Sprite,First_aid_Kit01
Sprite,First_aid_Kit02
Sprite,First_aid_Kit03
Sprite,First_aid_Kit_Bandage
Sprite,Fish
Sprite,Fish_Black_Snapper
Sprite,Fish_Blue_Damselfish
Sprite,Fish_Blue_Jack_Mackerel
Sprite,Fish_Blue_Mackerel
Sprite,Fish_Blue_Marlin
Sprite,Fish_Blue_Sailfish
Sprite,Fish_Blue_Tang
Sprite,Fish_Brown_Mullet
Sprite,Fish_Brown_Sardine
Sprite,Fish_Brown_and_White_Grunt
Sprite,Fish_Golden_Fish
Sprite,Fish_Green_Cod
Sprite,Fish_Green_Triggerfish
Sprite,Fish_Green_Yellow_Porcupinefish
Sprite,Fish_Grey_Catshark
Sprite,Fish_Orange_Greenfin_Fish
Sprite,Fish_Orange_Squirrelfish
Sprite,Fish_Pink_Clownfish
Sprite,Fish_Purple_Damselfish
Sprite,Fish_Red_Banded_Fish
Sprite,Fish_Red_Goldfish
Sprite,Fish_Red_Grouper
Sprite,Fish_Red_Spotted_Grouper
Sprite,Fish_Redfin_Flamefish
Sprite,Fish_Redfin_Snapper
Sprite,Fish_White_Angelfish
Sprite,Fish_White_Cod
Sprite,Fish_White_Perch
Sprite,Fish_Yellow_Green_Snapper
Sprite,Fish_Yellow_Porcupinefish
Sprite,FishingRod_LV1
Sprite,FishingRod_LV2
Sprite,FishingRod_LV3
Sprite,Flag
Sprite,FlamingCore
Sprite,Flashlight01
Sprite,FloppyDisk
Sprite,FoPhoto
Sprite,FootballDuo_1_Clothes
Sprite,FootballDuo_1_Glasses
Sprite,FootballDuo_2_Clothes
Sprite,Frame_Basic_Rectangle
Sprite,Fur_1
Sprite,Fur_2
Sprite,Fur_4
Sprite,GPUPotato
Sprite,GasMask01
Sprite,Gear_Big
Sprite,Glass
Sprite,Glue_A
Sprite,Glue_B
Sprite,Goggle
Sprite,GoldNuggets
Sprite,GolfClub
Sprite,Gradient128
Sprite,Gradient128V_25
Sprite,GradientSym256
Sprite,GreenBat
Sprite,Grenade01
Sprite,Grenade02
Sprite,Grenade03
Sprite,Grenade_Elec
Sprite,Grenade_Fire
Sprite,Grenade_Ice
Sprite,Grenade_One
Sprite,Grenade_Poison
Sprite,Grenade_Smoke
Sprite,Gun
Sprite,Gun02
Sprite,GunPowder
Sprite,Hair_Hat_Killa_Real
Sprite,Hair_Hat_LV1
Sprite,Hair_Hat_LV2
Sprite,Hair_Hat_LV3
Sprite,Hair_Hat_LV4
Sprite,Hair_Hat_LV5
Sprite,Hair_Hat_LV6
Sprite,Hammer01
Sprite,Hammer02
Sprite,Hammer03
Sprite,Hammer_Mid
Sprite,HandleGears_0
Sprite,HardDrive
Sprite,HardDrive Loaded
Sprite,HeadLantern
Sprite,Headset_2
Sprite,Heart
Sprite,Helmat_Roadblock
Sprite,Helmat_TwinsBoss_Blue
Sprite,Helmat_TwinsBoss_Red
Sprite,Helmat_Vida
Sprite,Helmet
Sprite,Helmets_AntiFreeze
Sprite,Helmets_Banana
Sprite,Helmets_EggShell
Sprite,Helmets_Headscarf
Sprite,Helmets_Horse
Sprite,Helmets_LionDance
Sprite,Helmets_Strawhat
Sprite,Helmets_Tagilla
Sprite,Helmets_Tagilla_Minotaur
Sprite,HighcomStriker
Sprite,HighcomStriker_Snow
Sprite,Honey01
Sprite,HorizontalFrameMask_16_Left
Sprite,HorizontalFrameMask_16_Right
Sprite,Horse
Sprite,Hotend
Sprite,IG_Apple
Sprite,IG_Aubergine
Sprite,IG_Banana
Sprite,IG_BaseWallPaper_Island
Sprite,IG_BaseWallPaper_JLAB
Sprite,IG_BaseWallPaper_Rock
Sprite,IG_BaseWallPaper_Snow
Sprite,IG_BaseWallPaper_Warehouse
Sprite,IG_BaseWallPaper_Warm_Wall
Sprite,IG_Cabbage
Sprite,IG_Carrot
Sprite,IG_Cherry
Sprite,IG_Chilli
Sprite,IG_Coconut
Sprite,IG_Corn
Sprite,IG_Cucumber
Sprite,IG_Garlic
Sprite,IG_Hazelnut
Sprite,IG_Lemon
Sprite,IG_Meat
Sprite,IG_Onion
Sprite,IG_Pea
Sprite,IG_Pineapple
Sprite,IG_Potato
Sprite,IG_Pumpkin
Sprite,IG_Strawberry
Sprite,IG_Sunflower
Sprite,IG_Tomato
Sprite,IG_Watermelon
Sprite,IG_Wheat
Sprite,IconWallPaper
Sprite,Icon_Buff_Cold
Sprite,Icon_Buff_ColdResist
Sprite,IdentificationTag
Sprite,Injection
Sprite,InjectionJinitaimei
Sprite,InjectionPurple
Sprite,Injection_A
Sprite,Injection_BleedResist
Sprite,Injection_ElecResist
Sprite,Injection_FireResist
Sprite,Injection_Healing
Sprite,Injection_HotBlood
Sprite,Injection_MeleeDamage
Sprite,Injection_PainResist
Sprite,Injection_PoisonResist
Sprite,Injection_RecoilControl
Sprite,Injection_SpaceResist
Sprite,Injection_Stamina
Sprite,Injection_StoneSkin
Sprite,Injection_StormProtection1
Sprite,Injection_Weight
Sprite,IslandShop
Sprite,ItemGraphic_Cartridge_BubblePop
Sprite,ItemGraphic_Cartridge_FactoryPanicShock
Sprite,ItemGraphic_Cartridge_GoldMiner
Sprite,ItemGraphic_Cartridge_Island
Sprite,ItemGraphic_Cartridge_MouseDodger
Sprite,ItemGraphic_Cartridge_Snake
Sprite,ItemGraphic_ColorMonitor
Sprite,ItemGraphic_FC
Sprite,ItemGraphic_MonochromeMonitor
Sprite,Items_Clothes_LV2
Sprite,Items_Clothes_LV3_Snow
Sprite,JLAB_ProtectiveClothes_Body
Sprite,JLAB_ProtectiveClothes_Body 1
Sprite,JLAB_ProtectiveClothes_Body 2
Sprite,JLAB_ProtectiveClothes_Body_Snow
Sprite,JLAB_ProtectiveClothes_Head
Sprite,JLAB_ProtectiveClothes_Head 1
Sprite,JLAB_ProtectiveClothes_Head_Snow
Sprite,Joysticks_Button
Sprite,Joysticks_Shadow
Sprite,JunkBall
Sprite,Kart
Sprite,Kenney_Button_East
Sprite,Kenney_Button_North
Sprite,Kenney_Button_South
Sprite,Kenney_Button_West
Sprite,Kenney_Dpad
Sprite,Kenney_Dpad_Down
Sprite,Kenney_Dpad_Left
Sprite,Kenney_Dpad_Right
Sprite,Kenney_Dpad_Up
Sprite,Kenney_Dpad_X
Sprite,Kenney_Dpad_Y
Sprite,Kenney_LB
Sprite,Kenney_LT
Sprite,Kenney_RB
Sprite,Kenney_RT
Sprite,Kenney_SR
Sprite,Kenney_Stick_L
Sprite,Kenney_Stick_L_Press
Sprite,Kenney_Stick_R
Sprite,Kenney_Stick_Right_Press
Sprite,Kenny_SL
Sprite,Key
Sprite,Key1A
Sprite,Key1B
Sprite,Key1C
Sprite,Key1D
Sprite,Key2A
Sprite,Key2B
Sprite,Key2C
Sprite,Key3
Sprite,Key4A
Sprite,Key4B
Sprite,Key4C
Sprite,KeyCard_W
Sprite,Knife01
Sprite,Knife02
Sprite,Knife03
Sprite,Knife04
Sprite,Knife05
Sprite,Knife06
Sprite,Knife07
Sprite,Knob
Sprite,L
Sprite,LabyrinthFile
Sprite,Lantern
Sprite,Lock
Sprite,Logo_english
Sprite,Logo_japanese
Sprite,Logo_schinese
Sprite,Logo_tchinese
Sprite,LuckyNote
Sprite,Lv
Sprite,MachineGun01
Sprite,MachineGun03
Sprite,Male
Sprite,Map
Sprite,Map_Farm
Sprite,Map_Farm_2
Sprite,Map_GroundZero
Sprite,Map_Hiddenwarehouse
Sprite,Map_JLab_2
Sprite,Map_Snow
Sprite,Map_StormZone
Sprite,MarkerBeacon
Sprite,MazoniGoldenDumbbell
Sprite,Medicine_bottle02
Sprite,MetalSlice
Sprite,MilitaryBattery
Sprite,Mine
Sprite,MinerDuck
Sprite,MiniMap_Base_SceneV2
Sprite,MiniMap_Base_SceneV2_Sub_01
Sprite,MiniMap_Level_ChallengeSnow
Sprite,MiniMap_Level_DemoChallenge_1
Sprite,MiniMap_Level_Desert
Sprite,MiniMap_Level_Desert_Boss
Sprite,MiniMap_Level_Farm_01
Sprite,MiniMap_Level_GroundZero_1
Sprite,MiniMap_Level_Guide_1
Sprite,MiniMap_Level_Guide_2
Sprite,MiniMap_Level_HiddenWarehouse
Sprite,MiniMap_Level_JLab_1
Sprite,MiniMap_Level_JLab_2
Sprite,MiniMap_Level_SnowFactory
Sprite,MiniMap_Level_SnowMilitaryBase
Sprite,MiniMap_Level_SnowMilitaryBase_ColdStorage
Sprite,MiniMap_Level_StormPast_1
Sprite,MiniMap_Level_StormZone_1
Sprite,MiniMap_Level_StormZone_B0
Sprite,MiniMap_Level_StormZone_B1
Sprite,MiniMap_Level_StormZone_B2
Sprite,MiniMap_Level_StormZone_B3
Sprite,MiniMap_Level_StormZone_B4
Sprite,MiniMap_Level_SurivalChallenge
Sprite,MiniMap_Prologue_1
Sprite,MiniMap_Prologue_Main_Combined
Sprite,Mobilephone
Sprite,Modual_AHBow
Sprite,Modual_Arcade
Sprite,Modual_Aug
Sprite,Modual_BSG
Sprite,Modual_Balett
Sprite,Modual_Bizon
Sprite,Modual_Candy
Sprite,Modual_Cube
Sprite,Modual_Glick
Sprite,Modual_HandGun
Sprite,Modual_LightSaber
Sprite,Modual_M14
Sprite,Modual_M700
Sprite,Modual_Mosin
Sprite,Modual_NM_Creature
Sprite,Modual_NM_Mech
Sprite,Modual_RPD
Sprite,Modual_SKS
Sprite,Modual_ShitGun
Sprite,Modual_SnowGun
Sprite,Modual_TecSniper
Sprite,Modual_UZI
Sprite,Movie
Sprite,Nail
Sprite,NightVision
Sprite,No
Sprite,NoGraphicsCard
Sprite,Nut
Sprite,OEM1
Sprite,Oilcan02
Sprite,Oilcan03
Sprite,OneTimeCard_LV1
Sprite,OneTimeCard_LV2
Sprite,OneTimeCard_LV3
Sprite,Ophthalmoscope
Sprite,Orange_03
Sprite,Orb_II_Blue
Sprite,Orb_II_Red
Sprite,PFB_Earphone
Sprite,PFB_Glasses
Sprite,PFB_Glasses 1
Sprite,PFB_KeyPack
Sprite,PFB_MP155Ultima
Sprite,PFB_Mushroom
Sprite,PFB_PeaceStar
Sprite,PFB_SpaceSuitIII_Armor
Sprite,PFB_SpaceSuitIII_Helmet
Sprite,PFB_StormArmor
Sprite,PFB_StormHelmet
Sprite,PFB_WW_Carlotta
Sprite,PFB_WhiteGown
Sprite,PP_ArmorSet
Sprite,PP_BallisticControl
Sprite,PP_BleedImmunity
Sprite,PP_BodyArmor
Sprite,PP_CarrySet
Sprite,PP_ChargedHeadshot
Sprite,PP_DashSpeed
Sprite,PP_ElementPhysics
Sprite,PP_ElementResist
Sprite,PP_Endurance
Sprite,PP_EnergyCost_WaterCost
Sprite,PP_FocusedHeadshot
Sprite,PP_FoodGain_HealGain
Sprite,PP_GrowingArmor
Sprite,PP_Guardian
Sprite,PP_GunCore
Sprite,PP_GunDamageMultiplier
Sprite,PP_GunDamage_GunCrit
Sprite,PP_GunDistance_BulletSpeed
Sprite,PP_GunMaster
Sprite,PP_GunShoot_GunScatter
Sprite,PP_HeadArmor
Sprite,PP_HearingAbility
Sprite,PP_InventoryCapacity
Sprite,PP_Inventory_MaxWeight
Sprite,PP_MaxEnergy_MaxWater
Sprite,PP_MaxHealth
Sprite,PP_MaxHealth_Stamina
Sprite,PP_MaxWeight
Sprite,PP_MeleeCore
Sprite,PP_MeleeCrit
Sprite,PP_MeleeDamageMultiplier
Sprite,PP_Moveability
Sprite,PP_NightVisionScout
Sprite,PP_PainImmunity
Sprite,PP_PetCapcity
Sprite,PP_PoisonImmunity
Sprite,PP_QuietRecovery
Sprite,PP_ReloadSpeed_RecoilControl
Sprite,PP_RunSpeed
Sprite,PP_RunSpeed_RunAcc
Sprite,PP_RunningFury
Sprite,PP_SoundRange
Sprite,PP_Stamina
Sprite,PP_StaminaCore
Sprite,PP_SustainedFire
Sprite,PP_ViewAngle_ViewDistance
Sprite,PP_ViewSense
Sprite,PP_WalkSpeed
Sprite,PP_WalkSpeed_WalkAcc
Sprite,PP_WoundTempering
Sprite,Panel
Sprite,PeakedCap
Sprite,Pfb_Acc_Grip_ALL_ADS_1_1
Sprite,Pfb_Acc_Grip_ALL_ADS_2_1
Sprite,Pfb_Acc_Grip_ALL_REC_1_1
Sprite,Pfb_Acc_Grip_ALL_REC_2_1
Sprite,Pfb_Acc_Grip_ALL_REC_3_1
Sprite,Pfb_Acc_Grip_ALL_REC_4_1
Sprite,Pfb_Acc_Grip_ALL_REC_5_1
Sprite,Pfb_Acc_Grip_ALL_SCA_1_1
Sprite,Pfb_Acc_Grip_ALL_SCA_3_1
Sprite,Pfb_Amulet
Sprite,Pfb_Axe
Sprite,Pfb_Bag_Ghost
Sprite,Pfb_BlindFold
Sprite,Pfb_BoneSplint_01
Sprite,Pfb_BoneSplint_02
Sprite,Pfb_Bullet_Candy
Sprite,Pfb_Clothes_Witch
Sprite,Pfb_FecalBall
Sprite,Pfb_Figurtine_Killa
Sprite,Pfb_Figurtine_Tagilla
Sprite,Pfb_Food_01
Sprite,Pfb_GhostBell
Sprite,Pfb_Head_Pumpkin_1
Sprite,Pfb_Injectors
Sprite,Pfb_Knife
Sprite,Pfb_Magazine_AR_ADS_1_1
Sprite,Pfb_Magazine_AR_ADS_2_1
Sprite,Pfb_Magazine_AR_CAP_1_1
Sprite,Pfb_Magazine_AR_CAP_2_1
Sprite,Pfb_Magazine_AR_CAP_3_1
Sprite,Pfb_Magazine_BR_ADS_1_1
Sprite,Pfb_Magazine_BR_ADS_2_1
Sprite,Pfb_Magazine_BR_CAP_1_1
Sprite,Pfb_Magazine_BR_CAP_2_1
Sprite,Pfb_Magazine_PST_ADS_1_1
Sprite,Pfb_Magazine_PST_ADS_2_1
Sprite,Pfb_Magazine_PST_CAP_1_1
Sprite,Pfb_Magazine_PST_CAP_2_1
Sprite,Pfb_Magazine_SHT_CAP_1
Sprite,Pfb_Magazine_SHT_CAP_2
Sprite,Pfb_Magazine_SHT_REL_3
Sprite,Pfb_Magazine_SMG_ADS_1_1
Sprite,Pfb_Magazine_SMG_CAP_1_1
Sprite,Pfb_Magazine_SMG_CAP_2_1
Sprite,Pfb_Magazine_SMG_CAP_3_1
Sprite,Pfb_Magazine_SNP_ADS_1_1
Sprite,Pfb_Magazine_SNP_ADS_2_1
Sprite,Pfb_Magazine_SNP_CAP_1_1
Sprite,Pfb_Magazine_SNP_CAP_2_1
Sprite,Pfb_Moonshine
Sprite,Pfb_Muzzle_AR_DAM_1_1
Sprite,Pfb_Muzzle_AR_DIS_1_1
Sprite,Pfb_Muzzle_AR_REC_1_1
Sprite,Pfb_Muzzle_AR_REC_2_1
Sprite,Pfb_Muzzle_AR_REC_3_1
Sprite,Pfb_Muzzle_AR_REC_4_1
Sprite,Pfb_Muzzle_AR_SCA_1_1
Sprite,Pfb_Muzzle_AR_SCA_2_1
Sprite,Pfb_Muzzle_AR_SIL_1_1
Sprite,Pfb_Muzzle_PST_DAM_1_1
Sprite,Pfb_Muzzle_PST_DIS_1_1
Sprite,Pfb_Muzzle_PST_REC_1_1
Sprite,Pfb_Muzzle_PST_REC_2_1
Sprite,Pfb_Muzzle_PST_SCA_1_1
Sprite,Pfb_Muzzle_PST_SIL_1_1
Sprite,Pfb_Muzzle_SHT_DAM_1_1
Sprite,Pfb_Muzzle_SHT_REC_1_1
Sprite,Pfb_Muzzle_SHT_SCA_3_1
Sprite,Pfb_Muzzle_SHT_SIL_1_1
Sprite,Pfb_Muzzle_SMG_DAM_1_1
Sprite,Pfb_Muzzle_SMG_REC_1_1
Sprite,Pfb_Muzzle_SMG_REC_2_1
Sprite,Pfb_Muzzle_SMG_REC_3_1
Sprite,Pfb_Muzzle_SMG_REC_4_1
Sprite,Pfb_Muzzle_SMG_SCA_1_1
Sprite,Pfb_Muzzle_SMG_SCA_2_1
Sprite,Pfb_Muzzle_SMG_SIL_1_1
Sprite,Pfb_Muzzle_SNP_DAM_1_1
Sprite,Pfb_Muzzle_SNP_DIS_1_1
Sprite,Pfb_Muzzle_SNP_REC_1_1
Sprite,Pfb_Muzzle_SNP_REC_3_1
Sprite,Pfb_Muzzle_SNP_SCA_1_1
Sprite,Pfb_Muzzle_SNP_SCA_2_1
Sprite,Pfb_Muzzle_SNP_SIL_1_1
Sprite,Pfb_NES_Handle_L
Sprite,Pfb_Nameplace_01
Sprite,Pfb_PaperBox_01_4
Sprite,Pfb_PoliceStick
Sprite,Pfb_Scope_AR_4X_1_1
Sprite,Pfb_Scope_All_2X_1_1
Sprite,Pfb_Scope_All_Digit_1_1
Sprite,Pfb_Scope_All_Holo_1_1
Sprite,Pfb_Scope_All_Long_1_1
Sprite,Pfb_Scope_All_RedDot_1_1
Sprite,Pfb_Scope_SNP_8X_1_1
Sprite,Pfb_Sickle
Sprite,Pfb_Soda_Instruments_06
Sprite,Pfb_Stock_AR_MOV_1_1
Sprite,Pfb_Stock_AR_REC_1_1
Sprite,Pfb_Stock_AR_REC_2_1
Sprite,Pfb_Stock_AR_REL_1_1
Sprite,Pfb_Stock_AR_SCA_3_1
Sprite,Pfb_Stock_AR_SCA_5_1
Sprite,Pfb_Stock_SNP_SCA_2_1
Sprite,Pfb_Studio_Cam_1
Sprite,Pfb_Surgicalkit_01
Sprite,Pfb_Surgicalkit_02
Sprite,Pfb_Tec_Flashlight_NON_1_1
Sprite,Pfb_Tec_Laser_ADS_1_1
Sprite,Pfb_Tec_Laser_ADS_2_1
Sprite,Pfb_Tec_Laser_CIT_1_1
Sprite,Pfb_Tec_Laser_SCA_1_1
Sprite,Pfb_Tec_Laser_SCA_2_1
Sprite,Pfb_Usable_PaperBox
Sprite,Pfb_WPM_Glock_01
Sprite,Pfb_WPM_Glock_02
Sprite,Pfb_WPM_Glock_02 1
Sprite,Pfb_WPN_ADAR
Sprite,Pfb_WPN_AK103
Sprite,Pfb_WPN_AK47
Sprite,Pfb_WPN_AK47_Fire
Sprite,Pfb_WPN_AK74U_2
Sprite,Pfb_WPN_ASVAL
Sprite,Pfb_WPN_AUGA1
Sprite,Pfb_WPN_AUGA3
Sprite,Pfb_WPN_BarrettM1892
Sprite,Pfb_WPN_CandyShotgun
Sprite,Pfb_WPN_CopperCoinSword
Sprite,Pfb_WPN_DTMDR556
Sprite,Pfb_WPN_DTMDR762
Sprite,Pfb_WPN_DesertEagle
Sprite,Pfb_WPN_LazerSimple
Sprite,Pfb_WPN_Lightsaber
Sprite,Pfb_WPN_M14
Sprite,Pfb_WPN_M16
Sprite,Pfb_WPN_M16_Ice
Sprite,Pfb_WPN_M1A
Sprite,Pfb_WPN_M4
Sprite,Pfb_WPN_M4_Poison
Sprite,Pfb_WPN_M700
Sprite,Pfb_WPN_MCXSpear
Sprite,Pfb_WPN_MK47
Sprite,Pfb_WPN_MP155
Sprite,Pfb_WPN_MP5
Sprite,Pfb_WPN_MP7
Sprite,Pfb_WPN_MP7_2
Sprite,Pfb_WPN_MiniGun
Sprite,Pfb_WPN_Mosin
Sprite,Pfb_WPN_PM
Sprite,Pfb_WPN_PP19Bizon
Sprite,Pfb_WPN_PPSH
Sprite,Pfb_WPN_PhysicalStaff
Sprite,Pfb_WPN_RPD
Sprite,Pfb_WPN_RPG7
Sprite,Pfb_WPN_RPK16
Sprite,Pfb_WPN_SGun
Sprite,Pfb_WPN_SKS
Sprite,Pfb_WPN_SRM3
Sprite,Pfb_WPN_SV98
Sprite,Pfb_WPN_SodaSniper
Sprite,Pfb_WPN_SonicFist_P
Sprite,Pfb_WPN_TOZ106
Sprite,Pfb_WPN_TOZ106_Holy
Sprite,Pfb_WPN_TOZ66_Fire
Sprite,Pfb_WPN_TOZ66_L_1
Sprite,Pfb_WPN_TOZ66_S_1
Sprite,Pfb_WPN_TT33
Sprite,Pfb_WPN_TecShotBlue
Sprite,Pfb_WPN_TecShotRed
Sprite,Pfb_WPN_UMP45
Sprite,Pfb_WPN_VPO136
Sprite,Pfb_WPN_VPO215_01
Sprite,Pfb_WPN_VPO215_02
Sprite,Pfb_WPN_VSS
Sprite,Pfb_WPN_Vector9
Sprite,Pfb_WPN_WPN_UZIPRO_Pistol
Sprite,Pfb_WPN_Watergun
Sprite,Pfb_WitchHat
Sprite,PictoIcon_Arrow_Prev
Sprite,PictoIcon_Backpack
Sprite,PictoIcon_Gem
Sprite,PictoIcon_Gun
Sprite,PictoIcon_Hand
Sprite,PictoIcon_Helmet
Sprite,PictoIcon_Hourglass
Sprite,PictoIcon_Layer_2
Sprite,PictoIcon_Lock_2
Sprite,PictoIcon_Magnifier
Sprite,PictoIcon_Map
Sprite,PictoIcon_Map_Pin_1
Sprite,PictoIcon_Paper_3
Sprite,PictoIcon_Rate_1
Sprite,PictoIcon_Run
Sprite,PictoIcon_Shoot_Focus_2
Sprite,PictoIcon_Skull_1-1
Sprite,PictoIcon_Symbol_Plus
Sprite,PictoIcon_Symbol_Question
Sprite,PictoIcon_Symbol_X
Sprite,PictoIcon_Trophy_2
Sprite,PictoIcon_User_4
Sprite,PictoIcon_Water
Sprite,Pill
Sprite,Pin
Sprite,PinRing
Sprite,PlasticMat
Sprite,PopTextSprite_0
Sprite,Pot01
Sprite,Potato
Sprite,PowerOfWishList
Sprite,Presents
Sprite,PressStart
Sprite,Prfb_GPU_Glu
Sprite,Prop_drum
Sprite,Propane
Sprite,Protein
Sprite,Quest
Sprite,RAM
Sprite,Rect16
Sprite,RedEye
Sprite,Rifle01
Sprite,Rifle02
Sprite,Rifle03
Sprite,Rifle04
Sprite,Rifle05
Sprite,Ring
Sprite,RopeA
Sprite,Rotator
Sprite,RoundCube
Sprite,Rounded Rect
Sprite,Rounded Rect small
Sprite,SDCard
Sprite,SMG_ArcadeGun_Normal
Sprite,SM_3DPrinter_Mat_R
Sprite,SM_AtomicClock
Sprite,SM_Axe
Sprite,SM_BlackBall
Sprite,SM_Collector
Sprite,SM_EarthwormBox
Sprite,SM_Injection_1 3
Sprite,SM_Kazoo
Sprite,SM_MinionGoggles02
Sprite,SM_OFZ
Sprite,SM_Ointment
Sprite,SM_PropellantBottle
Sprite,SM_PropellantBottle 1
Sprite,SM_PropellantBottle 2
Sprite,SM_Roadblock_01
Sprite,SM_RussianBeard
Sprite,SM_Shit
Sprite,SM_Shit_Gold
Sprite,SM_Stone_01
Sprite,SM_TouchFish_Aya
Sprite,SSD
Sprite,Safe
Sprite,SaltSoundStudio_0
Sprite,SanCola
Sprite,Shell
Sprite,Shield
Sprite,Ship
Sprite,ShitStick
Sprite,Shovel02
Sprite,Skull
Sprite,Slash
Sprite,Slider01
Sprite,SnakePartImage
Sprite,SnowTicket
Sprite,SodaTeam
Sprite,Sprite_Ugly
Sprite,Square
Sprite,Star
Sprite,SteamCNLogo_0
Sprite,SteamChinaLogo
Sprite,SteamLogo
Sprite,StopWatch
Sprite,StormStone
Sprite,StormStone 1
Sprite,StormStone 2
Sprite,StripeCircle508_512
Sprite,Stripes
Sprite,Suit_FC_Armor
Sprite,Suit_FC_Bag
Sprite,Sunglass01
Sprite,SwimRing
Sprite,TSH-4M-L
Sprite,TapTap_Logo_RGB_0
Sprite,TeamWendyEXFIL
Sprite,Telescope01
Sprite,Telescope02
Sprite,Terrain
Sprite,Tex_skill_06
Sprite,ThermalGoggles_LV3
Sprite,Ticket
Sprite,Ticket_DEMOChallenge
Sprite,Ticket_V2
Sprite,Title
Sprite,ToggleBox_Off
Sprite,ToggleBox_On
Sprite,Tools
Sprite,Totem
Sprite,Trap
Sprite,Triangle Head
Sprite,Trophy
Sprite,UDisk
Sprite,UICheckMark
Sprite,UIElement8px
Sprite,UIFoldoutClosed
Sprite,UIFoldoutOpened
Sprite,UIMask
Sprite,UISprite
Sprite,UI_RedBag
Sprite,UI_SoundMarker_02
Sprite,USB
Sprite,UpFrameMask16
Sprite,UreaBag
Sprite,WD40
Sprite,WPN_AA12
Sprite,WPN_AHBow
Sprite,WPN_AHBow_Ice
Sprite,WPN_AK74U_T
Sprite,WPN_Ash_12
Sprite,WPN_BrainController
Sprite,WPN_ButcherKnife
Sprite,WPN_Crossbow
Sprite,WPN_ElectricBaton
Sprite,WPN_Fireworks
Sprite,WPN_FishGiantSword
Sprite,WPN_IceSword_2
Sprite,WPN_MPX
Sprite,WPN_Minotaur
Sprite,WPN_QBZ191
Sprite,WPN_SRM3
Sprite,WPN_SaltedFish
Sprite,WPN_SnowBall
Sprite,WPN_Toilet
Sprite,WPN_Toilet_2
Sprite,Walkie_Talkie
Sprite,Walkie_TalkieA
Sprite,WarmStone
Sprite,Watch01
Sprite,Watch02
Sprite,Water01
Sprite,Waterbottle02
Sprite,WeaponParts
Sprite,WeaponParts_Blue
Sprite,WeaponParts_Green
Sprite,WeaponParts_Storm
Sprite,White1px
Sprite,WifiCamera
Sprite,Wood
Sprite,WoodStick
Sprite,Wrench01
Sprite,Wrench02
Sprite,Wrench03
Sprite,XInput_A
Sprite,XInput_B
Sprite,XInput_X
Sprite,XInput_Y
Sprite,Xing
Sprite,Yes
Sprite,ZSh-1-2M
Sprite,Zippo
Sprite,a
Sprite,accessibility_64dp_FFFFFF_FILL1_wght400_GRAD0_opsz48
Sprite,acorn1
Sprite,adf_scanner_400dp_FFFFFF_FILL1_wght400_GRAD0_opsz48
Sprite,airplane
Sprite,alarm_64dp_FFFFFF_FILL0_wght400_GRAD0_opsz48
Sprite,all_inclusive_64dp_FFFFFF_FILL0_wght400_GRAD0_opsz48
Sprite,alt
Sprite,ammo_BR_Gray
Sprite,ammo_BR_Normal
Sprite,ammo_BR_Rust
Sprite,ammo_machinegun_Gray
Sprite,ammo_machinegun_Normal
Sprite,ammo_machinegun_Rust
Sprite,ammo_pistol_Blue
Sprite,ammo_pistol_Gray
Sprite,ammo_pistol_Normal
Sprite,ammo_pistol_Rust
Sprite,ammo_rocket
Sprite,ammo_shotgun_Blue
Sprite,ammo_shotgun_Gray
Sprite,ammo_shotgun_Normal
Sprite,ammo_shotgun_Rust
Sprite,ammo_sniper_Gray
Sprite,ammo_sniper_Normal
Sprite,ammo_sniper_Rust
Sprite,apparel_64dp_FFFFFF_FILL1_wght400_GRAD0_opsz48
Sprite,apple
Sprite,arrow_back_24dp_FFFFFF_FILL1_wght400_GRAD0_opsz24
Sprite,arrow_drop_down_64dp_FFFFFF_FILL1_wght400_GRAD0_opsz48
Sprite,arrow_drop_up_64dp_FFFFFF_FILL1_wght400_GRAD0_opsz48
Sprite,arrow_left
Sprite,arrow_right
Sprite,at
Sprite,attribution_24dp_FFFFFF_FILL1_wght400_GRAD0_opsz24
Sprite,b
Sprite,back_hand_64dp_FFFFFF_FILL1_wght400_GRAD0_opsz48
Sprite,backspace
Sprite,backspace_24dp_FFFFFF_FILL1_wght400_GRAD0_opsz24
Sprite,balance_64dp_FFFFFF_FILL1_wght400_GRAD0_opsz48
Sprite,basket
Sprite,bedtime_64dp_FFFFFF_FILL1_wght400_GRAD0_opsz48
Sprite,bicycle
Sprite,bing
Sprite,biotech_64dp_FFFFFF_FILL1_wght400_GRAD0_opsz48
Sprite,blackBoxLogo
Sprite,bone
Sprite,book
Sprite,book2
Sprite,bookmark_star_64dp_FFFFFF_FILL1_wght400_GRAD0_opsz48
Sprite,broom
Sprite,c
Sprite,cake
Sprite,cancel_64dp_FFFFFF_FILL1_wght400_GRAD0_opsz48
Sprite,candy
Sprite,canon
Sprite,capsLock
Sprite,carrot
Sprite,cent
Sprite,check_circle_64dp_FFFFFF_FILL1_wght400_GRAD0_opsz48
Sprite,checkmark
Sprite,cherry
Sprite,circumflex
Sprite,clock
Sprite,cognition_64dp_FFFFFF_FILL1_wght400_GRAD0_opsz48
Sprite,colon
Sprite,comma
Sprite,content_copy_64dp_FFFFFF_FILL1_wght400_GRAD0_opsz48
Sprite,copy
Sprite,cow
Sprite,cross
Sprite,ctrl
Sprite,cup
Sprite,cursor
Sprite,d
Sprite,darkcarrot
Sprite,dayi
Sprite,delete
Sprite,delete_48dp_FFFFFF_FILL1_wght400_GRAD0_opsz48
Sprite,dermatology_64dp_FFFFFF_FILL1_wght400_GRAD0_opsz48
Sprite,dice
Sprite,directions_run_64dp_FFFFFF_FILL1_wght400_GRAD0_opsz48
Sprite,directions_walk_64dp_FFFFFF_FILL1_wght400_GRAD0_opsz48
Sprite,ditto
Sprite,dollar
Sprite,double_arrow_left
Sprite,downArrow
Sprite,driver
Sprite,e
Sprite,egg
Sprite,end
Sprite,enter
Sprite,equals
Sprite,escape
Sprite,exclamation
Sprite,exercise_64dp_FFFFFF_FILL1_wght400_GRAD0_opsz48
Sprite,f
Sprite,f1
Sprite,f10
Sprite,f11
Sprite,f12
Sprite,f2
Sprite,f3
Sprite,f4
Sprite,f5
Sprite,f6
Sprite,f7
Sprite,f8
Sprite,f9
Sprite,fan
Sprite,fast_forward_64dp_FFFFFF_FILL1_wght400_GRAD0_opsz48
Sprite,fast_rewind_64dp_FFFFFF_FILL1_wght400_GRAD0_opsz48
Sprite,fiber
Sprite,fiber_Gray
Sprite,fiber_Green
Sprite,fish
Sprite,fitness_center_64dp_FFFFFF_FILL1_wght400_GRAD0_opsz48
Sprite,football
Sprite,format_color_reset_64dp_FFFFFF_FILL1_wght400_GRAD0_opsz48
Sprite,g
Sprite,ghost
Sprite,gold coin bag1
Sprite,greaterThan
Sprite,h
Sprite,hamburger
Sprite,handyman_64dp_FFFFFF_FILL1_wght400_GRAD0_opsz48
Sprite,harp
Sprite,hat
Sprite,headphones
Sprite,heart
Sprite,hematology_64dp_FFFFFF_FILL1_wght400_GRAD0_opsz48
Sprite,hiking_64dp_FFFFFF_FILL1_wght400_GRAD0_opsz48
Sprite,home
Sprite,home_health_64dp_FFFFFF_FILL1_wght400_GRAD0_opsz48
Sprite,horse
Sprite,hourglass_64dp_FFFFFF_FILL1_wght400_GRAD0_opsz48
Sprite,huizhang2_Gold
Sprite,i
Sprite,icon_white_language
Sprite,imagesmode_64dp_FFFFFF_FILL1_wght400_GRAD0_opsz48
Sprite,ink
Sprite,insert
Sprite,j
Sprite,jar
Sprite,k
Sprite,key
Sprite,key_64dp_FFFFFF_FILL1_wght400_GRAD0_opsz48
Sprite,keyboard_64dp_FFFFFF_FILL1_wght400_GRAD0_opsz48
Sprite,kleenex
Sprite,l
Sprite,leftArrow
Sprite,leftBrace
Sprite,leftBracket
Sprite,leftButton
Sprite,leftParenthesis
Sprite,lessThan
Sprite,letter
Sprite,level2-4 wal
Sprite,lipstick
Sprite,logout_48dp_FFFFFF_FILL1_wght400_GRAD0_opsz48
Sprite,m
Sprite,machinegun
Sprite,map_64dp_FFFFFF_FILL1_wght400_GRAD0_opsz48
Sprite,mediaFastForward
Sprite,mediaNext
Sprite,mediaPause
Sprite,mediaPlay
Sprite,mediaPrevious
Sprite,mediaRecord
Sprite,mediaRewind
Sprite,mediaStop
Sprite,memory_256dp_FFFFFF_FILL0_wght400_GRAD0_opsz48
Sprite,menu
Sprite,middleButton
Sprite,mike
Sprite,minus
Sprite,moto
Sprite,moved_location_64dp_FFFFFF_FILL1_wght400_GRAD0_opsz48
Sprite,n
Sprite,network_intelligence_64dp_FFFFFF_FILL1_wght400_GRAD0_opsz48
Sprite,newspaper
Sprite,note
Sprite,note_BlackMarket
Sprite,numLock
Sprite,numpadMultiply
Sprite,o
Sprite,p
Sprite,package
Sprite,pageDown
Sprite,pageUp
Sprite,pause
Sprite,paw
Sprite,pen
Sprite,percent
Sprite,period
Sprite,personal_bag_64dp_FFFFFF_FILL1_wght400_GRAD0_opsz48
Sprite,pets_64dp_FFFFFF_FILL1_wght400_GRAD0_opsz48
Sprite,pfb_WW_Lynae
Sprite,pfb_Wireless_Ming
Sprite,pictoicon_arrow_line_prev
Sprite,pictoicon_arrow_up
Sprite,pictoicon_delete
Sprite,pictoicon_exit
Sprite,pictoicon_gesture_direction_2
Sprite,pictoicon_refresh
Sprite,pictoicon_reset
Sprite,pictoicon_share
Sprite,pipe
Sprite,pistol_G
Sprite,play
Sprite,play_arrow_48dp_FFFFFF_FILL1_wght400_GRAD0_opsz48
Sprite,plus
Sprite,point_scan
Sprite,point_scan_64dp_FFFFFF_FILL1_wght400_GRAD0_opsz48
Sprite,printScreen
Sprite,priority_high_64dp_FFFFFF_FILL1_wght400_GRAD0_opsz48
Sprite,procedural_ui_image_default_sprite
Sprite,psychiatry_64dp_E3E3E3_FILL1_wght400_GRAD0_opsz48
Sprite,psychology_64dp_FFFFFF_FILL1_wght400_GRAD0_opsz48
Sprite,pulmonology_64dp_FFFFFF_FILL1_wght400_GRAD0_opsz48
Sprite,q
Sprite,question
Sprite,quote
Sprite,r
Sprite,radio
Sprite,raven
Sprite,relax_64dp_FFFFFF_FILL1_wght400_GRAD0_opsz48
Sprite,restaurant_64dp_FFFFFF_FILL1_wght400_GRAD0_opsz48
Sprite,rightArrow
Sprite,rightBrace
Sprite,rightBracket
Sprite,rightButton
Sprite,rightParenthesis
Sprite,ring
Sprite,ring2
Sprite,robot
Sprite,rocket
Sprite,s
Sprite,save_48dp_FFFFFF_FILL1_wght400_GRAD0_opsz48
Sprite,savings_64dp_FFFFFF_FILL1_wght400_GRAD0_opsz48
Sprite,scissors
Sprite,scrollLock
Sprite,semicolon
Sprite,settings_48dp_FFFFFF_FILL1_wght400_GRAD0_opsz48
Sprite,sharp
Sprite,shield_64dp_FFFFFF_FILL1_wght400_GRAD0_opsz48
Sprite,shift
Sprite,shitBullet
Sprite,shitBullet_gold
Sprite,shotgunShort
Sprite,signal_disconnected_64dp_FFFFFF_FILL1_wght400_GRAD0_opsz48
Sprite,skull
Sprite,slash
Sprite,smartphones
Sprite,sort_64dp_FFFFFF_FILL1_wght400_GRAD0_opsz48
Sprite,space
Sprite,spaceBar
Sprite,sports_esports_256dp_FFFFFF_FILL1_wght400_GRAD0_opsz48
Sprite,sports_gymnastics_64dp_FFFFFF_FILL1_wght400_GRAD0_opsz48
Sprite,sprint_64dp_FFFFFF_FILL1_wght400_GRAD0_opsz48
Sprite,star
Sprite,steamlogo
Sprite,storefront_64dp_FFFFFF_FILL1_wght400_GRAD0_opsz48
Sprite,sword
Sprite,swords
Sprite,t
Sprite,tambourine
Sprite,tape
Sprite,target
Sprite,target_64dp_FFFFFF_FILL1_wght400_GRAD0_opsz48
Sprite,tilde
Sprite,tile_0110
Sprite,tile_0116
Sprite,tile_0650
Sprite,tile_0651
Sprite,tile_0727
Sprite,tile_0728
Sprite,tile_0791
Sprite,tile_0792
Sprite,tile_0793
Sprite,tile_0794
Sprite,tile_0795
Sprite,tile_0796
Sprite,toolbox
Sprite,tools_power_drill_64dp_FFFFFF_FILL1_wght400_GRAD0_opsz48
Sprite,total_dissolved_solids_64dp_FFFFFF_FILL1_wght400_GRAD0_opsz48
Sprite,triangle_down 1
Sprite,triangle_down_0
Sprite,triangle_left
Sprite,triangle_up
Sprite,trophy
Sprite,trophy_64dp_FFFFFF_FILL1_wght400_GRAD0_opsz48
Sprite,trumpet
Sprite,u
Sprite,underscore
Sprite,upArrow
Sprite,upload_2_64dp_FFFFFF_FILL1_wght400_GRAD0_opsz48
Sprite,uzi
Sprite,uziGoldLong
Sprite,v
Sprite,vital_signs_64dp_FFFFFF_FILL1_wght400_GRAD0_opsz48
Sprite,volume_up_64dp_FFFFFF_FILL1_wght400_GRAD0_opsz48
Sprite,w
Sprite,waffle
Sprite,warning_24dp_FFFFFF_FILL1_wght400_GRAD0_opsz24
Sprite,water_drop_64dp_FFFFFF_FILL1_wght400_GRAD0_opsz48
Sprite,wc_64dp_FFFFFF_FILL1_wght400_GRAD0_opsz48
Sprite,wegame=Horizontal-graphical-patterns-&-texts-(Full-color-inverted-color)
Sprite,weight_64dp_FFFFFF_FILL1_wght400_GRAD0_opsz48
Sprite,wheel
Sprite,windows
Sprite,workspace_premium_256dp_FFFFFF_FILL1_wght400_GRAD0_opsz48
Sprite,x
Sprite,xylophone
Sprite,y
Sprite,yarn
Sprite,yogurt
Sprite,z
Texture2D,0
Texture2D,0001_Buff_Thirsty
Texture2D,1
Texture2D,1001_Buff_BleedS
Texture2D,1003_Buff_BoneCrack
Texture2D,1004_Buff_Wound
Texture2D,1011_Buff_AddSpeed
Texture2D,1012_Buff_InjectorMaxWeight
Texture2D,1013_Buff_InjectorArmor
Texture2D,1014_Buff_InjectorStamina
Texture2D,1015_Buff_InjectorMeleeDamage
Texture2D,1016_Buff_InjectorMeleeDamageDebuff
Texture2D,1017_Buff_InjectorRecoilControl
Texture2D,1018_Buff_HealForWhile
Texture2D,1021_Buff_Weight_Light
Texture2D,1022_Buff_Weight_Heavy
Texture2D,1023_Buff_Weight_SuperHeavy
Texture2D,1024_Buff_Weight_Overweight
Texture2D,1032_Buff_Starve
Texture2D,1041_Buff_Stun
Texture2D,1051_Buff_Base
Texture2D,1061_Buff_PoisonS
Texture2D,1063_Buff_PoisonZombieChange
Texture2D,1071_Buff_Electric
Texture2D,1072_Buff_ElecResistShort
Texture2D,1074_Buff_FireResistShort
Texture2D,1075_Buff_PoisonResistShort
Texture2D,1076_Buff_SpaceResistShort
Texture2D,1081_Buff_Pain
Texture2D,1082_Buff_PainResistShort
Texture2D,1083_Buff_PainResistMiddle
Texture2D,1084_Buff_PainResistLong
Texture2D,1091_Buff_HotBlood
Texture2D,1092_Buff_Injector_HotBlood_Trigger
Texture2D,1093_Buff_Injector_HotBlood_SpeedDamage
Texture2D,1101_Buff_Happy
Texture2D,1111_Buff_Space
Texture2D,1112_Buff_Space2
Texture2D,1113_Buff_StormProtection1
Texture2D,1114_Buff_StormProtection2
Texture2D,1115_Buff_SpaceResistLow
Texture2D,1116_Buff_SpaceResistHigh
Texture2D,1117_Buff_SpaceGun
Texture2D,1121_Buff_Burn
Texture2D,1122_Buff_PoisonLow
Texture2D,1123_Buff_Nauseous
Texture2D,1124_Buff_Ghost
Texture2D,1125_Buff_BurnBig
Texture2D,1126_Buff_Freeze
Texture2D,1127_Buff_Frozen
Texture2D,1128_Buff_Electric_NM
Texture2D,1129_Buff_NM_Damage
Texture2D,1201_Buff_NightVision
Texture2D,1202_Buff_PaperBox
Texture2D,1205_Buff_DarkCarrot
Texture2D,1206_Buff_Tagilla
Texture2D,1207_Buff_Tagilla_Basaka
Texture2D,1401_buff_Hurt
Texture2D,1402_buff_equip_FC_Buff
Texture2D,1404_buff_equip_BlueBall_Buff
Texture2D,1410_buff_TwoBall_Layer
Texture2D,1491_buff_BleedResist
Texture2D,1492_buff_PoisonResist
Texture2D,1493_buff_ElecResist
Texture2D,1494_buff_BurnResist
Texture2D,1495_buff_SpaceResist
Texture2D,1496_buff_NauseousResist
Texture2D,1497_buff_StunResist
Texture2D,1498_buff_GhostResist
Texture2D,1499_Buff_RedEye
Texture2D,1900_buff_Totem_Describe_hurt
Texture2D,2
Texture2D,2101_Buff_Cold
Texture2D,2102_Buff_SuperCold
Texture2D,2201_Buff_HurtByCold
Texture2D,2233
Texture2D,2301_Buff_ColdResist
Texture2D,3
Texture2D,4
Texture2D,5
Texture2D,5000WPower
Texture2D,6
Texture2D,7
Texture2D,7segment SDF Atlas
Texture2D,8
Texture2D,9
Texture2D,AED
Texture2D,A_Test
Texture2D,Accelerate_Door_Tex_AlbedoTransparency
Texture2D,Accelerate_Door_Tex_Emission
Texture2D,Accelerate_Door_Tex_MetallicSmoothness
Texture2D,Accelerate_Door_Tex_Normal
Texture2D,Agent_Armor_ColdProtect_Raider
Texture2D,Aim_02
Texture2D,AirLoop
Texture2D,Air_Bus_2(1)
Texture2D,AncientCoins
Texture2D,Anti-Aliased Line Texture
Texture2D,AreaTex
Texture2D,Armor_SpaceProtect_Raider
Texture2D,Arrow
Texture2D,Arrow Head
Texture2D,Arrow_DefaultMaterial_AlbedoTransparency
Texture2D,Arrow_DefaultMaterial_MetallicSmoothness
Texture2D,Arrow_Explosion
Texture2D,BBQChicken_DefaultMaterial_AlbedoTransparency
Texture2D,Background
Texture2D,Backpack_LV1
Texture2D,Backpack_LV2
Texture2D,Backpack_LV3
Texture2D,Backpack_LV4
Texture2D,Backpack_LV5
Texture2D,Ballistic Armor Co. Bastion
Texture2D,Ballistic Armor Co. Bastion_Snow
Texture2D,Banknote
Texture2D,BasketBall
Texture2D,BasketBall_DefaultMaterial_AlbedoTransparency
Texture2D,BasketBall_DefaultMaterial_MetallicSmoothness
Texture2D,BasketBall_DefaultMaterial_Normal
Texture2D,Basket_DefaultMaterial_AlbedoTransparency
Texture2D,Basket_DefaultMaterial_MetallicSmoothness
Texture2D,Basket_DefaultMaterial_Normal
Texture2D,Bat01
Texture2D,Bat04
Texture2D,Battery01
Texture2D,Battery02
Texture2D,Battery1 1
Texture2D,Battery2 1
Texture2D,Battery_Grenade_AlbedoTransparency
Texture2D,Battery_Grenade_Emission
Texture2D,Battery_Grenade_MetallicSmoothness
Texture2D,Battery_Grenade_Normal
Texture2D,Battery_Gun_AlbedoTransparency
Texture2D,Battery_Gun_Emission 1
Texture2D,Battery_Gun_MetallicSmoothness
Texture2D,Battery_Gun_Normal
Texture2D,BattleHealthKeeper
Texture2D,BattleHealthKeeper 1
Texture2D,BayerMatrix
Texture2D,BigBoard
Texture2D,BigJarLow_lambert7SG_MAS
Texture2D,BigJarLow_lambert7SG_Normal
Texture2D,Biscuit02
Texture2D,BitCoin
Texture2D,Bleach
Texture2D,BlueEye
Texture2D,BlueNoise
Texture2D,Blueprint
Texture2D,Blueprint2
Texture2D,Bolt
Texture2D,BoomCar
Texture2D,Boots01
Texture2D,BossScene_AlbedoTransparency
Texture2D,BossScene_Emission
Texture2D,BossScene_MetallicSmoothness
Texture2D,BossScene_Normal
Texture2D,Boss_Fly_Face
Texture2D,Boss_Fly_Wings
Texture2D,Boss_Horsemen_B_Backpack
Texture2D,Boss_Horsemen_B_Body
Texture2D,Boss_Horsemen_B_Head
Texture2D,Boss_Horsemen_G_Backpack
Texture2D,Boss_Horsemen_G_Body
Texture2D,Boss_Horsemen_G_Head
Texture2D,Boss_Horsemen_R_Backpack
Texture2D,Boss_Horsemen_R_Body
Texture2D,Boss_Horsemen_R_Head
Texture2D,Boss_Horsemen_T_Body 1
Texture2D,Boss_Horsemen_T_Head 1
Texture2D,Bottle01
Texture2D,Bottle02
Texture2D,Bottle04
Texture2D,Bottle05
Texture2D,Bow
Texture2D,Bow_II_DefaultMaterial_AlbedoTransparency(2)
Texture2D,Bow_II_DefaultMaterial_MetallicSmoothness(2)
Texture2D,Bow_II_DefaultMaterial_Normal(2)
Texture2D,Box01
Texture2D,Box02
Texture2D,Box02 1
Texture2D,Box03
Texture2D,BrushedMetalNormal
Texture2D,BubbleAlbedo
Texture2D,BubbleDestroy
Texture2D,BubbleDuck_Animations
Texture2D,BubbleSpecular
Texture2D,Bucket
Texture2D,Bucket_initialShadingGroup_AO
Texture2D,Bucket_initialShadingGroup_AlbedoTransparency
Texture2D,Bucket_initialShadingGroup_MetallicSmoothness
Texture2D,Bucket_initialShadingGroup_Normal
Texture2D,Bulb
Texture2D,Bullet01
Texture2D,Bullet_BrainController
Texture2D,Bullet_Fireworks
Texture2D,Bullet_SnowBall_H
Texture2D,Bullet_WaterBall_H
Texture2D,BunkerDoor_Painting_DefaultMaterial_AlbedoTransparency
Texture2D,BunkerDoor_Painting_DefaultMaterial_MetallicSmoothness
Texture2D,BunkerDoor_Painting_DefaultMaterial_Normal
Texture2D,BurstBow2
Texture2D,CDDriver
Texture2D,CFX3_T_SmokePuff
Texture2D,CPU
Texture2D,Cabel
Texture2D,Cables
Texture2D,CaiShirt
Texture2D,CaiShirt_DefaultMaterial_AlbedoTransparency
Texture2D,CaiShirt_DefaultMaterial_MetallicSmoothness
Texture2D,CaiShirt_DefaultMaterial_Normal
Texture2D,Camera01_tex_AlbedoTransparency
Texture2D,Camera01_tex_Emissive
Texture2D,Camera01_tex_Normal
Texture2D,Can01
Texture2D,Can03
Texture2D,Can05
Texture2D,Can07
Texture2D,CandleSculpt_Paint_DefaultMaterial_AlbedoTransparency 1
Texture2D,CandleSculpt_Paint_DefaultMaterial_MetallicSmoothness
Texture2D,CandleSculpt_Paint_DefaultMaterial_Normal
Texture2D,Cap
Texture2D,CarBattery
Texture2D,Car_03_a
Texture2D,Car_15_AlbedoTransparency_1
Texture2D,Car_15_AlbedoTransparency_1 1
Texture2D,Car_15_AlbedoTransparency_2
Texture2D,Car_1_Graffiti_Emission
Texture2D,CardLabyrinth
Texture2D,CardLabyrinth_Empty
Texture2D,Card_Black
Texture2D,Card_Blue
Texture2D,Card_Green
Texture2D,Card_Purple
Texture2D,Card_Red
Texture2D,Card_Yellow
Texture2D,Cash
Texture2D,Ceiling
Texture2D,Ceiling_model_tex_AlbedoTransparency
Texture2D,Ceiling_model_tex_Emissive
Texture2D,Ceiling_model_tex_MetallicSmoothness
Texture2D,Ceiling_model_tex_Normal
Texture2D,Checkmark
Texture2D,Chest2_lambert2_AlbedoTransparency
Texture2D,Chest2_lambert2_Emission
Texture2D,Chest2_lambert2_Normal
Texture2D,ChineseKnot
Texture2D,Chocolate01
Texture2D,Chocolate02
Texture2D,Chocolate_Drink
Texture2D,Cigarette02
Texture2D,Circle
Texture2D,CircuitBoard
Texture2D,City 2d
Texture2D,Cloth
Texture2D,Clothes_AntiFreeze
Texture2D,Clothes_Armor_Island_Blue
Texture2D,Clothes_Armor_Island_Coconut
Texture2D,Clothes_Armor_Island_Pineapple
Texture2D,Clothes_CottonHat
Texture2D,Clothes_CottonOvercoat
Texture2D,Clothes_Killa
Texture2D,Clothes_LV1
Texture2D,Clothes_LV2
Texture2D,Clothes_LV3
Texture2D,Clothes_LV3_2
Texture2D,Clothes_LV3_3
Texture2D,Clothes_LV3_3 1
Texture2D,Clothes_LV4
Texture2D,Clothes_LV5
Texture2D,Clothes_LV5_2
Texture2D,Clothes_LV5_3
Texture2D,Clothes_LV5_3_Snow
Texture2D,Clothes_LV5_4
Texture2D,Clothes_LV5_4_Snow
Texture2D,Clothes_LV6_1
Texture2D,Clothes_Tagilla
Texture2D,Clothes_TwinsBoss_Blue
Texture2D,Clothes_TwinsBoss_Red
Texture2D,Cloud01_8x8
Texture2D,ColdCore
Texture2D,Color
Texture2D,CommonSymbols
Texture2D,CompassA
Texture2D,CompassArrow
Texture2D,ComputeCore
Texture2D,ComputeCore_Comb
Texture2D,Concrete_n
Texture2D,Cover
Texture2D,CoverLow
Texture2D,Cover_BubblePopper
Texture2D,Cover_GoldMiner
Texture2D,Cover_Island
Texture2D,Cover_MouseDodger
Texture2D,Crosshair
Texture2D,Crosshire_02
Texture2D,Crown
Texture2D,Crystal_normal
Texture2D,Cubbbe_initialShadingGroup_AlbedoTransparency
Texture2D,Cubbbe_initialShadingGroup_AlbedoTransparency 1
Texture2D,Cubbbe_initialShadingGroup_Emission
Texture2D,Cubbbe_initialShadingGroup_MetallicSmoothness
Texture2D,Cubbbe_initialShadingGroup_Normal
Texture2D,Cubbe
Texture2D,CubeGun
Texture2D,DUNTAR
Texture2D,DUNTAR_LOGO
Texture2D,DUNTAR_Snow
Texture2D,D_Dirt_02
Texture2D,D_Grunge_01
Texture2D,D_SnowTownHall_Logo
Texture2D,Decal_WorkingInProgress
Texture2D,Deco_Lantern
Texture2D,Deco_Pumpkin
Texture2D,Deco_Snow
Texture2D,Default
Texture2D,Default-Checker-Gray
Texture2D,Default-Particle
Texture2D,Default-ParticleSystem
Texture2D,DefaultMaterial_C(2) 1
Texture2D,DefaultMaterial_MMOR(1)
Texture2D,Detergent
Texture2D,Displayer 1
Texture2D,Displayer_initialShadingGroup_AlbedoTransparency
Texture2D,Displayer_initialShadingGroup_Emission 2
Texture2D,Displayer_initialShadingGroup_Emission 3
Texture2D,Displayer_initialShadingGroup_MetallicSmoothness
Texture2D,Displayer_initialShadingGroup_Normal
Texture2D,Door_Mecha_2_2_Tex_AlbedoTransparency
Texture2D,Door_Mecha_2_2_Tex_AlbedoTransparency 2
Texture2D,Door_Mecha_2_2_Tex_Emission
Texture2D,Door_Mecha_2_2_Tex_MetallicSmoothness
Texture2D,Door_Mecha_2_2_Tex_Normal
Texture2D,Dots_1
Texture2D,Dots_2
Texture2D,Dots_3
Texture2D,DropdownArrow
Texture2D,Dropped01_AlbedoTransparency
Texture2D,Dropped01_Emission
Texture2D,Dropped01_tex_MetallicSmoothness
Texture2D,Dropped01_tex_Normal
Texture2D,Drum01
Texture2D,Drum02
Texture2D,Drum03
Texture2D,Drum04
Texture2D,DualShock_East
Texture2D,DualShock_North
Texture2D,DualShock_South
Texture2D,DualShock_West
Texture2D,Duckov_Files
Texture2D,Duckov_GPU
Texture2D,Duckov_LEDX
Texture2D,Duckov_PowerBank
Texture2D,Dumpling
Texture2D,DustParticles
Texture2D,Dynamite01
Texture2D,Dynamite02
Texture2D,EP Outline logo
Texture2D,EPIC
Texture2D,ElectricParts
Texture2D,ElectricSaw
Texture2D,EmojiOne
Texture2D,Empty Circle Head
Texture2D,Endowment_1
Texture2D,Endowment_2
Texture2D,Endowment_3
Texture2D,Endowment_4
Texture2D,Endowment_5
Texture2D,EnergyBullet_L
Texture2D,EnergyBullet_S
Texture2D,EnergySavingBulb
Texture2D,EnergySavingBulb 1
Texture2D,Explosion01_5x5
Texture2D,Eye
Texture2D,Eye6M
Texture2D,FMODLogo
Texture2D,Feather
Texture2D,Figurine_Lion
Texture2D,Filled Circle Head
Texture2D,Fireball04_8x8
Texture2D,FireworkLauncher
Texture2D,First_aid_Kit01
Texture2D,First_aid_Kit02
Texture2D,First_aid_Kit03
Texture2D,First_aid_Kit_Bandage
Texture2D,Fish_Black_Snapper
Texture2D,Fish_Blue_Damselfish
Texture2D,Fish_Blue_Jack_Mackerel
Texture2D,Fish_Blue_Mackerel
Texture2D,Fish_Blue_Marlin
Texture2D,Fish_Blue_Sailfish
Texture2D,Fish_Blue_Tang
Texture2D,Fish_Brown_Mullet
Texture2D,Fish_Brown_Sardine
Texture2D,Fish_Brown_and_White_Grunt
Texture2D,Fish_Golden_Fish
Texture2D,Fish_Green_Cod
Texture2D,Fish_Green_Triggerfish
Texture2D,Fish_Green_Yellow_Porcupinefish
Texture2D,Fish_Grey_Catshark
Texture2D,Fish_Orange_Greenfin_Fish
Texture2D,Fish_Orange_Squirrelfish
Texture2D,Fish_Pink_Clownfish
Texture2D,Fish_Purple_Damselfish
Texture2D,Fish_Red_Banded_Fish
Texture2D,Fish_Red_Goldfish
Texture2D,Fish_Red_Grouper
Texture2D,Fish_Red_Spotted_Grouper
Texture2D,Fish_Redfin_Flamefish
Texture2D,Fish_Redfin_Snapper
Texture2D,Fish_White_Angelfish
Texture2D,Fish_White_Cod
Texture2D,Fish_White_Perch
Texture2D,Fish_Yellow_Green_Snapper
Texture2D,Fish_Yellow_Porcupinefish
Texture2D,FishingRod_LV1
Texture2D,FishingRod_LV2
Texture2D,FishingRod_LV3
Texture2D,FistGun_lambert3SG_AlbedoTransparency2
Texture2D,FistGun_lambert3SG_Emission
Texture2D,FistGun_lambert3SG_MetallicSmoothness
Texture2D,FistGun_lambert3SG_Normal
Texture2D,FlamingCore
Texture2D,Flashlight01
Texture2D,FloppyDisk
Texture2D,FlyDronePlatform_lambert1_AlbedoTransparency
Texture2D,FlyDronePlatform_lambert1_Emission
Texture2D,FlyDronePlatform_lambert1_MetallicSmoothness
Texture2D,FlyDronePlatform_lambert1_Normal
Texture2D,FoPhoto
Texture2D,Font Texture
Texture2D,FootballDuo_1_Clothes
Texture2D,FootballDuo_1_Glasses
Texture2D,FootballDuo_2_Clothes
Texture2D,Frame_Basic_Rectangle
Texture2D,Fur_1
Texture2D,Fur_2
Texture2D,Fur_4
Texture2D,GPUPotato
Texture2D,Game_Player_A_Tex_AlbedoTransparency
Texture2D,Game_Player_A_Tex_AlbedoTransparency 1
Texture2D,Game_Player_A_Tex_Emission
Texture2D,Game_Player_A_Tex_MetallicSmoothness
Texture2D,Game_Player_A_Tex_Normal
Texture2D,Game_Player_B_Screen_Tex_AlbedoTransparency
Texture2D,Game_Player_B_Screen_Tex_MetallicSmoothness
Texture2D,Game_Player_B_Screen_Tex_Normal
Texture2D,Game_Player_C_Tex_AlbedoTransparency
Texture2D,Game_Player_C_Tex_Emission
Texture2D,Game_Player_C_Tex_MetallicSmoothness
Texture2D,Game_Player_C_Tex_Normal
Texture2D,Game_Player_D_Tex_AlbedoTransparency
Texture2D,Game_Player_D_Tex_Emission
Texture2D,Game_Player_D_Tex_MetallicSmoothness
Texture2D,Game_Player_D_Tex_Normal
Texture2D,Game_Player_E_Tex_AlbedoTransparency
Texture2D,Game_Player_E_Tex_Emission
Texture2D,Game_Player_E_Tex_MetallicSmoothness
Texture2D,Game_Player_E_Tex_Normal
Texture2D,Game_Player_F_Tex_AlbedoTransparency
Texture2D,Game_Player_F_Tex_Emission
Texture2D,Game_Player_F_Tex_MetallicSmoothness
Texture2D,Game_Player_F_Tex_Normal
Texture2D,Game_Player_G_Tex_AlbedoTransparency
Texture2D,Game_Player_G_Tex_Emission
Texture2D,Game_Player_G_Tex_MetallicSmoothness
Texture2D,Game_Player_G_Tex_Normal
Texture2D,Garden-Palette
Texture2D,GardenCursorsx1
Texture2D,GardenCursorsx2
Texture2D,GardenCursorsx3
Texture2D,GardenCursorsx4
Texture2D,GasMask01
Texture2D,Gear_Big
Texture2D,Glass
Texture2D,Glasses_DefaultMaterial_AlbedoTransparency
Texture2D,Glasses_DefaultMaterial_Emission
Texture2D,Glasses_DefaultMaterial_MetallicSmoothness
Texture2D,Glasses_DefaultMaterial_Normal
Texture2D,Glow White
Texture2D,Glue_A
Texture2D,Glue_B
Texture2D,Goggle
Texture2D,GoldNuggets
Texture2D,GolfClub
Texture2D,Gradient128
Texture2D,Gradient128V_25
Texture2D,GradientSym256
Texture2D,GreenBat
Texture2D,Grenade01
Texture2D,Grenade02
Texture2D,Grenade03
Texture2D,Grenade_Elec
Texture2D,Grenade_Fire
Texture2D,Grenade_Ice
Texture2D,Grenade_One
Texture2D,Grenade_Poison
Texture2D,Grenade_Smoke
Texture2D,GridBox_Collider
Texture2D,GridBox_Default
Texture2D,GridBox_NoDraw
Texture2D,GridBox_Trigger
Texture2D,Guide
Texture2D,Gun02
Texture2D,GunPowder
Texture2D,Hair_Hat_Killa_Real
Texture2D,Hair_Hat_LV1
Texture2D,Hair_Hat_LV2
Texture2D,Hair_Hat_LV3
Texture2D,Hair_Hat_LV4
Texture2D,Hair_Hat_LV5
Texture2D,Hair_Hat_LV6
Texture2D,Hammer01
Texture2D,Hammer02
Texture2D,Hammer03
Texture2D,Hammer_Mid
Texture2D,HandleGears
Texture2D,HardDrive
Texture2D,HardDrive Loaded
Texture2D,HeadLantern
Texture2D,Head_Small_TV_AlbedoTransparency
Texture2D,Head_Small_TV_Normal
Texture2D,Headset_2
Texture2D,Helmat_Roadblock
Texture2D,Helmat_TwinsBoss_Blue
Texture2D,Helmat_TwinsBoss_Red
Texture2D,Helmat_Vida
Texture2D,Helmets_AntiFreeze
Texture2D,Helmets_Banana
Texture2D,Helmets_EggShell
Texture2D,Helmets_Headscarf
Texture2D,Helmets_Horse
Texture2D,Helmets_LionDance
Texture2D,Helmets_Strawhat
Texture2D,Helmets_Tagilla
Texture2D,Helmets_Tagilla_Minotaur
Texture2D,HighcomStriker
Texture2D,HighcomStriker_Snow
Texture2D,Honey01
Texture2D,HorizontalFrameMask_16
Texture2D,Horse
Texture2D,Hotend
Texture2D,Hunter
Texture2D,IG_Apple
Texture2D,IG_Aubergine
Texture2D,IG_Banana
Texture2D,IG_BaseWallPaper_Island
Texture2D,IG_BaseWallPaper_JLAB
Texture2D,IG_BaseWallPaper_Rock
Texture2D,IG_BaseWallPaper_Snow
Texture2D,IG_BaseWallPaper_Warehouse
Texture2D,IG_BaseWallPaper_Warm_Wall
Texture2D,IG_Cabbage
Texture2D,IG_Carrot
Texture2D,IG_Cherry
Texture2D,IG_Chilli
Texture2D,IG_Coconut
Texture2D,IG_Corn
Texture2D,IG_Cucumber
Texture2D,IG_Garlic
Texture2D,IG_Hazelnut
Texture2D,IG_Lemon
Texture2D,IG_Meat
Texture2D,IG_Onion
Texture2D,IG_Pea
Texture2D,IG_Pineapple
Texture2D,IG_Potato
Texture2D,IG_Pumpkin
Texture2D,IG_Strawberry
Texture2D,IG_Sunflower
Texture2D,IG_Tomato
Texture2D,IG_Watermelon
Texture2D,IG_Wheat
Texture2D,IconWallPaper
Texture2D,Icon_Buff_Cold
Texture2D,Icon_Buff_ColdResist
Texture2D,IdentificationTag
Texture2D,Inconsolata-SemiBold Atlas
Texture2D,Injection
Texture2D,InjectionJinitaimei
Texture2D,InjectionPurple
Texture2D,Injection_A
Texture2D,Injection_BleedResist
Texture2D,Injection_ElecResist
Texture2D,Injection_FireResist
Texture2D,Injection_Healing
Texture2D,Injection_HotBlood
Texture2D,Injection_MeleeDamage
Texture2D,Injection_PainResist
Texture2D,Injection_PoisonResist
Texture2D,Injection_RecoilControl
Texture2D,Injection_SpaceResist
Texture2D,Injection_Stamina
Texture2D,Injection_StoneSkin
Texture2D,Injection_StormProtection1
Texture2D,Injection_Weight
Texture2D,IslandShop
Texture2D,ItemGraphic_Cartridge_BubblePop
Texture2D,ItemGraphic_Cartridge_FactoryPanicShock
Texture2D,ItemGraphic_Cartridge_GoldMiner
Texture2D,ItemGraphic_Cartridge_Island
Texture2D,ItemGraphic_Cartridge_MouseDodger
Texture2D,ItemGraphic_Cartridge_Snake
Texture2D,ItemGraphic_ColorMonitor
Texture2D,ItemGraphic_FC
Texture2D,ItemGraphic_MonochromeMonitor
Texture2D,Items_Clothes_LV2
Texture2D,Items_Clothes_LV3_Snow
Texture2D,JLAB_ProtectiveClothes_Body
Texture2D,JLAB_ProtectiveClothes_Body 1
Texture2D,JLAB_ProtectiveClothes_Body 2
Texture2D,JLAB_ProtectiveClothes_Body_Snow
Texture2D,JLAB_ProtectiveClothes_Head
Texture2D,JLAB_ProtectiveClothes_Head 1
Texture2D,JLAB_ProtectiveClothes_Head_Snow
Texture2D,Joysticks_Button
Texture2D,Joysticks_Ring
Texture2D,Joysticks_Shadow
Texture2D,Jua-Regular Atlas
Texture2D,Jua-Regular Atlas 1
Texture2D,Jua-Regular Atlas 2
Texture2D,Jua-Regular Atlas 3
Texture2D,JunkBall
Texture2D,KazooRuler48
Texture2D,Kenney_Button_East
Texture2D,Kenney_Button_North
Texture2D,Kenney_Button_South
Texture2D,Kenney_Button_West
Texture2D,Kenney_Dpad
Texture2D,Kenney_Dpad_Down
Texture2D,Kenney_Dpad_Left
Texture2D,Kenney_Dpad_Right
Texture2D,Kenney_Dpad_Up
Texture2D,Kenney_Dpad_X
Texture2D,Kenney_Dpad_Y
Texture2D,Kenney_LB
Texture2D,Kenney_LT
Texture2D,Kenney_RB
Texture2D,Kenney_RT
Texture2D,Kenney_SR
Texture2D,Kenney_Stick_L
Texture2D,Kenney_Stick_L_Press
Texture2D,Kenney_Stick_R
Texture2D,Kenney_Stick_Right_Press
Texture2D,Kenny_SL
Texture2D,Key1A
Texture2D,Key1B
Texture2D,Key1C
Texture2D,Key1D
Texture2D,Key2A
Texture2D,Key2B
Texture2D,Key2C
Texture2D,Key3
Texture2D,Key4A
Texture2D,Key4B
Texture2D,Key4C
Texture2D,KeyCard_W
Texture2D,Kitchen_Tex_AlbedoTransparency
Texture2D,Kitchen_Tex_AlbedoTransparency 2
Texture2D,Kitchen_Tex_MetallicSmoothness
Texture2D,Kitchen_Tex_Normal
Texture2D,Knife01
Texture2D,Knife02
Texture2D,Knife03
Texture2D,Knife04
Texture2D,Knife05
Texture2D,Knife06
Texture2D,Knife07
Texture2D,Knob
Texture2D,L
Texture2D,LDR_LLL1_0
Texture2D,LDR_LLL1_1
Texture2D,LDR_LLL1_10
Texture2D,LDR_LLL1_11
Texture2D,LDR_LLL1_12
Texture2D,LDR_LLL1_13
Texture2D,LDR_LLL1_14
Texture2D,LDR_LLL1_15
Texture2D,LDR_LLL1_16
Texture2D,LDR_LLL1_17
Texture2D,LDR_LLL1_18
Texture2D,LDR_LLL1_19
Texture2D,LDR_LLL1_2
Texture2D,LDR_LLL1_20
Texture2D,LDR_LLL1_21
Texture2D,LDR_LLL1_22
Texture2D,LDR_LLL1_23
Texture2D,LDR_LLL1_24
Texture2D,LDR_LLL1_25
Texture2D,LDR_LLL1_26
Texture2D,LDR_LLL1_27
Texture2D,LDR_LLL1_28
Texture2D,LDR_LLL1_29
Texture2D,LDR_LLL1_3
Texture2D,LDR_LLL1_30
Texture2D,LDR_LLL1_31
Texture2D,LDR_LLL1_4
Texture2D,LDR_LLL1_5
Texture2D,LDR_LLL1_6
Texture2D,LDR_LLL1_7
Texture2D,LDR_LLL1_8
Texture2D,LDR_LLL1_9
Texture2D,LUT_Gary
Texture2D,LUT_VisionX
Texture2D,LabyrinthFile
Texture2D,Lantern
Texture2D,Large01
Texture2D,Large02
Texture2D,LiberationSans SDF Atlas
Texture2D,Logo_english
Texture2D,Logo_japanese
Texture2D,Logo_schinese
Texture2D,Logo_tchinese
Texture2D,LuckyNote
Texture2D,Lv
Texture2D,MachineGun01
Texture2D,MachineGun03
Texture2D,MagicCircle
Texture2D,MainMenuBackground
Texture2D,MainMenu_LM0_final
Texture2D,MainMenu_LMA1_final
Texture2D,MainMenu_LMA5_final
Texture2D,MainMenu_LMA6_final
Texture2D,MainMenu_LMA7_final
Texture2D,MainMenu_LMA8_final
Texture2D,Manhole Cover_DefaultMaterial_AlbedoTransparency
Texture2D,Manhole Cover_DefaultMaterial_MetallicSmoothness
Texture2D,Manhole Cover_DefaultMaterial_Normal
Texture2D,MapCrop
Texture2D,Map_Farm
Texture2D,Map_Farm_2
Texture2D,Map_GroundZero
Texture2D,Map_Hiddenwarehouse
Texture2D,Map_JLab_2
Texture2D,Map_Snow
Texture2D,Map_StormZone
Texture2D,MarkerBeacon
Texture2D,Material.001_E
Texture2D,Material_AlbedoTransparency
Texture2D,Material_AlbedoTransparencyY
Texture2D,Material_Emission
Texture2D,Material_MetallicSmoothness
Texture2D,Material_Normal
Texture2D,MazoniGoldenDumbbell
Texture2D,Medicine_bottle02
Texture2D,Medium01
Texture2D,Medium02
Texture2D,Medium03
Texture2D,Medium04
Texture2D,Medium05
Texture2D,Medium06
Texture2D,MetalSlice
Texture2D,MilitaryBattery
Texture2D,MilitaryBoot_Shoe_AlbedoTransparency
Texture2D,MilitaryBoot_Shoe_MetallicSmoothness
Texture2D,MilitaryBoot_Shoe_Normal
Texture2D,Mine
Texture2D,MinerDuck
Texture2D,MiniMap_Base_SceneV2
Texture2D,MiniMap_Base_SceneV2_Sub_01
Texture2D,MiniMap_Level_ChallengeSnow
Texture2D,MiniMap_Level_DemoChallenge_1
Texture2D,MiniMap_Level_Desert
Texture2D,MiniMap_Level_Desert_Boss
Texture2D,MiniMap_Level_Farm_01
Texture2D,MiniMap_Level_GroundZero_1
Texture2D,MiniMap_Level_Guide_1
Texture2D,MiniMap_Level_Guide_2
Texture2D,MiniMap_Level_HiddenWarehouse
Texture2D,MiniMap_Level_JLab_1
Texture2D,MiniMap_Level_JLab_2
Texture2D,MiniMap_Level_SnowFactory
Texture2D,MiniMap_Level_SnowMilitaryBase
Texture2D,MiniMap_Level_SnowMilitaryBase_ColdStorage
Texture2D,MiniMap_Level_StormPast_1
Texture2D,MiniMap_Level_StormZone_1
Texture2D,MiniMap_Level_StormZone_B0
Texture2D,MiniMap_Level_StormZone_B1
Texture2D,MiniMap_Level_StormZone_B2
Texture2D,MiniMap_Level_StormZone_B3
Texture2D,MiniMap_Level_StormZone_B4
Texture2D,MiniMap_Level_SurivalChallenge
Texture2D,MiniMap_Prologue_1
Texture2D,MiniMap_Prologue_Main_Combined
Texture2D,Minigun_LP_lambert1_Emission
Texture2D,Minigun_LP_lambert1_MetallicSmoothness
Texture2D,Minigun_LP_lambert1_Normal
Texture2D,Mobilephone
Texture2D,Modual_AHBow
Texture2D,Modual_Arcade
Texture2D,Modual_Aug
Texture2D,Modual_BSG
Texture2D,Modual_Balett
Texture2D,Modual_Bizon
Texture2D,Modual_Candy
Texture2D,Modual_Cube
Texture2D,Modual_Glick
Texture2D,Modual_HandGun
Texture2D,Modual_LightSaber
Texture2D,Modual_M14
Texture2D,Modual_M700
Texture2D,Modual_Mosin
Texture2D,Modual_NM_Creature
Texture2D,Modual_NM_Mech
Texture2D,Modual_RPD
Texture2D,Modual_SKS
Texture2D,Modual_ShitGun
Texture2D,Modual_SnowGun
Texture2D,Modual_TecSniper
Texture2D,Modual_UZI
Texture2D,Monster_Climb_Eye_Tex_AlbedoTransparency
Texture2D,Monster_Climb_Eye_Tex_MetallicSmoothness
Texture2D,Monster_Climb_Eye_Tex_Normal
Texture2D,Monster_T2_Tex_AlbedoTransparency
Texture2D,Monster_T2_Tex_Emission
Texture2D,Monster_T2_Tex_MetallicSmoothness
Texture2D,Monster_T2_Tex_Normal
Texture2D,MuzzleFlash
Texture2D,NES_Cassette_Clear
Texture2D,NES_Cassette_Tex_MetallicSmoothness
Texture2D,NES_Cassette_Tex_Normal
Texture2D,NES_Tex_AlbedoTransparency
Texture2D,NES_Tex_Emission
Texture2D,NES_Tex_MetallicSmoothness
Texture2D,NES_Tex_Normal
Texture2D,Nail
Texture2D,NeutralLUT_Thermal5
Texture2D,NightVision
Texture2D,NoGraphicsCard
Texture2D,NoPreview
Texture2D,NodeSelected
Texture2D,Noise Texture
Texture2D,Noise Texture 1
Texture2D,NoiseColor
Texture2D,NoiseColorR
Texture2D,NoiseTex
Texture2D,None_AlbedoTransparency
Texture2D,None_AlbedoTransparency 2
Texture2D,None_Emission
Texture2D,None_MetallicSmoothness
Texture2D,None_Normal
Texture2D,Notes
Texture2D,NotoSansSC-Medium Atlas
Texture2D,Nut
Texture2D,OEM1
Texture2D,OfficeAirConditioner01
Texture2D,OfficeAirConditioner01_Metallic
Texture2D,OfficeAirConditioner01_NM
Texture2D,OfficeBox01A
Texture2D,OfficeBox01A_Metallic
Texture2D,OfficeBox01A_NM
Texture2D,OfficeCabinet01A
Texture2D,OfficeCabinet01A 1
Texture2D,OfficeCabinet01A_Metallic
Texture2D,OfficeCabinet01A_NM
Texture2D,OfficeCabinet01B
Texture2D,OfficeCeilingLight02
Texture2D,OfficeCeilingLight02_Emission
Texture2D,OfficeCeilingLight02_Metallic
Texture2D,OfficeCeilingLight02_NM
Texture2D,OfficeClothesHanger01
Texture2D,OfficeClothesHanger01_Metallic
Texture2D,OfficeClothesHanger01_NM
Texture2D,OfficeDeskSet01
Texture2D,OfficeDeskSet01_Metallic
Texture2D,OfficeDeskSet01_NM
Texture2D,OfficeDeskSet02
Texture2D,OfficeDeskSet02_Metallic
Texture2D,OfficeDeskSet02_NM
Texture2D,OfficeFax01
Texture2D,OfficeFax01_Metallic
Texture2D,OfficeFax01_NM
Texture2D,OfficeFlag01_2
Texture2D,OfficeFlag01_Metallic
Texture2D,OfficeFlag01_NM
Texture2D,OfficeFloorLight01
Texture2D,OfficeFloorLight01_Emission
Texture2D,OfficeFloorLight01_Metallic
Texture2D,OfficeFloorLight01_NM
Texture2D,OfficePartition01A
Texture2D,OfficePartition01A 1
Texture2D,OfficePartition01A_Metallic
Texture2D,OfficePartition01A_NM
Texture2D,OfficePartition01B_Metallic
Texture2D,OfficePhone01A
Texture2D,OfficePhone01A_Metallic
Texture2D,OfficePhone01A_NM
Texture2D,OfficePhone01B
Texture2D,OfficePrinter01
Texture2D,OfficePrinter01_Metallic
Texture2D,OfficePrinter01_NM
Texture2D,OfficePrinter02
Texture2D,OfficePrinter02 1
Texture2D,OfficePrinter02 2
Texture2D,OfficePrinter02_Metallic
Texture2D,OfficePrinter02_NM
Texture2D,OfficeProjectionScreen01
Texture2D,OfficeProjectionScreen01_Metallic
Texture2D,OfficeProjectionScreen01_NM
Texture2D,OfficeProjector01A
Texture2D,OfficeProjector01A_Metallic
Texture2D,OfficeProjector01A_NM
Texture2D,OfficeReception01
Texture2D,OfficeReception01_Metallic
Texture2D,OfficeReception01_NM
Texture2D,OfficeServer01A
Texture2D,OfficeServer01A 1
Texture2D,OfficeServer01A_Emission
Texture2D,OfficeServer01A_Emission 1
Texture2D,OfficeServer01A_Metallic
Texture2D,OfficeServer01A_NM
Texture2D,OfficeServer01B
Texture2D,OfficeServer01B_Emission
Texture2D,OfficeServer01B_Emission 1
Texture2D,OfficeServer01B_Metallic
Texture2D,OfficeServer01B_NM
Texture2D,OfficeTV01
Texture2D,OfficeTV01_Emission
Texture2D,OfficeTV01_Metallic
Texture2D,OfficeTV01_NM
Texture2D,OfficeTable01A
Texture2D,OfficeTable01A_Metallic
Texture2D,OfficeTable01A_NM
Texture2D,OfficeTableLamp01
Texture2D,OfficeTableLamp01_Metallic
Texture2D,OfficeTableLamp01_NM
Texture2D,OfficeTrashCan01
Texture2D,OfficeTrashCan01 1
Texture2D,OfficeTrashCan01 2
Texture2D,OfficeTrashCan01_AO
Texture2D,OfficeTrashCan01_Metallic
Texture2D,OfficeTrashCan01_NM
Texture2D,OfficeTrashCan02
Texture2D,OfficeTrashCan02_Metallic
Texture2D,OfficeTrashCan02_NM
Texture2D,OfficeWaitingBench01A
Texture2D,OfficeWaitingBench01A_Metallic
Texture2D,OfficeWaitingBench01A_NM
Texture2D,OfficeWallClock01
Texture2D,OfficeWallClock01_Metallic
Texture2D,OfficeWallClock01_NM
Texture2D,OfficeWaterDispenser01
Texture2D,OfficeWaterDispenser01_Metallic
Texture2D,OfficeWaterDispenser01_NM
Texture2D,OfficeWhiteBoard01
Texture2D,OfficeWhiteBoard01_Metallic
Texture2D,OfficeWhiteBoard01_NM
Texture2D,Oilcan02
Texture2D,Oilcan03
Texture2D,OneTimeCard_LV1
Texture2D,OneTimeCard_LV2
Texture2D,OneTimeCard_LV3
Texture2D,Ophthalmoscope
Texture2D,Orange_03
Texture2D,Orb_II_Blue
Texture2D,Orb_II_Red
Texture2D,Orbitron-Bold Atlas
Texture2D,OutDoor_AlbedoTransparency
Texture2D,OutDoor_MetallicSmoothness
Texture2D,OutDoor_New_AlbedoTransparency
Texture2D,OutDoor_New_MetallicSmoothness
Texture2D,OutDoor_New_Normal
Texture2D,OutDoor_Normal
Texture2D,Outdoor_02_Tex_AlbedoTransparency
Texture2D,PFB_Earphone
Texture2D,PFB_Glasses
Texture2D,PFB_Glasses 1
Texture2D,PFB_KeyPack
Texture2D,PFB_MP155Ultima
Texture2D,PFB_Mushroom
Texture2D,PFB_PeaceStar
Texture2D,PFB_SpaceSuitIII_Armor
Texture2D,PFB_SpaceSuitIII_Helmet
Texture2D,PFB_StormArmor
Texture2D,PFB_StormHelmet
Texture2D,PFB_WW_Carlotta
Texture2D,PFB_WhiteGown
Texture2D,PP_ArmorSet
Texture2D,PP_BallisticControl
Texture2D,PP_BleedImmunity
Texture2D,PP_BodyArmor
Texture2D,PP_CarrySet
Texture2D,PP_ChargedHeadshot
Texture2D,PP_DashSpeed
Texture2D,PP_ElementPhysics
Texture2D,PP_ElementResist
Texture2D,PP_Endurance
Texture2D,PP_EnergyCost_WaterCost
Texture2D,PP_FocusedHeadshot
Texture2D,PP_FoodGain_HealGain
Texture2D,PP_GrowingArmor
Texture2D,PP_Guardian
Texture2D,PP_GunCore
Texture2D,PP_GunDamageMultiplier
Texture2D,PP_GunDamage_GunCrit
Texture2D,PP_GunDistance_BulletSpeed
Texture2D,PP_GunMaster
Texture2D,PP_GunShoot_GunScatter
Texture2D,PP_HeadArmor
Texture2D,PP_HearingAbility
Texture2D,PP_InventoryCapacity
Texture2D,PP_Inventory_MaxWeight
Texture2D,PP_MaxEnergy_MaxWater
Texture2D,PP_MaxHealth
Texture2D,PP_MaxHealth_Stamina
Texture2D,PP_MaxWeight
Texture2D,PP_MeleeCore
Texture2D,PP_MeleeCrit
Texture2D,PP_MeleeDamageMultiplier
Texture2D,PP_Moveability
Texture2D,PP_NightVisionScout
Texture2D,PP_PainImmunity
Texture2D,PP_PetCapcity
Texture2D,PP_PoisonImmunity
Texture2D,PP_QuietRecovery
Texture2D,PP_ReloadSpeed_RecoilControl
Texture2D,PP_RunSpeed
Texture2D,PP_RunSpeed_RunAcc
Texture2D,PP_RunningFury
Texture2D,PP_SoundRange
Texture2D,PP_Stamina
Texture2D,PP_StaminaCore
Texture2D,PP_SustainedFire
Texture2D,PP_ViewAngle_ViewDistance
Texture2D,PP_ViewSense
Texture2D,PP_WalkSpeed
Texture2D,PP_WalkSpeed_WalkAcc
Texture2D,PP_WoundTempering
Texture2D,Panel
Texture2D,PeakedCap
Texture2D,Pfb_Acc_Grip_ALL_ADS_1_1
Texture2D,Pfb_Acc_Grip_ALL_ADS_2_1
Texture2D,Pfb_Acc_Grip_ALL_REC_1_1
Texture2D,Pfb_Acc_Grip_ALL_REC_2_1
Texture2D,Pfb_Acc_Grip_ALL_REC_3_1
Texture2D,Pfb_Acc_Grip_ALL_REC_4_1
Texture2D,Pfb_Acc_Grip_ALL_REC_5_1
Texture2D,Pfb_Acc_Grip_ALL_SCA_1_1
Texture2D,Pfb_Acc_Grip_ALL_SCA_3_1
Texture2D,Pfb_Amulet
Texture2D,Pfb_Axe
Texture2D,Pfb_Bag_Ghost
Texture2D,Pfb_BlindFold
Texture2D,Pfb_BoneSplint_01
Texture2D,Pfb_BoneSplint_02
Texture2D,Pfb_Bullet_Candy
Texture2D,Pfb_Clothes_Witch
Texture2D,Pfb_FecalBall
Texture2D,Pfb_Figurtine_Killa
Texture2D,Pfb_Figurtine_Tagilla
Texture2D,Pfb_Food_01
Texture2D,Pfb_GhostBell
Texture2D,Pfb_Head_Pumpkin_1
Texture2D,Pfb_Injectors
Texture2D,Pfb_Knife
Texture2D,Pfb_Magazine_AR_ADS_1_1
Texture2D,Pfb_Magazine_AR_ADS_2_1
Texture2D,Pfb_Magazine_AR_CAP_1_1
Texture2D,Pfb_Magazine_AR_CAP_2_1
Texture2D,Pfb_Magazine_AR_CAP_3_1
Texture2D,Pfb_Magazine_BR_ADS_1_1
Texture2D,Pfb_Magazine_BR_ADS_2_1
Texture2D,Pfb_Magazine_BR_CAP_1_1
Texture2D,Pfb_Magazine_BR_CAP_2_1
Texture2D,Pfb_Magazine_PST_ADS_1_1
Texture2D,Pfb_Magazine_PST_ADS_2_1
Texture2D,Pfb_Magazine_PST_CAP_1_1
Texture2D,Pfb_Magazine_PST_CAP_2_1
Texture2D,Pfb_Magazine_SHT_CAP_1
Texture2D,Pfb_Magazine_SHT_CAP_2
Texture2D,Pfb_Magazine_SHT_REL_3
Texture2D,Pfb_Magazine_SMG_ADS_1_1
Texture2D,Pfb_Magazine_SMG_CAP_1_1
Texture2D,Pfb_Magazine_SMG_CAP_2_1
Texture2D,Pfb_Magazine_SMG_CAP_3_1
Texture2D,Pfb_Magazine_SNP_ADS_1_1
Texture2D,Pfb_Magazine_SNP_ADS_2_1
Texture2D,Pfb_Magazine_SNP_CAP_1_1
Texture2D,Pfb_Magazine_SNP_CAP_2_1
Texture2D,Pfb_Moonshine
Texture2D,Pfb_Muzzle_AR_DAM_1_1
Texture2D,Pfb_Muzzle_AR_DIS_1_1
Texture2D,Pfb_Muzzle_AR_REC_1_1
Texture2D,Pfb_Muzzle_AR_REC_2_1
Texture2D,Pfb_Muzzle_AR_REC_3_1
Texture2D,Pfb_Muzzle_AR_REC_4_1
Texture2D,Pfb_Muzzle_AR_SCA_1_1
Texture2D,Pfb_Muzzle_AR_SCA_2_1
Texture2D,Pfb_Muzzle_AR_SIL_1_1
Texture2D,Pfb_Muzzle_PST_DAM_1_1
Texture2D,Pfb_Muzzle_PST_DIS_1_1
Texture2D,Pfb_Muzzle_PST_REC_1_1
Texture2D,Pfb_Muzzle_PST_REC_2_1
Texture2D,Pfb_Muzzle_PST_SCA_1_1
Texture2D,Pfb_Muzzle_PST_SIL_1_1
Texture2D,Pfb_Muzzle_SHT_DAM_1_1
Texture2D,Pfb_Muzzle_SHT_REC_1_1
Texture2D,Pfb_Muzzle_SHT_SCA_3_1
Texture2D,Pfb_Muzzle_SHT_SIL_1_1
Texture2D,Pfb_Muzzle_SMG_DAM_1_1
Texture2D,Pfb_Muzzle_SMG_REC_1_1
Texture2D,Pfb_Muzzle_SMG_REC_2_1
Texture2D,Pfb_Muzzle_SMG_REC_3_1
Texture2D,Pfb_Muzzle_SMG_REC_4_1
Texture2D,Pfb_Muzzle_SMG_SCA_1_1
Texture2D,Pfb_Muzzle_SMG_SCA_2_1
Texture2D,Pfb_Muzzle_SMG_SIL_1_1
Texture2D,Pfb_Muzzle_SNP_DAM_1_1
Texture2D,Pfb_Muzzle_SNP_DIS_1_1
Texture2D,Pfb_Muzzle_SNP_REC_1_1
Texture2D,Pfb_Muzzle_SNP_REC_3_1
Texture2D,Pfb_Muzzle_SNP_SCA_1_1
Texture2D,Pfb_Muzzle_SNP_SCA_2_1
Texture2D,Pfb_Muzzle_SNP_SIL_1_1
Texture2D,Pfb_NES_Handle_L
Texture2D,Pfb_Nameplace_01
Texture2D,Pfb_PaperBox_01_4
Texture2D,Pfb_PoliceStick
Texture2D,Pfb_Scope_AR_4X_1_1
Texture2D,Pfb_Scope_All_2X_1_1
Texture2D,Pfb_Scope_All_Digit_1_1
Texture2D,Pfb_Scope_All_Holo_1_1
Texture2D,Pfb_Scope_All_Long_1_1
Texture2D,Pfb_Scope_All_RedDot_1_1
Texture2D,Pfb_Scope_SNP_8X_1_1
Texture2D,Pfb_Sickle
Texture2D,Pfb_Soda_Instruments_06
Texture2D,Pfb_Stock_AR_MOV_1_1
Texture2D,Pfb_Stock_AR_REC_1_1
Texture2D,Pfb_Stock_AR_REC_2_1
Texture2D,Pfb_Stock_AR_REL_1_1
Texture2D,Pfb_Stock_AR_SCA_3_1
Texture2D,Pfb_Stock_AR_SCA_5_1
Texture2D,Pfb_Stock_SNP_SCA_2_1
Texture2D,Pfb_Studio_Cam_1
Texture2D,Pfb_Surgicalkit_01
Texture2D,Pfb_Surgicalkit_02
Texture2D,Pfb_Tec_Flashlight_NON_1_1
Texture2D,Pfb_Tec_Laser_ADS_1_1
Texture2D,Pfb_Tec_Laser_ADS_2_1
Texture2D,Pfb_Tec_Laser_CIT_1_1
Texture2D,Pfb_Tec_Laser_SCA_1_1
Texture2D,Pfb_Tec_Laser_SCA_2_1
Texture2D,Pfb_Usable_PaperBox
Texture2D,Pfb_WPM_Glock_01
Texture2D,Pfb_WPM_Glock_02
Texture2D,Pfb_WPM_Glock_02 1
Texture2D,Pfb_WPN_ADAR
Texture2D,Pfb_WPN_AK103
Texture2D,Pfb_WPN_AK47
Texture2D,Pfb_WPN_AK47_Fire
Texture2D,Pfb_WPN_AK74U_2
Texture2D,Pfb_WPN_ASVAL
Texture2D,Pfb_WPN_AUGA1
Texture2D,Pfb_WPN_AUGA3
Texture2D,Pfb_WPN_BarrettM1892
Texture2D,Pfb_WPN_CandyShotgun
Texture2D,Pfb_WPN_CopperCoinSword
Texture2D,Pfb_WPN_DTMDR556
Texture2D,Pfb_WPN_DTMDR762
Texture2D,Pfb_WPN_DesertEagle
Texture2D,Pfb_WPN_LazerSimple
Texture2D,Pfb_WPN_Lightsaber
Texture2D,Pfb_WPN_M14
Texture2D,Pfb_WPN_M16
Texture2D,Pfb_WPN_M16_Ice
Texture2D,Pfb_WPN_M1A
Texture2D,Pfb_WPN_M4
Texture2D,Pfb_WPN_M4_Poison
Texture2D,Pfb_WPN_M700
Texture2D,Pfb_WPN_MCXSpear
Texture2D,Pfb_WPN_MK47
Texture2D,Pfb_WPN_MP155
Texture2D,Pfb_WPN_MP5
Texture2D,Pfb_WPN_MP7
Texture2D,Pfb_WPN_MP7_2
Texture2D,Pfb_WPN_MiniGun
Texture2D,Pfb_WPN_Mosin
Texture2D,Pfb_WPN_PM
Texture2D,Pfb_WPN_PP19Bizon
Texture2D,Pfb_WPN_PPSH
Texture2D,Pfb_WPN_PhysicalStaff
Texture2D,Pfb_WPN_RPD
Texture2D,Pfb_WPN_RPG7
Texture2D,Pfb_WPN_RPK16
Texture2D,Pfb_WPN_SGun
Texture2D,Pfb_WPN_SKS
Texture2D,Pfb_WPN_SRM3
Texture2D,Pfb_WPN_SV98
Texture2D,Pfb_WPN_SodaSniper
Texture2D,Pfb_WPN_SonicFist_P
Texture2D,Pfb_WPN_TOZ106
Texture2D,Pfb_WPN_TOZ106_Holy
Texture2D,Pfb_WPN_TOZ66_Fire
Texture2D,Pfb_WPN_TOZ66_L_1
Texture2D,Pfb_WPN_TOZ66_S_1
Texture2D,Pfb_WPN_TT33
Texture2D,Pfb_WPN_TecShotBlue
Texture2D,Pfb_WPN_TecShotRed
Texture2D,Pfb_WPN_UMP45
Texture2D,Pfb_WPN_VPO136
Texture2D,Pfb_WPN_VPO215_01
Texture2D,Pfb_WPN_VPO215_02
Texture2D,Pfb_WPN_VSS
Texture2D,Pfb_WPN_Vector9
Texture2D,Pfb_WPN_WPN_UZIPRO_Pistol
Texture2D,Pfb_WPN_Watergun
Texture2D,Pfb_WitchHat
Texture2D,PictoIcon_Arrow_Prev
Texture2D,PictoIcon_Backpack
Texture2D,PictoIcon_Gem
Texture2D,PictoIcon_Gun
Texture2D,PictoIcon_Hand
Texture2D,PictoIcon_Helmet
Texture2D,PictoIcon_Hourglass
Texture2D,PictoIcon_Layer_2
Texture2D,PictoIcon_Lock_2
Texture2D,PictoIcon_Magnifier
Texture2D,PictoIcon_Map
Texture2D,PictoIcon_Map_Pin_1
Texture2D,PictoIcon_Paper_3
Texture2D,PictoIcon_Rate_1
Texture2D,PictoIcon_Run
Texture2D,PictoIcon_Shoot_Focus_2
Texture2D,PictoIcon_Skull_1-1
Texture2D,PictoIcon_Symbol_Plus
Texture2D,PictoIcon_Symbol_Question
Texture2D,PictoIcon_Symbol_X
Texture2D,PictoIcon_Trophy_2
Texture2D,PictoIcon_User_4
Texture2D,PictoIcon_Water
Texture2D,Pill
Texture2D,Pistol_AlbedoTransparency
Texture2D,Pistol_Emission
Texture2D,Pistol_MetallicSmoothness
Texture2D,Pistol_Normal
Texture2D,PlasticMat
Texture2D,Platforms_LP_Girder_Box_MetallicSmoothness
Texture2D,Platforms_LP_Girder_Box_Normal
Texture2D,Platforms_LP_Hand_Rail_Normal
Texture2D,Player_Duck_Tex_AlbedoTint
Texture2D,Player_Duck_Tex_Normal
Texture2D,Player_Duck_Tex_Smoothness
Texture2D,PlayingCard_Heart7
Texture2D,PopTextSprite
Texture2D,Pot01
Texture2D,Pot_Shelf_Albedo
Texture2D,Pot_Shelf_MetallicSmoothness
Texture2D,Pot_Shelf_Normal
Texture2D,Potato
Texture2D,PowerOfWishList
Texture2D,PressStart
Texture2D,PressStart2P-Regular Atlas
Texture2D,Prfb_GPU_Glu
Texture2D,Prison_AlbedoTransparency
Texture2D,Prison_Emission
Texture2D,Prison_MetallicSmoothness
Texture2D,Prison_Normal
Texture2D,Prop_1_AlbedoTransparency
Texture2D,Prop_1_Emission
Texture2D,Prop_1_MetallicSmoothness
Texture2D,Prop_1_Normal
Texture2D,Prop_drum
Texture2D,Propane
Texture2D,Protein
Texture2D,QuestMarker
Texture2D,Quest_Proxy
Texture2D,RAM
Texture2D,RGBANoise
Texture2D,Rect16
Texture2D,RedEye
Texture2D,ResourceHanRoundedCN-Medium Atlas
Texture2D,ResourceHanRoundedCN-Medium Atlas 1
Texture2D,ResourceHanRoundedCN-Medium Atlas 10
Texture2D,ResourceHanRoundedCN-Medium Atlas 11
Texture2D,ResourceHanRoundedCN-Medium Atlas 12
Texture2D,ResourceHanRoundedCN-Medium Atlas 13
Texture2D,ResourceHanRoundedCN-Medium Atlas 14
Texture2D,ResourceHanRoundedCN-Medium Atlas 15
Texture2D,ResourceHanRoundedCN-Medium Atlas 16
Texture2D,ResourceHanRoundedCN-Medium Atlas 17
Texture2D,ResourceHanRoundedCN-Medium Atlas 18
Texture2D,ResourceHanRoundedCN-Medium Atlas 19
Texture2D,ResourceHanRoundedCN-Medium Atlas 2
Texture2D,ResourceHanRoundedCN-Medium Atlas 20
Texture2D,ResourceHanRoundedCN-Medium Atlas 21
Texture2D,ResourceHanRoundedCN-Medium Atlas 22
Texture2D,ResourceHanRoundedCN-Medium Atlas 23
Texture2D,ResourceHanRoundedCN-Medium Atlas 24
Texture2D,ResourceHanRoundedCN-Medium Atlas 25
Texture2D,ResourceHanRoundedCN-Medium Atlas 26
Texture2D,ResourceHanRoundedCN-Medium Atlas 27
Texture2D,ResourceHanRoundedCN-Medium Atlas 28
Texture2D,ResourceHanRoundedCN-Medium Atlas 29
Texture2D,ResourceHanRoundedCN-Medium Atlas 3
Texture2D,ResourceHanRoundedCN-Medium Atlas 30
Texture2D,ResourceHanRoundedCN-Medium Atlas 4
Texture2D,ResourceHanRoundedCN-Medium Atlas 5
Texture2D,ResourceHanRoundedCN-Medium Atlas 6
Texture2D,ResourceHanRoundedCN-Medium Atlas 7
Texture2D,ResourceHanRoundedCN-Medium Atlas 8
Texture2D,ResourceHanRoundedCN-Medium Atlas 9
Texture2D,Rifle01
Texture2D,Rifle02
Texture2D,Rifle03
Texture2D,Rifle04
Texture2D,Rifle05
Texture2D,Ring
Texture2D,RingFx
Texture2D,Roadblock_AlbedoTransparency
Texture2D,Roadblock_Emission 1
Texture2D,Roadblock_MetallicSmoothness
Texture2D,Roadblock_Normal
Texture2D,Rockcheckpoint_Tex_MetallicSmoothness
Texture2D,Rockcheckpoint_Tex_Normal
Texture2D,Rockcheckpoint_tex_AlbedoTransparency
Texture2D,Roof_texture1_AlbedoTransparency
Texture2D,Roof_texture_MetallicSmoothness
Texture2D,Roof_texture_Normal
Texture2D,RopeA
Texture2D,Rotator
Texture2D,RoundCube
Texture2D,Rounded Rect
Texture2D,Rounded Rect small
Texture2D,SDCard
Texture2D,SMG_ArcadeGun_Normal
Texture2D,SM_3DPrinter_Mat_R
Texture2D,SM_AtomicClock
Texture2D,SM_Axe
Texture2D,SM_BlackBall
Texture2D,SM_Collector
Texture2D,SM_EarthwormBox
Texture2D,SM_Garbage_BaseColor
Texture2D,SM_Garbage_Normal
Texture2D,SM_Injection_1 3
Texture2D,SM_Kazoo
Texture2D,SM_MinionGoggles02
Texture2D,SM_OFZ
Texture2D,SM_Ointment
Texture2D,SM_Palette _BaseColor
Texture2D,SM_PropellantBottle
Texture2D,SM_PropellantBottle 1
Texture2D,SM_PropellantBottle 2
Texture2D,SM_Radar_BaseColor
Texture2D,SM_Radar_BaseColor 1
Texture2D,SM_Radar_MetallicSmooth
Texture2D,SM_Radar_Normal
Texture2D,SM_Roadblock_01
Texture2D,SM_RussianBeard
Texture2D,SM_Shed_BaseColor
Texture2D,SM_Shit
Texture2D,SM_Shit_Gold
Texture2D,SM_Stone_01
Texture2D,SM_TouchFish_Aya
Texture2D,SM_Wall_01_BaseColor
Texture2D,SM_Wall_1_Normal
Texture2D,SM_Windows_A_BaseColor
Texture2D,SM_Windows_A_MetallicSmooth
Texture2D,SM_Windows_A_Normal
Texture2D,SM_Wood_Tex_AlbedoTint
Texture2D,SM_Wood_Tex_AlbedoTint 1
Texture2D,SM_Wood_Tex_Normal
Texture2D,SSD
Texture2D,SaltSoundStudio
Texture2D,SanCola
Texture2D,San_Scratch
Texture2D,San_Spray
Texture2D,Sand_height
Texture2D,ScaffoldForPaint_initialShadingGroup_AlbedoTransparency
Texture2D,ScaffoldForPaint_initialShadingGroup_MetallicSmoothness
Texture2D,ScaffoldForPaint_initialShadingGroup_Normal
Texture2D,SearchTex
Texture2D,Shell
Texture2D,Shield_AlbedoTransparency 1
Texture2D,Shield_Emission
Texture2D,Shield_MetallicSmoothness
Texture2D,Shield_Normal
Texture2D,Ship
Texture2D,ShitStick
Texture2D,ShotGun_Torus.001 Normal Bevel_AlbedoTransparency
Texture2D,ShotGun_Torus.001 Normal Bevel_Emission
Texture2D,ShotGun_Torus.001 Normal Bevel_MetallicSmoothness
Texture2D,ShotGun_Torus.001 Normal Bevel_Normal
Texture2D,Shotgun_LP_lambert1_AlbedoTransparency
Texture2D,Shotgun_LP_lambert1_Emission
Texture2D,Shotgun_LP_lambert1_MetallicSmoothness
Texture2D,Shotgun_LP_lambert1_Normal
Texture2D,Shovel02
Texture2D,SideWall_1_initialShadingGroup_AlbedoTransparency
Texture2D,SideWall_1_initialShadingGroup_Emission
Texture2D,SideWall_1_initialShadingGroup_MetallicSmoothness
Texture2D,SideWall_1_initialShadingGroup_Normal
Texture2D,Skull
Texture2D,SkullW
Texture2D,Slash
Texture2D,Slash 3 alpha
Texture2D,Slider01
Texture2D,SmallWaves
Texture2D,SnakePartImage
Texture2D,SnakesForce
Texture2D,Sneaker_tex_Shoe_AlbedoTransparency
Texture2D,Sniper_LP_lambert1_AlbedoTransparency
Texture2D,Sniper_LP_lambert1_Emission
Texture2D,Sniper_LP_lambert1_MetallicSmoothness
Texture2D,Sniper_LP_lambert1_Normal
Texture2D,Sniper_rifle_AlbedoTransparency
Texture2D,Sniper_rifle_Emission
Texture2D,Sniper_rifle_MetallicSmoothness
Texture2D,Sniper_rifle_Normal
Texture2D,SnowTicket
Texture2D,SodaTeam
Texture2D,SourceHanSansCN-Heavy Atlas
Texture2D,SourceHanSansCN-Heavy Atlas 1
Texture2D,SpiderBody_normal
Texture2D,SpiderGunTower_Basic_AlbedoTransparency
Texture2D,SpiderGunTower_Basic_Emission
Texture2D,SpiderGunTower_Basic_Normal
Texture2D,Splash
Texture2D,Splash Screen Unity Logo
Texture2D,Splash01
Texture2D,Splash01_alpha
Texture2D,SplatAlpha 0
Texture2D,Sprite_Ugly
Texture2D,Square
Texture2D,SteamCNLogo
Texture2D,SteamChinaLogo
Texture2D,SteamChinaLogoForDecal
Texture2D,SteamLogo
Texture2D,SteamLogoForDecal
Texture2D,Stone_2_Normal
Texture2D,Stone_Column_RE_Tex_AlbedoTransparency
Texture2D,Stone_Column_RE_Tex_MetallicSmoothness
Texture2D,Stone_Column_RE_Tex_Normal
Texture2D,Stone_Console_Tex_AlbedoTransparency
Texture2D,Stone_Console_Tex_MetallicSmoothness
Texture2D,Stone_Console_Tex_Normal
Texture2D,Stone_Door_Tex_AlbedoTransparency
Texture2D,Stone_Door_Tex_MetallicSmoothness
Texture2D,Stone_Door_Tex_Normal
Texture2D,Stone_Lion_Albedo
Texture2D,Stone_Lion_MetallicSmoothness
Texture2D,Stone_Lion_Normal
Texture2D,Stone_Tablet_Albedo
Texture2D,Stone_Tablet_MetallicSmoothness
Texture2D,Stone_Tablet_Normal
Texture2D,Store_Owner_Tex_AlbedoTransparency
Texture2D,Store_Owner_Tex_Emission
Texture2D,Store_Owner_Tex_MetallicSmoothness
Texture2D,Store_Owner_Tex_Normal
Texture2D,StormArmor_blinn17_AlbedoTransparency
Texture2D,StormArmor_blinn17_AlbedoTransparency 1
Texture2D,StormArmor_blinn17_MetallicSmoothness
Texture2D,StormArmor_blinn17_Normal
Texture2D,StormHelmet_DefaultMaterial_AlbedoTransparency
Texture2D,StormHelmet_DefaultMaterial_Emission
Texture2D,StormHelmet_DefaultMaterial_MetallicSmoothness
Texture2D,StormHelmet_DefaultMaterial_Normal
Texture2D,StormStone
Texture2D,StormStone 1
Texture2D,StormStone 2
Texture2D,Stripe45
Texture2D,StripeCircle508_512
Texture2D,Stripes
Texture2D,Stylized_grunge_color_decal
Texture2D,Stylized_grunge_color_decal 1
Texture2D,Suit_FC_Armor
Texture2D,Suit_FC_Bag
Texture2D,Sunglass01
Texture2D,SwimRing
Texture2D,TSH-4M-L
Texture2D,T_AED_C
Texture2D,T_AED_MMOR
Texture2D,T_AED_N
Texture2D,T_Acc_Grip_ALL_ADS_1_C
Texture2D,T_Acc_Grip_ALL_ADS_1_MMOR
Texture2D,T_Acc_Grip_ALL_ADS_1_N
Texture2D,T_Acc_Grip_ALL_ADS_2_C
Texture2D,T_Acc_Grip_ALL_ADS_2_MMOR
Texture2D,T_Acc_Grip_ALL_ADS_2_N
Texture2D,T_Acc_Grip_ALL_REC_1_C
Texture2D,T_Acc_Grip_ALL_REC_1_MMOR
Texture2D,T_Acc_Grip_ALL_REC_1_N
Texture2D,T_Acc_Grip_ALL_REC_2_C
Texture2D,T_Acc_Grip_ALL_REC_2_MMOR
Texture2D,T_Acc_Grip_ALL_REC_2_N
Texture2D,T_Acc_Grip_ALL_REC_3_C
Texture2D,T_Acc_Grip_ALL_REC_3_MMOR
Texture2D,T_Acc_Grip_ALL_REC_3_N
Texture2D,T_Acc_Grip_ALL_REC_4_C
Texture2D,T_Acc_Grip_ALL_REC_4_MMOR
Texture2D,T_Acc_Grip_ALL_REC_4_N
Texture2D,T_Acc_Grip_ALL_REC_5_C
Texture2D,T_Acc_Grip_ALL_REC_5_MMOR
Texture2D,T_Acc_Grip_ALL_REC_5_N
Texture2D,T_Acc_Grip_ALL_SCA_1_C
Texture2D,T_Acc_Grip_ALL_SCA_1_MMOR
Texture2D,T_Acc_Grip_ALL_SCA_1_N
Texture2D,T_Acc_Grip_ALL_SCA_2_C
Texture2D,T_Acc_Grip_ALL_SCA_2_MMOR
Texture2D,T_Acc_Grip_ALL_SCA_2_N
Texture2D,T_Acc_Grip_ALL_SCA_3_C
Texture2D,T_Acc_Grip_ALL_SCA_3_MMOR
Texture2D,T_Acc_Grip_ALL_SCA_3_N
Texture2D,T_AirConditioning_C
Texture2D,T_AirConditioning_MMOR
Texture2D,T_AirConditioning_N
Texture2D,T_Ash_12_C
Texture2D,T_Ash_12_MMOR
Texture2D,T_Ash_12_N
Texture2D,T_AtomicClock_C
Texture2D,T_AtomicClock_E
Texture2D,T_AtomicClock_MMOR
Texture2D,T_AtomicClock_N
Texture2D,T_Axe&Knife_C
Texture2D,T_Axe&Knife_MMOR
Texture2D,T_Axe&Knife_N
Texture2D,T_Axe_C
Texture2D,T_Axe_MMOR
Texture2D,T_Axe_N
Texture2D,T_BLD_ATM_C
Texture2D,T_BLD_ATM_E
Texture2D,T_BLD_ATM_MMOR
Texture2D,T_BLD_ATM_N
Texture2D,T_BLD_VendingMachine_C
Texture2D,T_BLD_VendingMachine_E
Texture2D,T_BLD_VendingMachine_MMOR
Texture2D,T_BLD_VendingMachine_N
Texture2D,T_Backpack_LV1_C
Texture2D,T_Backpack_LV1_M
Texture2D,T_Backpack_LV1_N
Texture2D,T_Backpack_LV2_C
Texture2D,T_Backpack_LV2_M
Texture2D,T_Backpack_LV2_N
Texture2D,T_Backpack_LV3_C
Texture2D,T_Backpack_LV3_M
Texture2D,T_Backpack_LV3_N
Texture2D,T_Backpack_LV4_01_C
Texture2D,T_Backpack_LV4_01_M
Texture2D,T_Backpack_LV4_01_N
Texture2D,T_Backpack_LV5_01_M
Texture2D,T_Backpack_LV5_01_N
Texture2D,T_Backpack_LV5_02_C
Texture2D,T_Bag_Ghost_C
Texture2D,T_Bag_Ghost_E
Texture2D,T_Bag_Ghost_MMOR
Texture2D,T_Bag_Ghost_N
Texture2D,T_Bags_01_C
Texture2D,T_Bags_01_C 1
Texture2D,T_Bags_01_HO_C
Texture2D,T_Bags_01_HO_C 1
Texture2D,T_Bags_01_HO_C 2
Texture2D,T_Bags_01_MMOR
Texture2D,T_Bags_01_N
Texture2D,T_Bags_03_C
Texture2D,T_Ballistic Armor Co. Bastion_C
Texture2D,T_Ballistic Armor Co. Bastion_MMOR
Texture2D,T_Ballistic Armor Co. Bastion_N
Texture2D,T_Ballistic Armor Co. Bastion_Snow_C
Texture2D,T_Ballistic Armor Co. Bastion_Snow_MMOR
Texture2D,T_Ballistic Armor Co. Bastion_Snow_N
Texture2D,T_BananaTree_C
Texture2D,T_BananaTree_MMOR
Texture2D,T_BananaTree_N
Texture2D,T_Banana_C
Texture2D,T_Banana_MMOR
Texture2D,T_Banana_N
Texture2D,T_BarbedWire_01_C
Texture2D,T_BarbedWire_01_MMOR
Texture2D,T_BarbedWire_01_N
Texture2D,T_BasketNet_C
Texture2D,T_BasketNet_N
Texture2D,T_Beak_Banboo&Pacifier_C
Texture2D,T_Beak_Banboo&Pacifier_MMOR
Texture2D,T_Beak_Banboo&Pacifier_N
Texture2D,T_Beak_C
Texture2D,T_Beak_Goose_N
Texture2D,T_Beak_MMOR
Texture2D,T_Beak_N
Texture2D,T_Beak_SteelTeeth&Zipper_C
Texture2D,T_Beak_SteelTeeth&Zipper_MMOR
Texture2D,T_Beak_SteelTeeth&Zipper_N
Texture2D,T_Bear_Black
Texture2D,T_BlackBall_C
Texture2D,T_BlackBall_MMOR
Texture2D,T_BlackBall_N
Texture2D,T_Body_Killa_C
Texture2D,T_Body_Killa_C 2
Texture2D,T_Body_Killa_MMOR
Texture2D,T_Body_Killa_N
Texture2D,T_Body_Tagilla_C
Texture2D,T_Body_Tagilla_MMOR
Texture2D,T_Body_Tagilla_N
Texture2D,T_Boss_Fly_C
Texture2D,T_Boss_Fly_E(1)
Texture2D,T_Boss_Fly_MMOR
Texture2D,T_Boss_Fly_N
Texture2D,T_Boss_Horsemen_B_C
Texture2D,T_Boss_Horsemen_B_E
Texture2D,T_Boss_Horsemen_B_MMOR
Texture2D,T_Boss_Horsemen_B_N
Texture2D,T_Boss_Horsemen_G_C
Texture2D,T_Boss_Horsemen_G_E
Texture2D,T_Boss_Horsemen_G_MMOR
Texture2D,T_Boss_Horsemen_G_N
Texture2D,T_Boss_Horsemen_R_C
Texture2D,T_Boss_Horsemen_R_E
Texture2D,T_Boss_Horsemen_R_MMOR
Texture2D,T_Boss_Horsemen_R_N
Texture2D,T_Boss_Horsemen_T_C 1
Texture2D,T_Boss_Horsemen_T_MMOR 1
Texture2D,T_Boss_Horsemen_T_N 1
Texture2D,T_BoxGroup_01_C
Texture2D,T_BoxGroup_01_MMOR
Texture2D,T_BoxGroup_01_N
Texture2D,T_BoxGroup_02_1_C
Texture2D,T_BoxGroup_02_1_C 1
Texture2D,T_BoxGroup_02_1_MMOR
Texture2D,T_BoxGroup_02_1_N
Texture2D,T_BoxSimple_01_C
Texture2D,T_BoxSimple_01_MMOR
Texture2D,T_BoxSimple_01_N
Texture2D,T_BoxSimple_02_C
Texture2D,T_BoxSimple_02_MMOR
Texture2D,T_BoxSimple_02_N
Texture2D,T_BoxSimple_03_C
Texture2D,T_BoxSimple_03_MMOR
Texture2D,T_BoxSimple_03_N
Texture2D,T_Bullet_SnowBall_C
Texture2D,T_Bullet_SnowBall_MMOR
Texture2D,T_Bullet_SnowBall_N
Texture2D,T_Bulletbox_C
Texture2D,T_Bulletbox_MMOR
Texture2D,T_Bulletbox_N
Texture2D,T_CPU_E
Texture2D,T_Camping_C
Texture2D,T_Camping_C 1
Texture2D,T_Camping_C 2
Texture2D,T_Camping_MMOR
Texture2D,T_Camping_N
Texture2D,T_Canteen_01_01_C
Texture2D,T_Canteen_01_01_MMOR
Texture2D,T_Canteen_01_01_N
Texture2D,T_Canteen_01_02_C
Texture2D,T_Canteen_01_02_MMOR
Texture2D,T_Canteen_01_02_N
Texture2D,T_Canteen_01_03_C
Texture2D,T_Canteen_01_03_MMOR
Texture2D,T_Canteen_01_03_N
Texture2D,T_Canteen_Table_02_2_MMOR
Texture2D,T_Canteen_Table_02_2_N
Texture2D,T_Canteen_Table_02_C
Texture2D,T_Canteen_Table_02_MMOR
Texture2D,T_Canteen_Table_02_N
Texture2D,T_Car_01_C
Texture2D,T_Car_01_E
Texture2D,T_Car_01_MMOR
Texture2D,T_Car_01_N
Texture2D,T_Car_02_1_C
Texture2D,T_Car_02_1_N
Texture2D,T_Car_02_2_C
Texture2D,T_Car_02_2_N
Texture2D,T_Car_02_3_C
Texture2D,T_Car_02_3_N
Texture2D,T_Car_02_M
Texture2D,T_Car_03_C
Texture2D,T_Car_03_C 1
Texture2D,T_Car_03_MMORtga
Texture2D,T_Car_03_MMORtga 1
Texture2D,T_Car_03_N
Texture2D,T_Car_04_C
Texture2D,T_Car_04_MMRO
Texture2D,T_Car_05_C
Texture2D,T_Car_05_E
Texture2D,T_Car_05_MMOR
Texture2D,T_Car_05_N
Texture2D,T_Car_06_C
Texture2D,T_Car_06_E
Texture2D,T_Car_06_MMOR
Texture2D,T_Car_06_N
Texture2D,T_Car_07_C
Texture2D,T_Car_07_E
Texture2D,T_Car_07_MMOR
Texture2D,T_Car_07_N
Texture2D,T_Car_Interior_C
Texture2D,T_Car_Interior_MMOR
Texture2D,T_Car_Interior_N
Texture2D,T_Car_Military_C
Texture2D,T_Car_Military_E
Texture2D,T_Car_Military_MMOR
Texture2D,T_Car_Military_N
Texture2D,T_CarwashVehicle_C
Texture2D,T_CarwashVehicle_MMOR
Texture2D,T_CarwashVehicle_N
Texture2D,T_CashRegister_C
Texture2D,T_CashRegister_E
Texture2D,T_CashRegister_MMOR
Texture2D,T_CashRegister_N
Texture2D,T_CementMold_C
Texture2D,T_CementMold_C 1
Texture2D,T_CementMold_MMOR
Texture2D,T_CementMold_N
Texture2D,T_CementMold_N 2
Texture2D,T_Chair_01_C
Texture2D,T_Chair_01_MMOR
Texture2D,T_Chair_01_N
Texture2D,T_Chair_02_2_C
Texture2D,T_Chair_02_2_MMOR
Texture2D,T_Chair_02_2_N
Texture2D,T_Chair_02_C
Texture2D,T_Chair_02_MMOR
Texture2D,T_Chair_02_N
Texture2D,T_Chair_03_2_C
Texture2D,T_Chair_03_2_MMOR
Texture2D,T_Chair_03_2_N
Texture2D,T_Chair_03_C
Texture2D,T_Chair_03_MMOR
Texture2D,T_Chair_03_N
Texture2D,T_Chick
Texture2D,T_ChineseKnot_C
Texture2D,T_ChineseKnot_MMOR
Texture2D,T_ChineseKnot_N
Texture2D,T_ChineseLantern_01_C
Texture2D,T_ChineseLantern_01_MMOR
Texture2D,T_ChineseLantern_01_N
Texture2D,T_ChineseLattern_01_E
Texture2D,T_Clothes_01_1_C
Texture2D,T_Clothes_01_1_MMOR
Texture2D,T_Clothes_01_1_N
Texture2D,T_Clothes_AntiFreeze_C
Texture2D,T_Clothes_AntiFreeze_E
Texture2D,T_Clothes_AntiFreeze_MMOR
Texture2D,T_Clothes_AntiFreeze_N
Texture2D,T_Clothes_C
Texture2D,T_Clothes_CottonOvercoat_C
Texture2D,T_Clothes_CottonOvercoat_MMOR
Texture2D,T_Clothes_CottonOvercoat_N
Texture2D,T_Clothes_Killa_Real_2_C
Texture2D,T_Clothes_Killa_Real_2_MMOR
Texture2D,T_Clothes_Killa_Real_2_N
Texture2D,T_Clothes_Killa_Real_C
Texture2D,T_Clothes_Killa_Real_MMOR
Texture2D,T_Clothes_Killa_Real_N
Texture2D,T_Clothes_LV1_C
Texture2D,T_Clothes_LV1_M
Texture2D,T_Clothes_LV1_N
Texture2D,T_Clothes_LV2_C
Texture2D,T_Clothes_LV2_C 1
Texture2D,T_Clothes_LV2_M
Texture2D,T_Clothes_LV2_N
Texture2D,T_Clothes_LV3_2_C
Texture2D,T_Clothes_LV3_2_MMOR
Texture2D,T_Clothes_LV3_2_N
Texture2D,T_Clothes_LV3_3_C
Texture2D,T_Clothes_LV3_3_MMOR
Texture2D,T_Clothes_LV3_3_N
Texture2D,T_Clothes_LV3_C
Texture2D,T_Clothes_LV3_C_Snow
Texture2D,T_Clothes_LV3_M
Texture2D,T_Clothes_LV3_N
Texture2D,T_Clothes_LV4_C
Texture2D,T_Clothes_LV4_M
Texture2D,T_Clothes_LV4_N
Texture2D,T_Clothes_LV5_01_C
Texture2D,T_Clothes_LV5_01_M
Texture2D,T_Clothes_LV5_01_N
Texture2D,T_Clothes_LV5_2_C
Texture2D,T_Clothes_LV5_2_MMOR
Texture2D,T_Clothes_LV5_2_N
Texture2D,T_Clothes_LV5_3_C
Texture2D,T_Clothes_LV5_3_MMOR
Texture2D,T_Clothes_LV5_3_N
Texture2D,T_Clothes_LV5_4_C
Texture2D,T_Clothes_LV5_4_MMOR
Texture2D,T_Clothes_LV5_4_N
Texture2D,T_Clothes_LV5_4_Snow_C
Texture2D,T_Clothes_LV5_4_Snow_MMOR
Texture2D,T_Clothes_LV5_4_Snow_N
Texture2D,T_Clothes_LV6_1_C
Texture2D,T_Clothes_LV6_1_MMOR
Texture2D,T_Clothes_LV6_1_N
Texture2D,T_Clothes_M
Texture2D,T_Clothes_N
Texture2D,T_Clothes_TwinsBoss_C
Texture2D,T_Clothes_TwinsBoss_E
Texture2D,T_Clothes_TwinsBoss_MMOR
Texture2D,T_Clothes_TwinsBoss_N
Texture2D,T_Coconut_C
Texture2D,T_Coconut_MMOR
Texture2D,T_Coconut_Mut_C
Texture2D,T_Coconut_N
Texture2D,T_Coin_C
Texture2D,T_Coin_N
Texture2D,T_Collector_C
Texture2D,T_Collector_MMOR
Texture2D,T_Collector_N
Texture2D,T_CompoundBow_C
Texture2D,T_CompoundBow_MMOR
Texture2D,T_CompoundBow_N
Texture2D,T_Computer_01_C
Texture2D,T_Computer_01_C 1
Texture2D,T_Computer_01_E
Texture2D,T_Computer_01_MMOR
Texture2D,T_Computer_01_N
Texture2D,T_Cone_C
Texture2D,T_Cone_MMOR
Texture2D,T_Cone_N
Texture2D,T_Container_01_C
Texture2D,T_Container_01_C 1
Texture2D,T_Container_01_MMOR
Texture2D,T_Container_01_N
Texture2D,T_Container_02_C
Texture2D,T_Container_02_MMOR
Texture2D,T_Container_02_N
Texture2D,T_Container_03_C
Texture2D,T_Container_03_MMOR
Texture2D,T_Container_03_N
Texture2D,T_Crane_01_01_C
Texture2D,T_Crane_01_01_MMOR
Texture2D,T_Crane_01_01_N
Texture2D,T_Crane_01_02_01_C
Texture2D,T_Crane_01_02_02_C
Texture2D,T_Crane_01_02_MMOR
Texture2D,T_Crane_01_02_N
Texture2D,T_CrawlerCrane_C
Texture2D,T_CrawlerCrane_MMOR
Texture2D,T_CrawlerCrane_N
Texture2D,T_Crown_C
Texture2D,T_Crown_E
Texture2D,T_Crown_MMOR
Texture2D,T_Crown_N
Texture2D,T_CryogenicDevice_C
Texture2D,T_CryogenicDevice_E
Texture2D,T_CryogenicDevice_MMOR
Texture2D,T_CryogenicDevice_N
Texture2D,T_DUNTAR_C
Texture2D,T_DUNTAR_LOGO_C
Texture2D,T_DUNTAR_LOGO_MMOR
Texture2D,T_DUNTAR_LOGO_N
Texture2D,T_DUNTAR_MMOR
Texture2D,T_DUNTAR_N
Texture2D,T_DUNTAR_Snow_C
Texture2D,T_DUNTAR_Snow_MMOR
Texture2D,T_DUNTAR_Snow_N
Texture2D,T_DeadTree_C
Texture2D,T_DeadTree_MMOR
Texture2D,T_DeadTree_N
Texture2D,T_DecalPounds_output(2)
Texture2D,T_Decal_Ad01
Texture2D,T_Decal_AsphaltRoad_01_D_C
Texture2D,T_Decal_Boxing
Texture2D,T_Decal_ConstructionComplete
Texture2D,T_Decal_Field1
Texture2D,T_Decal_Field2
Texture2D,T_Decal_Field4
Texture2D,T_Decal_Graffiti01
Texture2D,T_Decal_Grass_01_D_C
Texture2D,T_Decal_Leak
Texture2D,T_Decal_Leak 1
Texture2D,T_Decal_Letter
Texture2D,T_Decal_Mercenary Lumber Mill
Texture2D,T_Decal_Mud_01_D_C
Texture2D,T_Decal_Mud_02_D_C
Texture2D,T_Decal_Mud_03_D_C
Texture2D,T_Decal_Number
Texture2D,T_Decal_Number_Hand
Texture2D,T_Decal_Papers_C
Texture2D,T_Decal_Papers_M
Texture2D,T_Decal_Papers_N
Texture2D,T_Decal_Pounds_output(1)
Texture2D,T_Decal_RoadCrack
Texture2D,T_Decal_RoadCrack_N
Texture2D,T_Decal_RoadMark_01
Texture2D,T_Decal_RoadMark_01 1
Texture2D,T_Decal_RoadMark_01 2
Texture2D,T_Decal_RoadMark_02
Texture2D,T_Decal_RoadMark_04
Texture2D,T_Decal_RoadMark_Heli
Texture2D,T_Decal_Text01
Texture2D,T_Decal_Train02
Texture2D,T_Decal_WallCrack
Texture2D,T_Decal_WallCrack_N
Texture2D,T_Decal_post_01_AlbedoTransparency
Texture2D,T_Decal_post_02_AlbedoTransparency
Texture2D,T_Decal_post_03_AlbedoTransparency
Texture2D,T_Decal_post_04_AlbedoTransparency
Texture2D,T_Decal_post_05_1_AlbedoTransparency
Texture2D,T_Decal_post_06_AlbedoTransparency
Texture2D,T_Decal_roadmask 1
Texture2D,T_Decal_roadmask_dirt
Texture2D,T_DefaultMaterial_C
Texture2D,T_DefaultMaterial_MMOR
Texture2D,T_DefaultMaterial_N
Texture2D,T_Desert_PylonSign_Gasstation_C
Texture2D,T_Desert_PylonSign_Gasstation_MMOR
Texture2D,T_Desert_PylonSign_Gasstation_N
Texture2D,T_Desk_01_C
Texture2D,T_Desk_01_MMOR
Texture2D,T_Desk_01_N
Texture2D,T_Dog
Texture2D,T_DormantCabin_C
Texture2D,T_DormantCabin_E
Texture2D,T_DormantCabin_MMOR
Texture2D,T_DormantCabin_N
Texture2D,T_Duck
Texture2D,T_DuckGlove_C
Texture2D,T_DuckGlove_MMOR(1)
Texture2D,T_DuckGlove_N
Texture2D,T_Duck_Mangseng_C
Texture2D,T_Duck_Mangseng_MMOR
Texture2D,T_Duck_Mangseng_N
Texture2D,T_Dumplings_C
Texture2D,T_Dumplings_MMOR
Texture2D,T_Dumplings_N
Texture2D,T_Dumpster_01_C
Texture2D,T_Dumpster_01_C 1
Texture2D,T_Dumpster_01_MMOR
Texture2D,T_Dumpster_01_N
Texture2D,T_ElectricBaton_C
Texture2D,T_ElectricBaton_MMOR
Texture2D,T_ElectricBaton_N
Texture2D,T_ElectricBox_01_2_C
Texture2D,T_ElectricBox_01_2_MMOR
Texture2D,T_ElectricBox_01_2_N
Texture2D,T_ElectricBox_01_C
Texture2D,T_ElectricBox_01_MMOR
Texture2D,T_ElectricBox_01_N
Texture2D,T_ElectricBox_02_2_C
Texture2D,T_ElectricBox_02_2_MMOR
Texture2D,T_ElectricBox_02_2_N
Texture2D,T_ElectricBox_02_C
Texture2D,T_ElectricBox_02_MMOR
Texture2D,T_ElectricBox_02_N
Texture2D,T_ElectricControlBox_C
Texture2D,T_ElectricControlBox_E
Texture2D,T_ElectricControlBox_MMOR
Texture2D,T_ElectricControlBox_N
Texture2D,T_ExhaustSystem_C
Texture2D,T_ExhaustSystem_MMOR
Texture2D,T_ExhaustSystem_N
Texture2D,T_Eye_BottleCap_C
Texture2D,T_Eye_BottleCap_MMOR
Texture2D,T_Eye_BottleCap_N
Texture2D,T_Eye_KeyCap_C
Texture2D,T_Eye_KeyCap_MMOR
Texture2D,T_Eye_Nut_MMOR
Texture2D,T_Eye_Nut_N
Texture2D,T_Eye_Valve_N
Texture2D,T_Fabric_01_1_C
Texture2D,T_Fabric_01_1_MMOR
Texture2D,T_Fabric_01_1_N
Texture2D,T_FactoryFence_C
Texture2D,T_FactoryFence_MMOR
Texture2D,T_FactoryFence_N
Texture2D,T_Fence01_2_C
Texture2D,T_Fence01_2_C 2
Texture2D,T_Fence01_3_C
Texture2D,T_Fence01_C
Texture2D,T_Fence01_M
Texture2D,T_Fence01_N
Texture2D,T_FileCabient_C
Texture2D,T_FileCabient_MMOR
Texture2D,T_FileCabient_N
Texture2D,T_FireworkLauncher_C
Texture2D,T_FireworkLauncher_E
Texture2D,T_FireworkLauncher_MMOR
Texture2D,T_FireworkLauncher_N
Texture2D,T_FishingRod_C
Texture2D,T_FishingRod_MMOR
Texture2D,T_FishingRod_N
Texture2D,T_FloralShirt_1_C
Texture2D,T_FloralShirt_1_MMOR
Texture2D,T_FloralShirt_1_N
Texture2D,T_FloralShirt_2_C
Texture2D,T_FloralShirt_2_MMOR
Texture2D,T_FloralShirt_3_C
Texture2D,T_FloralShirt_3_MMOR
Texture2D,T_FloralShirt_3_N
Texture2D,T_FootballDuo_C
Texture2D,T_FootballDuo_MMOR
Texture2D,T_FootballDuo_N
Texture2D,T_Forklift_01_C
Texture2D,T_Forklift_01_E
Texture2D,T_Forklift_01_MMRO
Texture2D,T_Forklift_01_N
Texture2D,T_GPU_C
Texture2D,T_GPU_MMOR
Texture2D,T_GPU_N
Texture2D,T_Gargabe_C
Texture2D,T_Gargabe_MMOR
Texture2D,T_Gargabe_N
Texture2D,T_GasPump_01_1_C
Texture2D,T_GasPump_01_1_E
Texture2D,T_GasPump_01_1_MMOR
Texture2D,T_GasPump_01_1_N
Texture2D,T_GasPump_01_2_C
Texture2D,T_GasPump_01_2_MMOR
Texture2D,T_GasPump_01_2_N
Texture2D,T_GasPump_01_3_C
Texture2D,T_GasPump_01_3_MMOR
Texture2D,T_GasPump_01_4_C
Texture2D,T_GasPump_01_4_MMOR
Texture2D,T_GasPump_01_5_C
Texture2D,T_GasPump_01_6_C
Texture2D,T_GasPump_02_1_C
Texture2D,T_GasPump_02_1_MMOR
Texture2D,T_GasPump_02_1_N
Texture2D,T_GasPump_02_2_C
Texture2D,T_GasTank_01_C
Texture2D,T_GhostBell_C
Texture2D,T_GhostBell_MMOR
Texture2D,T_GhostBell_N
Texture2D,T_Ghost_C
Texture2D,T_Ghost_E
Texture2D,T_Ghost_MMOR
Texture2D,T_Ghost_N
Texture2D,T_GoldenDumbbell_C
Texture2D,T_GoldenDumbbell_E
Texture2D,T_GoldenDumbbell_MMOR
Texture2D,T_GoldenDumbbell_N
Texture2D,T_Grass_A(3)
Texture2D,T_GreenBat_C
Texture2D,T_GreenBat_E
Texture2D,T_GreenBat_MMOR
Texture2D,T_GreenBat_N
Texture2D,T_GreenCoconut_C
Texture2D,T_GreenCoconut_MMOR
Texture2D,T_GreenCoconut_N
Texture2D,T_Groove_C
Texture2D,T_Groove_MMOR
Texture2D,T_Groove_N
Texture2D,T_Gunship_C
Texture2D,T_Gunship_MMOR
Texture2D,T_Gunship_N
Texture2D,T_Hair_Hat_Killa_2_C
Texture2D,T_Hair_Hat_Killa_2_MMOR
Texture2D,T_Hair_Hat_Killa_2_N
Texture2D,T_Hair_Hat_Killa_C
Texture2D,T_Hair_Hat_Killa_MMOR
Texture2D,T_Hair_Hat_Killa_N
Texture2D,T_HamburgerSign_C
Texture2D,T_HamburgerSign_MMOR
Texture2D,T_HamburgerSign_N
Texture2D,T_Hand_Boxing_C
Texture2D,T_Hand_Boxing_MMOR
Texture2D,T_Hand_Boxing_N
Texture2D,T_Hand_Fist_C
Texture2D,T_Hand_Fist_MMOR
Texture2D,T_Hand_Fist_N
Texture2D,T_Hangclothes_C
Texture2D,T_Hangclothes_MMOR
Texture2D,T_Hangclothes_N
Texture2D,T_Haystack_C
Texture2D,T_Haystack_C 1
Texture2D,T_Haystack_MMOR
Texture2D,T_Haystack_N
Texture2D,T_Head_Pumpkin_C
Texture2D,T_Head_Pumpkin_E
Texture2D,T_Head_Pumpkin_MMOR
Texture2D,T_Head_Pumpkin_N
Texture2D,T_Headscarf_C
Texture2D,T_Headscarf_N
Texture2D,T_Headset_1_C
Texture2D,T_Headset_1_MMOR
Texture2D,T_Headset_1_N
Texture2D,T_Headset_2_C
Texture2D,T_Headset_2_MMOR
Texture2D,T_Headset_2_N
Texture2D,T_Helmet_Pot_C
Texture2D,T_Helmet_Pot_MMOR
Texture2D,T_Helmet_Pot_N
Texture2D,T_Helmets_EggShell_N
Texture2D,T_Helmets_Horse_C
Texture2D,T_Helmets_Horse_MMOR
Texture2D,T_Helmets_Horse_N
Texture2D,T_Helmets_LV1_C
Texture2D,T_Helmets_LV1_M
Texture2D,T_Helmets_LV1_N
Texture2D,T_Helmets_LV2_C
Texture2D,T_Helmets_LV2_M
Texture2D,T_Helmets_LV2_N
Texture2D,T_Helmets_LV3_C
Texture2D,T_Helmets_LV3_M
Texture2D,T_Helmets_LV3_N
Texture2D,T_Helmets_LV4_C
Texture2D,T_Helmets_LV4_M
Texture2D,T_Helmets_LV4_N
Texture2D,T_Helmets_LV5_C
Texture2D,T_Helmets_LV5_M
Texture2D,T_Helmets_LV5_N
Texture2D,T_Helmets_LV6_C
Texture2D,T_Helmets_LV6_M
Texture2D,T_Helmets_LionDance_C
Texture2D,T_Helmets_LionDance_MMOR
Texture2D,T_Helmets_LionDance_N
Texture2D,T_Helmets_Tagilla_Minotaur_C
Texture2D,T_Helmets_Tagilla_Minotaur_MMOR
Texture2D,T_Helmets_Tagilla_Minotaur_N
Texture2D,T_Helmets_Tagilla_PeakedCap_C
Texture2D,T_Helmets_Tagilla_PeakedCap_MMOR
Texture2D,T_Helmets_Tagilla_PeakedCap_N
Texture2D,T_HighcomStriker_C
Texture2D,T_HighcomStriker_MMOR
Texture2D,T_HighcomStriker_N
Texture2D,T_HighcomStriker_Snow_C
Texture2D,T_HighcomStriker_Snow_MMOR
Texture2D,T_HighcomStriker_Snow_N
Texture2D,T_Hog
Texture2D,T_Horse_P_MaskMap
Texture2D,T_Horse_P_Normal
Texture2D,T_Hotend_C
Texture2D,T_Hotend_E
Texture2D,T_Hotend_MMOR
Texture2D,T_Hotend_N
Texture2D,T_House02_Wood01_2_C
Texture2D,T_House02_Wood01_C
Texture2D,T_House02_Wood01_M
Texture2D,T_House02_Wood01_N
Texture2D,T_House02_Wood02_2_C
Texture2D,T_House02_Wood02_C
Texture2D,T_House02_Wood02_M
Texture2D,T_House02_Wood02_N
Texture2D,T_House04_Cement_01_C
Texture2D,T_House04_Cement_01_M
Texture2D,T_House04_Cement_01_N
Texture2D,T_House04_Wood01_C
Texture2D,T_HouseDecoration_C
Texture2D,T_HouseDecoration_MMOR
Texture2D,T_HouseDecoration_N
Texture2D,T_Indoors_Bedroom_01_2_C
Texture2D,T_Indoors_Bedroom_01_2_MMOR
Texture2D,T_Indoors_Bedroom_01_2_MMOR 1
Texture2D,T_Indoors_Bedroom_01_2_N
Texture2D,T_Indoors_Bedroom_01_3_C
Texture2D,T_Indoors_Bedroom_01_3_MMOR
Texture2D,T_Indoors_Bedroom_01_3_N
Texture2D,T_Indoors_Bedroom_01_C
Texture2D,T_Indoors_Bedroom_01_MMOR
Texture2D,T_Indoors_Bedroom_01_N
Texture2D,T_Indoors_Books_01_2_C
Texture2D,T_Indoors_Books_01_2_C 1
Texture2D,T_Indoors_Books_01_3_C
Texture2D,T_Indoors_Books_01_3_C 1
Texture2D,T_Indoors_Books_01_C
Texture2D,T_Indoors_Books_01_C 1
Texture2D,T_Indoors_Books_01_MMOR
Texture2D,T_Indoors_Books_01_N
Texture2D,T_Indoors_Study_01_2_C
Texture2D,T_Indoors_Study_01_2_C 1
Texture2D,T_Indoors_Study_01_2_MMOR
Texture2D,T_Indoors_Study_01_2_N
Texture2D,T_Indoors_Study_01_C
Texture2D,T_Indoors_Study_01_MMOR
Texture2D,T_Indoors_Study_01_N
Texture2D,T_Indoors_Table_02_C
Texture2D,T_Indoors_Table_02_MMOR
Texture2D,T_Indoors_Table_02_N
Texture2D,T_Indoors_WC_01_C
Texture2D,T_Indoors_WC_01_MMOR
Texture2D,T_Indoors_WC_01_N
Texture2D,T_Indoors_WC_02_C
Texture2D,T_Indoors_WC_02_MMOR
Texture2D,T_Indoors_WC_02_N
Texture2D,T_Indoors_Wardrobe_01_C
Texture2D,T_Indoors_Wardrobe_01_MMOR
Texture2D,T_Indoors_Wardrobe_01_N
Texture2D,T_Island_02_C
Texture2D,T_Island_03_C
Texture2D,T_Island_Motobike_C
Texture2D,T_Island_Motobike_E
Texture2D,T_Island_Motobike_MMOR
Texture2D,T_Island_Motobike_N
Texture2D,T_Island_Rock_L01_C
Texture2D,T_Island_Rock_L01_MMOR
Texture2D,T_Island_Rock_L01_N
Texture2D,T_Item_Crop_1_C
Texture2D,T_Item_Crop_1_MMOR
Texture2D,T_Item_Crop_1_N
Texture2D,T_JLABCard_BlackGold_C
Texture2D,T_JLABCard_BlackGold_MMOR
Texture2D,T_JLABCard_BlackGold_N
Texture2D,T_JLABCard_Normal_C
Texture2D,T_JLABCard_Normal_MMOR
Texture2D,T_JLABCard_Normal_N
Texture2D,T_JLABContainer_01_C
Texture2D,T_JLABContainer_01_MMOR
Texture2D,T_JLABContainer_01_N
Texture2D,T_JLABContainer_02_C
Texture2D,T_JLABContainer_02_E
Texture2D,T_JLABContainer_02_MMOR
Texture2D,T_JLABContainer_02_N
Texture2D,T_JLABContainer_03_C 1
Texture2D,T_JLABCore_C
Texture2D,T_JLABCore_E
Texture2D,T_JLABCore_MMOR
Texture2D,T_JLABCore_N
Texture2D,T_JLABWall02_C
Texture2D,T_JLABWall02_MMOR
Texture2D,T_JLABWall02_N
Texture2D,T_JLABWall_C
Texture2D,T_JLABWall_MMOR
Texture2D,T_JLABWall_N
Texture2D,T_JLAB_Floor_01_C
Texture2D,T_JLAB_Floor_02_C
Texture2D,T_JLAB_Pattern_01_C
Texture2D,T_JLAB_Pattern_01_N
Texture2D,T_JLAB_Pattern_02_C
Texture2D,T_JLAB_Pattern_02_N
Texture2D,T_JLAB_ProtectiveClothes_C
Texture2D,T_JLAB_ProtectiveClothes_MMOR
Texture2D,T_JLAB_ProtectiveClothes_N
Texture2D,T_JLAB_Wall_01_C
Texture2D,T_JLAB_Wall_01_C 1
Texture2D,T_JLAB_Wall_01_N
Texture2D,T_JLAB_Wall_02_N
Texture2D,T_JLAB_Wall_04_3_C
Texture2D,T_JLAB_Wall_04_C
Texture2D,T_JLAB_Wall_04_M
Texture2D,T_JLAB_Wall_04_N
Texture2D,T_JLAB_Wall_05_1_C
Texture2D,T_JLAB_Wall_05_1_N
Texture2D,T_Jail_Room_C
Texture2D,T_Jail_Room_E
Texture2D,T_Jail_Room_MMOR
Texture2D,T_Jail_Room_N
Texture2D,T_JoshuaTree_C
Texture2D,T_JoshuaTree_MMOR
Texture2D,T_JoshuaTree_N
Texture2D,T_Kitchen_C
Texture2D,T_Kitchen_MMOR
Texture2D,T_Kitchen_N
Texture2D,T_LOGO_A
Texture2D,T_LabDoor_C
Texture2D,T_LabDoor_MMOR
Texture2D,T_LabDoor_N
Texture2D,T_LabyrinthFile_C
Texture2D,T_LabyrinthFile_MMOR
Texture2D,T_LabyrinthFile_N
Texture2D,T_Locker_01_1_C
Texture2D,T_Locker_01_C
Texture2D,T_Locker_01_MMOR
Texture2D,T_Locker_01_N
Texture2D,T_Lockers_C
Texture2D,T_Lockers_MMOR
Texture2D,T_Lockers_N
Texture2D,T_Lootbox_01_C
Texture2D,T_Lootbox_01_MMOR
Texture2D,T_Lootbox_01_N
Texture2D,T_Lootbox_02_C
Texture2D,T_Lootbox_02_MMOR
Texture2D,T_Lootbox_02_N
Texture2D,T_Lootbox_03_C
Texture2D,T_Lootbox_03_MMOR
Texture2D,T_Lootbox_03_N
Texture2D,T_LumberLog_C
Texture2D,T_LumberLog_MMOR
Texture2D,T_LumberLog_N
Texture2D,T_MK47_C
Texture2D,T_MK47_MMOR
Texture2D,T_MK47_N
Texture2D,T_MPX_C
Texture2D,T_MPX_MMOR
Texture2D,T_MPX_N
Texture2D,T_Medicalbox_C
Texture2D,T_Medicalbox_E
Texture2D,T_Medicalbox_MMOR
Texture2D,T_Medicalbox_N
Texture2D,T_MetalBoard_01_C
Texture2D,T_MetalBoard_01_MMOR
Texture2D,T_MetalBoard_01_N
Texture2D,T_MetalBoard_Rust_C
Texture2D,T_MetalBoard_Rust_MMOR
Texture2D,T_MetalBoard_Rust_N
Texture2D,T_MicroTower1_C
Texture2D,T_MicroTower2_C
Texture2D,T_MicroTower_MMOR
Texture2D,T_MicroTower_N
Texture2D,T_MilitaryBattery_C
Texture2D,T_MilitaryBattery_E
Texture2D,T_MilitaryBattery_MMOR
Texture2D,T_MilitaryBattery_N
Texture2D,T_MilitaryTruck_01_C
Texture2D,T_MilitaryTruck_01_MMOR
Texture2D,T_MinionGoggles_C
Texture2D,T_MinionGoggles_MMOR
Texture2D,T_MinionGoggles_N
Texture2D,T_Moonshine_C
Texture2D,T_Moonshine_E
Texture2D,T_Moonshine_MMOR
Texture2D,T_Moonshine_N
Texture2D,T_MotelSign_01_C
Texture2D,T_MotelSign_01_E
Texture2D,T_MotelSign_01_MMOR
Texture2D,T_MotelSign_01_N
Texture2D,T_MotelSign_02_C
Texture2D,T_MotelSign_02_E
Texture2D,T_MotelSign_02_MMOR
Texture2D,T_MotelSign_02_N
Texture2D,T_Mushroom_C
Texture2D,T_Mushroom_MMOR
Texture2D,T_Music_C
Texture2D,T_Music_MMOR
Texture2D,T_Music_N
Texture2D,T_Muzzle_AR_DAM_1_C
Texture2D,T_Muzzle_AR_DAM_1_MMOR
Texture2D,T_Muzzle_AR_DAM_1_N
Texture2D,T_Muzzle_AR_DIS_1_C
Texture2D,T_Muzzle_AR_DIS_1_MMOR
Texture2D,T_Muzzle_AR_DIS_1_N
Texture2D,T_Muzzle_AR_REC_1_C
Texture2D,T_Muzzle_AR_REC_1_MMOR
Texture2D,T_Muzzle_AR_REC_1_N
Texture2D,T_Muzzle_AR_REC_2_C
Texture2D,T_Muzzle_AR_REC_2_MMOR
Texture2D,T_Muzzle_AR_REC_2_N
Texture2D,T_Muzzle_AR_REC_3_C
Texture2D,T_Muzzle_AR_REC_3_MMOR
Texture2D,T_Muzzle_AR_REC_3_N
Texture2D,T_Muzzle_AR_REC_4_C
Texture2D,T_Muzzle_AR_REC_4_MMOR
Texture2D,T_Muzzle_AR_REC_4_N
Texture2D,T_Muzzle_AR_SCA_1_C
Texture2D,T_Muzzle_AR_SCA_1_MMOR
Texture2D,T_Muzzle_AR_SCA_1_N
Texture2D,T_Muzzle_AR_SCA_2_C
Texture2D,T_Muzzle_AR_SCA_2_MMOR
Texture2D,T_Muzzle_AR_SCA_2_N
Texture2D,T_Muzzle_AR_SIL_1_C
Texture2D,T_Muzzle_AR_SIL_1_MMOR
Texture2D,T_Muzzle_AR_SIL_1_N
Texture2D,T_Muzzle_PST_DAM_1_C
Texture2D,T_Muzzle_PST_DAM_1_MMOR
Texture2D,T_Muzzle_PST_DAM_1_N
Texture2D,T_Muzzle_PST_DIS_1_C
Texture2D,T_Muzzle_PST_DIS_1_MMOR
Texture2D,T_Muzzle_PST_DIS_1_N
Texture2D,T_Muzzle_PST_REC_1_C
Texture2D,T_Muzzle_PST_REC_1_MMOR
Texture2D,T_Muzzle_PST_REC_1_N
Texture2D,T_Muzzle_PST_REC_2_C
Texture2D,T_Muzzle_PST_REC_2_MMOR
Texture2D,T_Muzzle_PST_REC_2_N
Texture2D,T_Muzzle_PST_SCA_1_C
Texture2D,T_Muzzle_PST_SCA_1_MMOR
Texture2D,T_Muzzle_PST_SCA_1_N
Texture2D,T_Muzzle_PST_SIL_1_C
Texture2D,T_Muzzle_PST_SIL_1_MMOR
Texture2D,T_Muzzle_PST_SIL_1_N
Texture2D,T_Muzzle_SHT_DAM_1_C
Texture2D,T_Muzzle_SHT_DAM_1_MMOR
Texture2D,T_Muzzle_SHT_DAM_1_N
Texture2D,T_Muzzle_SHT_REC_1_C
Texture2D,T_Muzzle_SHT_REC_1_MMOR
Texture2D,T_Muzzle_SHT_REC_1_N
Texture2D,T_Muzzle_SHT_SCA_3_C
Texture2D,T_Muzzle_SHT_SCA_3_MMOR
Texture2D,T_Muzzle_SHT_SCA_3_N
Texture2D,T_Muzzle_SHT_SIL_1_C
Texture2D,T_Muzzle_SHT_SIL_1_MMOR
Texture2D,T_Muzzle_SHT_SIL_1_N
Texture2D,T_Muzzle_SMG_DAM_1_C
Texture2D,T_Muzzle_SMG_DAM_1_MMOR
Texture2D,T_Muzzle_SMG_DAM_1_N
Texture2D,T_Muzzle_SMG_REC_1_C
Texture2D,T_Muzzle_SMG_REC_1_MMOR
Texture2D,T_Muzzle_SMG_REC_1_N
Texture2D,T_Muzzle_SMG_REC_2_C
Texture2D,T_Muzzle_SMG_REC_2_MMOR
Texture2D,T_Muzzle_SMG_REC_2_N
Texture2D,T_Muzzle_SMG_REC_3_C
Texture2D,T_Muzzle_SMG_REC_3_MMOR
Texture2D,T_Muzzle_SMG_REC_3_N
Texture2D,T_Muzzle_SMG_REC_4_C
Texture2D,T_Muzzle_SMG_REC_4_MMOR
Texture2D,T_Muzzle_SMG_REC_4_N
Texture2D,T_Muzzle_SMG_SCA_2_C
Texture2D,T_Muzzle_SMG_SCA_2_MMOR
Texture2D,T_Muzzle_SMG_SCA_2_N
Texture2D,T_Muzzle_SMG_SIL_1_C
Texture2D,T_Muzzle_SMG_SIL_1_MMOR
Texture2D,T_Muzzle_SMG_SIL_1_N
Texture2D,T_Muzzle_SNP_DAM_1_C
Texture2D,T_Muzzle_SNP_DAM_1_MMOR
Texture2D,T_Muzzle_SNP_DAM_1_N
Texture2D,T_Muzzle_SNP_DIS_1_C
Texture2D,T_Muzzle_SNP_DIS_1_MMOR
Texture2D,T_Muzzle_SNP_DIS_1_N
Texture2D,T_Muzzle_SNP_REC_1_C
Texture2D,T_Muzzle_SNP_REC_1_MMOR
Texture2D,T_Muzzle_SNP_REC_1_N
Texture2D,T_Muzzle_SNP_REC_3_C
Texture2D,T_Muzzle_SNP_REC_3_MMOR
Texture2D,T_Muzzle_SNP_REC_3_N
Texture2D,T_Muzzle_SNP_SCA_1_C
Texture2D,T_Muzzle_SNP_SCA_1_MMOR
Texture2D,T_Muzzle_SNP_SCA_1_N
Texture2D,T_Muzzle_SNP_SCA_2_C
Texture2D,T_Muzzle_SNP_SCA_2_MMOR
Texture2D,T_Muzzle_SNP_SCA_2_N
Texture2D,T_Muzzle_SNP_SIL_1_C
Texture2D,T_Muzzle_SNP_SIL_1_MMOR
Texture2D,T_Muzzle_SNP_SIL_1_N
Texture2D,T_Network_01_1_C
Texture2D,T_Network_01_1_MMOR
Texture2D,T_Network_01_1_N
Texture2D,T_NightVision_LV3_C
Texture2D,T_NightVision_LV3_MMOR
Texture2D,T_NightVision_LV3_N
Texture2D,T_OFZ_C
Texture2D,T_OFZ_MMOR
Texture2D,T_OFZ_N
Texture2D,T_Ophthalmoscope_C
Texture2D,T_Ophthalmoscope_E
Texture2D,T_Ophthalmoscope_MMOR
Texture2D,T_Ophthalmoscope_N
Texture2D,T_Orb_II_Blue_C
Texture2D,T_Orb_II_Blue_E
Texture2D,T_Orb_II_Blue_MMOR
Texture2D,T_Orb_II_Blue_N
Texture2D,T_Orb_II_Red_C
Texture2D,T_Orb_II_Red_E
Texture2D,T_Orb_II_Red_MMOR
Texture2D,T_Orb_II_Red_N
Texture2D,T_PFB_SpaceSuitIII_C
Texture2D,T_PFB_SpaceSuitIII_E
Texture2D,T_PFB_SpaceSuitIII_MMOR
Texture2D,T_PFB_SpaceSuitIII_N
Texture2D,T_PaperBox_01_C
Texture2D,T_PaperBox_01_C 1
Texture2D,T_PaperBox_01_C 2
Texture2D,T_PaperBox_01_MMOR
Texture2D,T_PaperBox_01_N
Texture2D,T_PaperBox_02_C
Texture2D,T_PaperBox_02_C 2
Texture2D,T_PaperBox_02_MMOR
Texture2D,T_PaperBox_02_N
Texture2D,T_Parasol_C
Texture2D,T_Parasol_C_03
Texture2D,T_Parasol_MMOR
Texture2D,T_Parasol_N
Texture2D,T_PeakedCap_C
Texture2D,T_PeakedCap_MMOR
Texture2D,T_PeakedCap_N
Texture2D,T_Photo_Content_E
Texture2D,T_Pig
Texture2D,T_Pipe_01_C
Texture2D,T_Pipe_01_MMOR
Texture2D,T_Pipe_01_N
Texture2D,T_Pipe_02_C 1
Texture2D,T_Pipe_02_MMOR
Texture2D,T_Plants_01_C
Texture2D,T_Plants_02_C
Texture2D,T_Plants_02_C_Storm
Texture2D,T_Plants_03_C
Texture2D,T_PlasticPallet_01_01_N
Texture2D,T_PlasticPallet_01_C
Texture2D,T_PlasticPallet_01_MMOR
Texture2D,T_PlayerHood_01_C
Texture2D,T_PlayerHood_01_MMOR
Texture2D,T_PlayerHood_01_N
Texture2D,T_PoliceStick_MMOR
Texture2D,T_PoliceStick_N
Texture2D,T_PortaPotty_C
Texture2D,T_PortaPotty_MMOR
Texture2D,T_PortaPotty_N
Texture2D,T_Potato_C
Texture2D,T_Potato_MMOR
Texture2D,T_Potato_N
Texture2D,T_Pumpjack_01_C
Texture2D,T_Pumpjack_01_MMOR
Texture2D,T_Pumpjack_01_N
Texture2D,T_Pumpjack_02_C
Texture2D,T_Pumpjack_03_C
Texture2D,T_Pumpjack_03_MMOR
Texture2D,T_Pumpjack_03_N
Texture2D,T_Pumpjack_04_C
Texture2D,T_RAM_C
Texture2D,T_RAM_MMOR
Texture2D,T_RAM_N
Texture2D,T_Radar_1_C
Texture2D,T_Radar_1_MMOR
Texture2D,T_Radar_1_N
Texture2D,T_Radar_2_C
Texture2D,T_Radar_2_MMOR
Texture2D,T_Radar_2_N
Texture2D,T_Radar_3_C
Texture2D,T_Radar_3_MMOR
Texture2D,T_Radar_3_N
Texture2D,T_Restshed_01_C
Texture2D,T_Restshed_01_MMOR
Texture2D,T_Restshed_01_N
Texture2D,T_Roadblocks01_C
Texture2D,T_Roadblocks01_M
Texture2D,T_Roadblocks01_N
Texture2D,T_RobotLootbox_C
Texture2D,T_RobotLootbox_MMOR
Texture2D,T_RobotLootbox_N
Texture2D,T_RockWall_2_C
Texture2D,T_RockWall_2_MMOR
Texture2D,T_RockWall_2_N
Texture2D,T_RockWall_3_C
Texture2D,T_RockWall_3_MMOR
Texture2D,T_RockWall_3_N
Texture2D,T_RockWall_C
Texture2D,T_RockWall_MMOR
Texture2D,T_RockWall_N
Texture2D,T_Rock_01_2_C
Texture2D,T_Rock_01_C
Texture2D,T_Rock_01_C_Desert
Texture2D,T_Rock_01_Ice_N
Texture2D,T_Rock_01_N
Texture2D,T_Rock_01_Snow_C
Texture2D,T_Rock_01_Snow_N
Texture2D,T_Rock_02_2_C
Texture2D,T_Rock_02_C
Texture2D,T_Rock_02_N
Texture2D,T_Rock_02_Snow_C
Texture2D,T_Rock_02_Snow_N
Texture2D,T_Rock_03_2_C
Texture2D,T_Rock_03_C
Texture2D,T_Rock_03_N
Texture2D,T_Rock_03_N_Blend
Texture2D,T_Rock_03_Snow_C
Texture2D,T_Rope_01_C
Texture2D,T_Rope_01_MMOR
Texture2D,T_Rope_01_N
Texture2D,T_RussianBeard_C
Texture2D,T_RussianBeard_MMOR
Texture2D,T_RussianBeard_N
Texture2D,T_SM_3DPrinter_C
Texture2D,T_SM_3DPrinter_E
Texture2D,T_SM_3DPrinter_MMOR
Texture2D,T_SM_3DPrinter_N
Texture2D,T_SM_Ammunition_C
Texture2D,T_SM_Ammunition_MMOR
Texture2D,T_SM_Ammunition_N
Texture2D,T_SM_Cactus_C
Texture2D,T_SM_Cactus_MMOR
Texture2D,T_SM_Cactus_N
Texture2D,T_SM_Canvas_1_C_C
Texture2D,T_SM_Canvas_1_C_MMOR
Texture2D,T_SM_Canvas_1_C_N
Texture2D,T_SM_Canvas_2_C_C
Texture2D,T_SM_Canvas_2_C_MMOR
Texture2D,T_SM_Canvas_2_C_N
Texture2D,T_SM_Canvas_Ground_C
Texture2D,T_SM_Canvas_Ground_MMOR
Texture2D,T_SM_Canvas_Ground_N
Texture2D,T_SM_Car_001_C
Texture2D,T_SM_Car_001_MMOR
Texture2D,T_SM_Car_001_N
Texture2D,T_SM_Car_002_C
Texture2D,T_SM_Car_002_MMOR
Texture2D,T_SM_Car_002_N
Texture2D,T_SM_Car_003_C
Texture2D,T_SM_Car_003_MMOR
Texture2D,T_SM_Car_003_N
Texture2D,T_SM_Car_004_C
Texture2D,T_SM_Car_004_E
Texture2D,T_SM_Car_004_MMOR
Texture2D,T_SM_Car_004_N
Texture2D,T_SM_Car_005_C
Texture2D,T_SM_Car_005_MMOR
Texture2D,T_SM_Car_005_N
Texture2D,T_SM_Car_04_Rust_3_C
Texture2D,T_SM_Car_04_Rust_3_MMOR
Texture2D,T_SM_Car_04_Rust_3_N
Texture2D,T_SM_CleaningHandcart_1_C
Texture2D,T_SM_CleaningHandcart_C
Texture2D,T_SM_CleaningHandcart_MMOR
Texture2D,T_SM_CleaningHandcart_N
Texture2D,T_SM_CoatHanger_C
Texture2D,T_SM_CoatHanger_MMOR
Texture2D,T_SM_CoatHanger_N
Texture2D,T_SM_ElectricBox_03_C
Texture2D,T_SM_ElectricBox_03_MMOR
Texture2D,T_SM_ElectricBox_03_N
Texture2D,T_SM_FabricScroll_C
Texture2D,T_SM_FabricScroll_MMOR
Texture2D,T_SM_FabricScroll_N
Texture2D,T_SM_Fence_C
Texture2D,T_SM_Fence_C 1
Texture2D,T_SM_Fence_MMOR
Texture2D,T_SM_Fence_N
Texture2D,T_SM_Field_C
Texture2D,T_SM_Field_MMOR
Texture2D,T_SM_Field_N
Texture2D,T_SM_Flowerpot_C
Texture2D,T_SM_Flowerpot_MMOR
Texture2D,T_SM_Flowerpot_N
Texture2D,T_SM_Hammer_C
Texture2D,T_SM_Hammer_MMOR
Texture2D,T_SM_Hammer_N
Texture2D,T_SM_Kazoo_C
Texture2D,T_SM_Kazoo_MMOR
Texture2D,T_SM_Kazoo_N
Texture2D,T_SM_LittleYellowDuck_C
Texture2D,T_SM_LittleYellowDuck_MMOR
Texture2D,T_SM_LittleYellowDuck_N
Texture2D,T_SM_RoundStools_C
Texture2D,T_SM_RoundStools_MMOR
Texture2D,T_SM_RoundStools_N
Texture2D,T_SM_Sofa_C
Texture2D,T_SM_Sofa_MMOR
Texture2D,T_SM_Sofa_N
Texture2D,T_SM_Sofa_New_C
Texture2D,T_SM_Sofa_New_MMOR
Texture2D,T_SM_Sofa_New_N
Texture2D,T_SM_Stairs_New_01_C
Texture2D,T_SM_Stairs_New_01_MMOR
Texture2D,T_SM_Stairs_New_01_N
Texture2D,T_SM_Stairs_New_02_C
Texture2D,T_SM_Stairs_New_02_MMOR
Texture2D,T_SM_Stairs_New_02_N
Texture2D,T_SM_Steels_1_M_C
Texture2D,T_SM_Steels_1_M_MMOR
Texture2D,T_SM_Steels_1_M_N
Texture2D,T_SM_Steels_1_P_MMOR
Texture2D,T_SM_Steels_1_P_N
Texture2D,T_SM_Steels_2_M_C
Texture2D,T_SM_Steels_2_M_MMOR
Texture2D,T_SM_Steels_2_M_N
Texture2D,T_SM_Steels_2_P_C
Texture2D,T_SM_Steels_2_P_MMOR
Texture2D,T_SM_Steels_2_P_N
Texture2D,T_SM_Steels_3_M_N
Texture2D,T_SM_Steels_3_P_C
Texture2D,T_SM_Steels_3_P_MMOR
Texture2D,T_SM_Streetlamp_C
Texture2D,T_SM_Streetlamp_E
Texture2D,T_SM_Streetlamp_MMOR
Texture2D,T_SM_Streetlamp_N
Texture2D,T_SM_Switch_C
Texture2D,T_SM_Switch_MMOR
Texture2D,T_SM_Switch_N
Texture2D,T_SM_TeaTable_C
Texture2D,T_SM_TeaTable_MMOR
Texture2D,T_SM_TeaTable_N
Texture2D,T_SM_Tent_C
Texture2D,T_SM_Tent_MMOR
Texture2D,T_SM_Tent_N
Texture2D,T_SM_TouchFish_Aya_C
Texture2D,T_SM_TouchFish_Aya_MMOR
Texture2D,T_SM_TouchFish_Aya_N
Texture2D,T_SM_WC_Board_C
Texture2D,T_SM_WC_Board_MMOR
Texture2D,T_SM_WC_Board_N
Texture2D,T_SSD_C
Texture2D,T_SSD_E
Texture2D,T_SSD_MMOR
Texture2D,T_SSD_N
Texture2D,T_Safe_02_C
Texture2D,T_Safe_02_MMOR
Texture2D,T_Safe_02_N
Texture2D,T_SandBasket_C
Texture2D,T_SandBasket_MMOR
Texture2D,T_SandBasket_N
Texture2D,T_Sausage_C
Texture2D,T_Sausage_N
Texture2D,T_School_Door_C
Texture2D,T_School_Door_MMOR
Texture2D,T_School_Door_N
Texture2D,T_School_Window_C
Texture2D,T_School_Window_MMOR
Texture2D,T_School_Window_N
Texture2D,T_Scope_AR_4X_1_C
Texture2D,T_Scope_AR_4X_1_MMOR
Texture2D,T_Scope_AR_4X_1_N
Texture2D,T_Scope_AUG_C
Texture2D,T_Scope_AUG_MMOR
Texture2D,T_Scope_AUG_N
Texture2D,T_Scope_All_2X_1_C
Texture2D,T_Scope_All_2X_1_MMOR
Texture2D,T_Scope_All_2X_1_N
Texture2D,T_Scope_All_Digit_1_C
Texture2D,T_Scope_All_Digit_1_MMOR
Texture2D,T_Scope_All_Digit_1_N
Texture2D,T_Scope_All_Holo_1_C
Texture2D,T_Scope_All_Holo_1_MMOR
Texture2D,T_Scope_All_Holo_1_N
Texture2D,T_Scope_All_Long_1_C
Texture2D,T_Scope_All_Long_1_MMOR
Texture2D,T_Scope_All_Long_1_N
Texture2D,T_Scope_All_RedDot_1_C
Texture2D,T_Scope_All_RedDot_1_MMOR
Texture2D,T_Scope_All_RedDot_1_N
Texture2D,T_Scope_SNP_8X_1_C
Texture2D,T_Scope_SNP_8X_1_MMOR
Texture2D,T_Scope_SNP_8X_1_N
Texture2D,T_Shelf_01_C
Texture2D,T_Shelf_01_MMOR
Texture2D,T_Shelf_01_N
Texture2D,T_Shell_C
Texture2D,T_Shell_MMOR
Texture2D,T_Shell_N
Texture2D,T_Shelves_C
Texture2D,T_Shelves_MMOR
Texture2D,T_Shelves_N
Texture2D,T_ShitRock_C
Texture2D,T_ShitRock_MMOR
Texture2D,T_ShitRock_N
Texture2D,T_Shop_Counter_01_1_C
Texture2D,T_Shop_Counter_01_1_MMOR
Texture2D,T_Shop_Counter_01_1_N
Texture2D,T_Shop_Counter_01_2_C
Texture2D,T_Shop_Counter_01_2_MMOR
Texture2D,T_Shop_Counter_01_2_N
Texture2D,T_Shop_Counter_01_3_C
Texture2D,T_Shop_Counter_01_3_C 1
Texture2D,T_Shop_Counter_01_3_MMOR
Texture2D,T_Shop_Counter_01_3_N
Texture2D,T_Shop_Counter_02_2_C
Texture2D,T_Shop_Counter_02_2_MMOR
Texture2D,T_Shop_Counter_02_2_N
Texture2D,T_Shop_Counter_02_3_C
Texture2D,T_Shop_Counter_02_3_MMOR
Texture2D,T_Shop_Counter_02_3_N
Texture2D,T_Shop_Counter_02_4_C
Texture2D,T_Shop_Counter_03_1_C
Texture2D,T_Shop_Counter_03_1_C 1
Texture2D,T_Shop_Counter_03_1_MMOR
Texture2D,T_Shop_Counter_03_1_N
Texture2D,T_Shop_Counter_03_2_C
Texture2D,T_Shop_Counter_03_2_MMOR
Texture2D,T_Shop_Counter_03_2_N
Texture2D,T_Shop_Counter_03_3_C
Texture2D,T_Shop_Counter_03_3_MMOR
Texture2D,T_Shop_Counter_03_3_N
Texture2D,T_Shop_Counter_03_4_C
Texture2D,T_Shop_Refridge_01_1_C
Texture2D,T_Shop_Refridge_01_1_MMOR
Texture2D,T_Shop_Refridge_01_1_N
Texture2D,T_Shop_Refridge_01_2_C
Texture2D,T_Shop_Refridge_01_2_C 1
Texture2D,T_Shop_Refridge_01_2_MMOR
Texture2D,T_Shop_Refridge_01_2_N
Texture2D,T_Shop_Refridge_02_1_C
Texture2D,T_Shop_Refridge_02_1_MMOR
Texture2D,T_Shop_Refridge_02_1_N
Texture2D,T_Shop_Refridge_02_2_C
Texture2D,T_Shop_Refridge_02_2_MMOR
Texture2D,T_Shop_Refridge_02_2_N
Texture2D,T_Shop_Shelf_01_1_C
Texture2D,T_Shop_Shelf_01_1_MMOR
Texture2D,T_Shop_Shelf_01_1_N
Texture2D,T_Shop_Shelf_01_2_C
Texture2D,T_Shop_Shelf_01_2_MMOR
Texture2D,T_Shop_Shelf_01_2_N
Texture2D,T_Shop_Shelf_01_3_C
Texture2D,T_Shop_Shelf_01_3_MMOR
Texture2D,T_Shop_Shelf_01_3_N
Texture2D,T_Shop_Shelf_01_4_C
Texture2D,T_ShoppingTrolley_C
Texture2D,T_ShoppingTrolley_MMOR
Texture2D,T_ShoppingTrolley_N
Texture2D,T_ShotgunShell_C
Texture2D,T_ShotgunShell_MMOR
Texture2D,T_ShotgunShell_N
Texture2D,T_Shovel02_C
Texture2D,T_Shovel02_MMOR
Texture2D,T_Shovel02_N
Texture2D,T_Showcase_C
Texture2D,T_Showcase_MMOR
Texture2D,T_Showcase_N
Texture2D,T_Sickle_C
Texture2D,T_Sickle_E
Texture2D,T_Sickle_MMOR
Texture2D,T_Sickle_N
Texture2D,T_Sidewalk_02_C
Texture2D,T_Sidewalk_02_MMOR
Texture2D,T_Sidewalk_02_N
Texture2D,T_SnowCar_01_C
Texture2D,T_SnowCar_01_MMOR
Texture2D,T_SnowCar_01_N
Texture2D,T_SnowMoto_C
Texture2D,T_SnowMoto_MMOR
Texture2D,T_SnowMoto_N
Texture2D,T_Snowrock01_C
Texture2D,T_Snowrock01_Desert_C
Texture2D,T_Snowrock01_N
Texture2D,T_Snowrock02_C
Texture2D,T_Snowrock02_Desert_C
Texture2D,T_Snowrock02_N
Texture2D,T_Snowrock03_C
Texture2D,T_Snowrock03_N
Texture2D,T_Snowrock04_C
Texture2D,T_Snowrock04_N
Texture2D,T_SodaRobot_C
Texture2D,T_SodaRobot_E
Texture2D,T_SodaRobot_MMOR
Texture2D,T_SodaRobot_N
Texture2D,T_Soda_Container_C
Texture2D,T_Soda_Container_E
Texture2D,T_Soda_Container_MMOR
Texture2D,T_Soda_Container_N
Texture2D,T_Soda_Core_C
Texture2D,T_Soda_Core_E
Texture2D,T_Soda_Core_MMOR
Texture2D,T_Soda_Core_N
Texture2D,T_Soda_Instruments_C
Texture2D,T_Soda_Instruments_E
Texture2D,T_Soda_Instruments_E 1
Texture2D,T_Soda_Instruments_MMOR
Texture2D,T_Soda_Instruments_N
Texture2D,T_Soda_Ironfame_C
Texture2D,T_Soda_Ironfame_MMOR
Texture2D,T_Soda_Ironfame_N
Texture2D,T_Soda_Ladder_C
Texture2D,T_Soda_Ladder_MMOR
Texture2D,T_Soda_Ladder_N
Texture2D,T_Soda_Pipe_MMOR
Texture2D,T_Soda_Pipe_N
Texture2D,T_Soda_RollingShutterDoor_MMOR
Texture2D,T_Soda_Tankertruck_01_C
Texture2D,T_Soda_Tankertruck_01_E
Texture2D,T_Soda_Tankertruck_01_MMOR
Texture2D,T_Soda_Tankertruck_01_N
Texture2D,T_SolarEnergyBoard_M
Texture2D,T_SolarEnergyBoard_N
Texture2D,T_SolarEnergyBoard_initialShadingGroup_AlbedoTransparency_C
Texture2D,T_Speaker_C
Texture2D,T_Speaker_MMOR
Texture2D,T_Speaker_N
Texture2D,T_Stairs_Soda_C
Texture2D,T_Stairs_Soda_M
Texture2D,T_Stairs_Soda_N
Texture2D,T_SteelFrame_01_C
Texture2D,T_SteelFrame_01_MMOR
Texture2D,T_SteelFrame_01_N
Texture2D,T_Stock_ALL_MOV1_C
Texture2D,T_Stock_ALL_MOV1_MMOR
Texture2D,T_Stock_ALL_MOV1_N
Texture2D,T_Stock_ALL_REC1_C
Texture2D,T_Stock_ALL_REC1_MMOR
Texture2D,T_Stock_ALL_REC1_N
Texture2D,T_Stock_ALL_REC2_C
Texture2D,T_Stock_ALL_REC2_MMOR
Texture2D,T_Stock_ALL_REC2_N
Texture2D,T_Stock_ALL_REL1_C
Texture2D,T_Stock_ALL_REL1_MMOR
Texture2D,T_Stock_ALL_REL1_N
Texture2D,T_Stock_ALL_SCA3_C
Texture2D,T_Stock_ALL_SCA3_MMOR
Texture2D,T_Stock_ALL_SCA3_N
Texture2D,T_Stock_ALL_SCA5_C
Texture2D,T_Stock_ALL_SCA5_MMOR
Texture2D,T_Stock_ALL_SCA5_N
Texture2D,T_Stock_SNP_SCA4_C
Texture2D,T_Stock_SNP_SCA4_MMOR
Texture2D,T_Stock_SNP_SCA4_N
Texture2D,T_Stone_01_2_C
Texture2D,T_Stone_01_C
Texture2D,T_Stone_01_N
Texture2D,T_Stone_Brick2x2_2_C
Texture2D,T_Stone_Brick2x2_2_MMOR
Texture2D,T_Stone_Brick2x2_2_N
Texture2D,T_Stone_Brick2x2_C
Texture2D,T_Stone_Brick2x2_MMOR
Texture2D,T_Stone_Brick2x2_N
Texture2D,T_Stone_Column_1_C
Texture2D,T_Stone_Column_1_MMOR
Texture2D,T_Stone_Column_1_N
Texture2D,T_Stone_Door_C
Texture2D,T_Stone_Door_MMOR
Texture2D,T_Stone_Door_N
Texture2D,T_Strawhat_C
Texture2D,T_Strawhat_MMOR
Texture2D,T_Strawhat_N
Texture2D,T_StreetAssets01_1_C
Texture2D,T_StreetAssets01_1_Military_C
Texture2D,T_StreetAssets01_2_C
Texture2D,T_StreetAssets01_3_C
Texture2D,T_StreetAssets01_3_C 1
Texture2D,T_StreetAssets01_3_C 2
Texture2D,T_StreetAssets01_MMOR
Texture2D,T_StreetAssets01_N
Texture2D,T_Street_01_C
Texture2D,T_Street_01_C 1
Texture2D,T_Street_01_MMOR
Texture2D,T_Street_01_N
Texture2D,T_Studio_C
Texture2D,T_Studio_E
Texture2D,T_Studio_MMOR
Texture2D,T_Studio_N
Texture2D,T_Suit_FC_C
Texture2D,T_Suit_FC_E
Texture2D,T_Suit_FC_MMOR
Texture2D,T_Suit_FC_N
Texture2D,T_Suitcase_02_C
Texture2D,T_Suitcase_02_MMOR
Texture2D,T_Suitcase_C
Texture2D,T_Suitcase_MMOR
Texture2D,T_Suitcase_N
Texture2D,T_SwimRing_C
Texture2D,T_SwimRing_MMOR
Texture2D,T_SwimRing_N
Texture2D,T_TSH-4M-L_C
Texture2D,T_TSH-4M-L_MMOR
Texture2D,T_TSH-4M-L_N
Texture2D,T_T_HotelWindows_01_C
Texture2D,T_T_HotelWindows_01_MMOR
Texture2D,T_T_HotelWindows_01_N
Texture2D,T_T_Plants_03_Snow2_C
Texture2D,T_T_Plants_03_Snow2_N
Texture2D,T_T_Plants_03_Snow_C
Texture2D,T_T_Plants_03_Snow_N
Texture2D,T_T_Prison_Cage_C
Texture2D,T_T_Prison_Cage_E
Texture2D,T_T_Prison_Cage_MMOR
Texture2D,T_T_Prison_Cage_N
Texture2D,T_T_Sawmachine_C
Texture2D,T_T_Sawmachine_MMOR
Texture2D,T_T_Sawmachine_N
Texture2D,T_TableChairs_C
Texture2D,T_TableChairs_MMOR
Texture2D,T_TableChairs_N
Texture2D,T_Table_01_C
Texture2D,T_Table_01_C 1
Texture2D,T_Table_01_MMOR
Texture2D,T_Table_01_N
Texture2D,T_Table_02_C
Texture2D,T_Table_02_C 1
Texture2D,T_Table_02_MMOR
Texture2D,T_Table_02_N
Texture2D,T_Table_03_C
Texture2D,T_Table_03_MMOR
Texture2D,T_Table_03_N
Texture2D,T_Tagilla_C
Texture2D,T_Tagilla_MMOR
Texture2D,T_Tagilla_N
Texture2D,T_Tank_1_MMOR
Texture2D,T_Tank_1_N
Texture2D,T_Tank_2_C
Texture2D,T_Tank_3_C
Texture2D,T_Tank_3_MMOR
Texture2D,T_Tank_3_N
Texture2D,T_Tank_4_MMOR
Texture2D,T_Tank_4_N
Texture2D,T_Tank_5_C
Texture2D,T_TeamWendyEXFIL_1_C
Texture2D,T_TeamWendyEXFIL_1_MMOR
Texture2D,T_TeamWendyEXFIL_1_N
Texture2D,T_Tec_Flashlight_NON_1_C
Texture2D,T_Tec_Flashlight_NON_1_E
Texture2D,T_Tec_Flashlight_NON_1_MMOR
Texture2D,T_Tec_Flashlight_NON_1_N
Texture2D,T_Tec_Laser_ADS_1_C
Texture2D,T_Tec_Laser_ADS_1_E
Texture2D,T_Tec_Laser_ADS_1_MMOR
Texture2D,T_Tec_Laser_ADS_1_N
Texture2D,T_Tec_Laser_ADS_2_C
Texture2D,T_Tec_Laser_ADS_2_E
Texture2D,T_Tec_Laser_ADS_2_MMOR
Texture2D,T_Tec_Laser_ADS_2_N
Texture2D,T_Tec_Laser_CIT_1_C
Texture2D,T_Tec_Laser_CIT_1_E
Texture2D,T_Tec_Laser_CIT_1_MMOR
Texture2D,T_Tec_Laser_CIT_1_N
Texture2D,T_Tec_Laser_SCA_1_C
Texture2D,T_Tec_Laser_SCA_1_E
Texture2D,T_Tec_Laser_SCA_1_MMOR
Texture2D,T_Tec_Laser_SCA_1_N
Texture2D,T_Tec_Laser_SCA_2_C
Texture2D,T_Tec_Laser_SCA_2_E
Texture2D,T_Tec_Laser_SCA_2_MMOR
Texture2D,T_Tec_Laser_SCA_2_N
Texture2D,T_TechnicalSuppliesBox_C
Texture2D,T_TechnicalSuppliesBox_C 1
Texture2D,T_TechnicalSuppliesBox_MMOR
Texture2D,T_TechnicalSuppliesBox_N
Texture2D,T_ThermometerBox_C
Texture2D,T_ThermometerBox_MMOR
Texture2D,T_ThermometerBox_N
Texture2D,T_Tile_AsphaltRoad_01_2_N
Texture2D,T_Tile_AsphaltRoad_01_C
Texture2D,T_Tile_AsphaltRoad_01_D
Texture2D,T_Tile_AsphaltRoad_01_M
Texture2D,T_Tile_AsphaltRoad_01_N
Texture2D,T_Tile_AsphaltRoad_02_C
Texture2D,T_Tile_AsphaltRoad_03_C 1
Texture2D,T_Tile_AsphaltRoad_03_C 3
Texture2D,T_Tile_AsphaltRoad_03_C 4
Texture2D,T_Tile_AsphaltRoad_03_C 5
Texture2D,T_Tile_AsphaltRoad_03_M
Texture2D,T_Tile_AsphaltRoad_04_2_C
Texture2D,T_Tile_AsphaltRoad_04_2_C 1
Texture2D,T_Tile_BasementOriginalWall_C
Texture2D,T_Tile_BasementOriginalWall_N
Texture2D,T_Tile_Beach_01_C
Texture2D,T_Tile_Beach_01_C 1
Texture2D,T_Tile_Beach_01_N
Texture2D,T_Tile_BlackBeach_C
Texture2D,T_Tile_BlackBeach_N
Texture2D,T_Tile_BrickGround_C
Texture2D,T_Tile_BrickGround_M
Texture2D,T_Tile_BrickGround_N
Texture2D,T_Tile_BrickWall01_2_C
Texture2D,T_Tile_BrickWall01_3_C 1
Texture2D,T_Tile_BrickWall01_3_C 2
Texture2D,T_Tile_BrickWall01_C
Texture2D,T_Tile_BrickWall01_M
Texture2D,T_Tile_BrickWall01_N
Texture2D,T_Tile_BrickWall02_1_C
Texture2D,T_Tile_BrickWall02_1_M
Texture2D,T_Tile_BrickWall02_1_N
Texture2D,T_Tile_BrickWall02_C
Texture2D,T_Tile_BrickWall02_M
Texture2D,T_Tile_BrickWall02_N
Texture2D,T_Tile_CementWall_01_1_C
Texture2D,T_Tile_CementWall_01_1_M
Texture2D,T_Tile_CementWall_01_1_N
Texture2D,T_Tile_CementWall_01_2_C
Texture2D,T_Tile_CementWall_01_3_C
Texture2D,T_Tile_CementWall_01_4_C
Texture2D,T_Tile_CementWall_01_5_C
Texture2D,T_Tile_CementWall_01_6_C
Texture2D,T_Tile_Cement_01_C
Texture2D,T_Tile_Cement_01_C 1
Texture2D,T_Tile_Cement_01_C 2
Texture2D,T_Tile_Cement_01_M
Texture2D,T_Tile_Cement_01_N
Texture2D,T_Tile_Ceramic_01_C
Texture2D,T_Tile_Ceramic_01_C 1
Texture2D,T_Tile_Ceramic_01_C 2
Texture2D,T_Tile_Ceramic_01_C 3
Texture2D,T_Tile_Ceramic_01_N
Texture2D,T_Tile_Ceramic_02_C
Texture2D,T_Tile_Ceramic_02_M
Texture2D,T_Tile_Ceramic_02_N
Texture2D,T_Tile_Ceramic_03_C
Texture2D,T_Tile_Ceramic_03_M
Texture2D,T_Tile_Ceramic_03_N
Texture2D,T_Tile_Ceramic_05_C
Texture2D,T_Tile_Ceramic_05_N
Texture2D,T_Tile_ClassroomFloor_C
Texture2D,T_Tile_Desert_01_C
Texture2D,T_Tile_Desert_01_D
Texture2D,T_Tile_Desert_01_M
Texture2D,T_Tile_Desert_01_N
Texture2D,T_Tile_Detail_Cracks_01_Mask
Texture2D,T_Tile_DoubleColorWall_C 1
Texture2D,T_Tile_DoubleColorWall_C 2
Texture2D,T_Tile_DoubleColorWall_C 3
Texture2D,T_Tile_DoubleColorWall_C_Red
Texture2D,T_Tile_DoubleColorWall_M
Texture2D,T_Tile_DoubleColorWall_N
Texture2D,T_Tile_DoubleColorWall_Yellow_C
Texture2D,T_Tile_DrainageGrid_C
Texture2D,T_Tile_DrainageGrid_M
Texture2D,T_Tile_DrainageGrid_N
Texture2D,T_Tile_DryMud_01_C
Texture2D,T_Tile_DryMud_01_C 1
Texture2D,T_Tile_DryMud_01_M
Texture2D,T_Tile_DryMud_01_N
Texture2D,T_Tile_DryMud_StormZone
Texture2D,T_Tile_FloorBrickTile_01_C
Texture2D,T_Tile_FloorBrickTile_01_M
Texture2D,T_Tile_FloorBrickTile_01_N
Texture2D,T_Tile_FloorBrickTile_02_C
Texture2D,T_Tile_FloorBrickTile_02_M
Texture2D,T_Tile_FloorBrickTile_02_N
Texture2D,T_Tile_FloorBrickTile_04_C
Texture2D,T_Tile_FloorBrickTile_04_C 1
Texture2D,T_Tile_FloorBrickTile_04_M
Texture2D,T_Tile_FloorBrickTile_04_N
Texture2D,T_Tile_FloorCement01_C
Texture2D,T_Tile_FloorCement01_C 1
Texture2D,T_Tile_FloorCement01_M
Texture2D,T_Tile_FloorCement01_M 1
Texture2D,T_Tile_FloorCement01_N
Texture2D,T_Tile_FloorCement02_C
Texture2D,T_Tile_FloorCement02_C 1
Texture2D,T_Tile_FloorCement02_M
Texture2D,T_Tile_FloorCement02_N
Texture2D,T_Tile_FloorCement03_C
Texture2D,T_Tile_FloorCement03_M
Texture2D,T_Tile_FloorCement03_N
Texture2D,T_Tile_FloorWoodBlank01_2_C
Texture2D,T_Tile_FloorWoodBlank01_3_C
Texture2D,T_Tile_FloorWoodBlank01_M
Texture2D,T_Tile_FloorWoodBlank01_N
Texture2D,T_Tile_FloorWoodBlank02_M
Texture2D,T_Tile_FloorWoodBlank02_N
Texture2D,T_Tile_FloorWoodBlank03_C
Texture2D,T_Tile_FloorWoodBlank04_C
Texture2D,T_Tile_FloorWoodBlank04_M
Texture2D,T_Tile_FloorWoodBlank04_N
Texture2D,T_Tile_FloorWoodBlank05_2_C
Texture2D,T_Tile_FloorWoodBlank05_C
Texture2D,T_Tile_FloorWoodBlank05_M
Texture2D,T_Tile_FloorWoodBlank05_N
Texture2D,T_Tile_FloorWoodBlank06_1_M
Texture2D,T_Tile_FloorWoodBlank06_1_N
Texture2D,T_Tile_FloorWoodBlank06_2_C
Texture2D,T_Tile_Grass_01_C
Texture2D,T_Tile_Grass_01_N
Texture2D,T_Tile_Grass_03_C
Texture2D,T_Tile_Grass_03_C 1
Texture2D,T_Tile_Grass_04_C
Texture2D,T_Tile_Grass_StormZone
Texture2D,T_Tile_Grass_White
Texture2D,T_Tile_Ice_C
Texture2D,T_Tile_Ice_M
Texture2D,T_Tile_Ice_N
Texture2D,T_Tile_Lab_Roof_01_C
Texture2D,T_Tile_Lab_Roof_01_M
Texture2D,T_Tile_Lab_Roof_01_N
Texture2D,T_Tile_Lab_Wall_02_C
Texture2D,T_Tile_Lab_Wall_02_M
Texture2D,T_Tile_Lab_Wall_02_N
Texture2D,T_Tile_MetalWall00_C
Texture2D,T_Tile_MetalWall00_M
Texture2D,T_Tile_MetalWall01_2_C
Texture2D,T_Tile_MetalWall01_2_C 1
Texture2D,T_Tile_MetalWall01_2_M
Texture2D,T_Tile_MetalWall01_C
Texture2D,T_Tile_MetalWall01_N
Texture2D,T_Tile_MetalWall02_2_C
Texture2D,T_Tile_MetalWall02_C
Texture2D,T_Tile_MetalWall02_M
Texture2D,T_Tile_MetalWall02_N
Texture2D,T_Tile_Metal_01_C
Texture2D,T_Tile_Metal_01_M
Texture2D,T_Tile_Metal_01_N
Texture2D,T_Tile_Mud_02_smoothnessmetallic
Texture2D,T_Tile_Noise_01
Texture2D,T_Tile_Noise_02
Texture2D,T_Tile_Noise_02 1
Texture2D,T_Tile_Noise_03
Texture2D,T_Tile_Noise_04
Texture2D,T_Tile_PatternWall2_C
Texture2D,T_Tile_PatternWall2_M
Texture2D,T_Tile_PatternWall3_2_C
Texture2D,T_Tile_PatternWall3_2_N
Texture2D,T_Tile_PatternWall3_C
Texture2D,T_Tile_RockWall_C
Texture2D,T_Tile_RockWall_N
Texture2D,T_Tile_Roof02_2_C
Texture2D,T_Tile_Roof02_3_C
Texture2D,T_Tile_Roof02_4_C
Texture2D,T_Tile_Roof02_4_M
Texture2D,T_Tile_Roof02_4_N
Texture2D,T_Tile_Roof02_C 9
Texture2D,T_Tile_Roof02_M
Texture2D,T_Tile_Roof02_N
Texture2D,T_Tile_Roof03_1_2_C
Texture2D,T_Tile_Roof03_1_3_C
Texture2D,T_Tile_Roof03_1_C
Texture2D,T_Tile_Roof03_1_M
Texture2D,T_Tile_Roof03_1_N
Texture2D,T_Tile_Roof03_2_C
Texture2D,T_Tile_Roof03_2_M
Texture2D,T_Tile_Roof03_2_N
Texture2D,T_Tile_Roof03_3_C
Texture2D,T_Tile_Roof03_3_C 1
Texture2D,T_Tile_Roof03_4_C
Texture2D,T_Tile_Roof03_4_M
Texture2D,T_Tile_Roof03_4_N
Texture2D,T_Tile_Roof04_C
Texture2D,T_Tile_Roof04_M
Texture2D,T_Tile_Roof04_N
Texture2D,T_Tile_Roof05_C
Texture2D,T_Tile_Roof05_M
Texture2D,T_Tile_Roof05_N
Texture2D,T_Tile_Roof06_C
Texture2D,T_Tile_Roof06_M
Texture2D,T_Tile_Roof06_N
Texture2D,T_Tile_Roof07_C
Texture2D,T_Tile_Roof07_M
Texture2D,T_Tile_Roof07_N
Texture2D,T_Tile_SnowPile_M
Texture2D,T_Tile_SnowPile_N
Texture2D,T_Tile_Snow_Blend
Texture2D,T_Tile_Snow_C
Texture2D,T_Tile_Snow_C 1
Texture2D,T_Tile_Snow_D
Texture2D,T_Tile_Snow_Mask
Texture2D,T_Tile_Snow_Mask2
Texture2D,T_Tile_Snow_N
Texture2D,T_Tile_StoneWall_01_C
Texture2D,T_Tile_StoneWall_01_M
Texture2D,T_Tile_StoneWall_01_N
Texture2D,T_Tile_Stones_C
Texture2D,T_Tile_Stones_C 1
Texture2D,T_Tile_Stones_M
Texture2D,T_Tile_Stones_M 1
Texture2D,T_Tile_Stones_N
Texture2D,T_Tile_WallAlbedo_Green
Texture2D,T_Tile_WallAlbedo_Green 1
Texture2D,T_Tile_WallBlank_01_C
Texture2D,T_Tile_WallBlank_01_M
Texture2D,T_Tile_WallBlank_01_N
Texture2D,T_Tile_WallBrick01_M
Texture2D,T_Tile_WallBrick01_N
Texture2D,T_Tile_WallBrick02_C
Texture2D,T_Tile_WallBrick02_C 1
Texture2D,T_Tile_WallBrick02_M
Texture2D,T_Tile_WallBrick02_N
Texture2D,T_Tile_WallBrick03_C
Texture2D,T_Tile_WallBrick03_C 1
Texture2D,T_Tile_WallBrick03_C 2
Texture2D,T_Tile_WallBrick03_C 3
Texture2D,T_Tile_WallBrick03_M
Texture2D,T_Tile_WallBrick03_N
Texture2D,T_Tile_WallBrickTile_01_C
Texture2D,T_Tile_WallBrickTile_01_M
Texture2D,T_Tile_WallBrickTile_01_N
Texture2D,T_Tile_WallBrickTile_02_C
Texture2D,T_Tile_WallBrickTile_02_M
Texture2D,T_Tile_WallBrickTile_02_N
Texture2D,T_Tile_WallBrick_Grey
Texture2D,T_Tile_WallBrick_Grey 1
Texture2D,T_Tile_WallMetalBoard_Color_01
Texture2D,T_Tile_WallMetalBoard_Color_02
Texture2D,T_Tile_WallMetalBoard_Color_03
Texture2D,T_Tile_WallMetalBoard_Color_05
Texture2D,T_Tile_WallWoodBlank01_1_C
Texture2D,T_Tile_WallWoodBlank01_2_C
Texture2D,T_Tile_WallWoodBlank01_3_C
Texture2D,T_Tile_WallWoodBlank01_4_C
Texture2D,T_Tile_WallWoodBlank01_5_C
Texture2D,T_Tile_WallWoodBlank01_5_C 1
Texture2D,T_Tile_WallWoodBlank01_6_C
Texture2D,T_Tile_WallWoodBlank01_M
Texture2D,T_Tile_WallWoodBlank01_N
Texture2D,T_Tile_WallWoodBlank02_2_C
Texture2D,T_Tile_WallWoodBlank02_C
Texture2D,T_Tile_WallWoodBlank02_M
Texture2D,T_Tile_WallWoodBlank02_N
Texture2D,T_Tile_WallWoodBlank03_C
Texture2D,T_Tile_WallWoodBlank03_M
Texture2D,T_Tile_WallWoodBlank03_N
Texture2D,T_Tile_WallWoodBlank03_N 1
Texture2D,T_Tile_Wave_N
Texture2D,T_Tile_WoodBlank_Color_01
Texture2D,T_Tile_WoodBlank_Color_01 1
Texture2D,T_Tile_WoodBlank_Color_02
Texture2D,T_Tile_WoodBlank_Color_03
Texture2D,T_Tomb_C
Texture2D,T_Tomb_MMOR
Texture2D,T_Tomb_N
Texture2D,T_Toolbox_C
Texture2D,T_Toolbox_MMOR
Texture2D,T_Toolbox_N
Texture2D,T_Track_C
Texture2D,T_Track_MMOR
Texture2D,T_Track_N
Texture2D,T_TrafficSigns_1_C
Texture2D,T_TrafficSigns_1_MMOR
Texture2D,T_TrafficSigns_1_N
Texture2D,T_TrafficSigns_2_C
Texture2D,T_TrafficSigns_2_MMOR
Texture2D,T_TrailerHouse1_01_1_C
Texture2D,T_TrailerHouse1_01_1_MMOR
Texture2D,T_TrailerHouse1_01_1_N
Texture2D,T_TrailerHouse1_01_2_C
Texture2D,T_TrailerHouse1_01_2_MMOR
Texture2D,T_TrailerHouse1_01_2_N
Texture2D,T_TrailerHouse1_01_3_C
Texture2D,T_TrailerHouse1_02_1_C
Texture2D,T_TrailerHouse1_02_1_MMOR
Texture2D,T_TrailerHouse1_02_1_N
Texture2D,T_TrailerHouse1_02_2_C
Texture2D,T_TrailerHouse1_02_2_MMOR
Texture2D,T_TrailerHouse1_02_2_N
Texture2D,T_TrailerHouse1_02_3_C
Texture2D,T_TrailerHouse3_1_C
Texture2D,T_TrailerHouse3_1_MMOR
Texture2D,T_TrailerHouse3_1_N
Texture2D,T_TrailerHouse3_2_C
Texture2D,T_TrailerHouse3_3_C
Texture2D,T_TrailerHouse_Shed1_C
Texture2D,T_TrailerHouse_Shed1_MMOR
Texture2D,T_TrailerHouse_Shed1_N
Texture2D,T_TrailerHouse_Shed2_C
Texture2D,T_TrailerHouse_Shed3_C
Texture2D,T_TrainCarriage01_1_C
Texture2D,T_TrainCarriage01_1_MMOR
Texture2D,T_TrainCarriage01_1_N
Texture2D,T_TrainCarriage01_2_C
Texture2D,T_TrainCarriage01_2_MMOR
Texture2D,T_TrainCarriage01_2_N
Texture2D,T_TrainCarriage_Roof_C
Texture2D,T_TrainCarriage_Roof_MMOR
Texture2D,T_TrainCarriage_Roof_N
Texture2D,T_TrainEngine_01_C
Texture2D,T_TrainEngine_01_MMOR
Texture2D,T_TrainEngine_01_N
Texture2D,T_TrainEngine_02_C
Texture2D,T_TrainEngine_02_MMOR
Texture2D,T_TrainEngine_02_N
Texture2D,T_TrainTrailer_C
Texture2D,T_TrainTrailer_N
Texture2D,T_TransformerA_C
Texture2D,T_TransformerA_MMOR
Texture2D,T_TransformerA_N
Texture2D,T_TransformerB_C
Texture2D,T_TransformerB_MMOR
Texture2D,T_TransformerB_N
Texture2D,T_TrimSheet_Metal_C
Texture2D,T_TrimSheet_Metal_M
Texture2D,T_TrimSheet_Metal_N
Texture2D,T_TrimSheet_Wood_1_1_C
Texture2D,T_TrimSheet_Wood_1_2_C
Texture2D,T_TrimSheet_Wood_1_M
Texture2D,T_TrimSheet_Wood_1_N
Texture2D,T_Truck_01_C
Texture2D,T_Truck_01_MMOR
Texture2D,T_Truck_01_N
Texture2D,T_Truck_02_C
Texture2D,T_Truck_02_E
Texture2D,T_Truck_02_MMOR
Texture2D,T_Truck_02_N
Texture2D,T_UIM_Files_C
Texture2D,T_UIM_Files_MMOR
Texture2D,T_UIM_Files_N
Texture2D,T_UIM_LEDX_C
Texture2D,T_UIM_LEDX_MMOR
Texture2D,T_UIM_LEDX_N
Texture2D,T_UreaBag_1_C
Texture2D,T_UreaBag_1_MMOR
Texture2D,T_UreaBag_1_N
Texture2D,T_UreaBag_2_C
Texture2D,T_UreaBag_2_MMOR
Texture2D,T_UreaBag_2_N
Texture2D,T_UsablePaperbox_C
Texture2D,T_UsablePaperbox_MMOR
Texture2D,T_UsablePaperbox_N
Texture2D,T_Vehicle_Horse_C
Texture2D,T_Vehicle_Horse_MMOR
Texture2D,T_Vehicle_Horse_N
Texture2D,T_Vehicle_Horse_W_C
Texture2D,T_Ventilation_Soda_C
Texture2D,T_Ventilation_Soda_M
Texture2D,T_Ventilation_System_Normal_N
Texture2D,T_VinesWall_C
Texture2D,T_VinesWall_MMOR
Texture2D,T_VinesWall_N
Texture2D,T_VinesWall_Snow_C 1
Texture2D,T_Vines_C
Texture2D,T_Vines_MMOR
Texture2D,T_Vines_N
Texture2D,T_WPM_M14_C
Texture2D,T_WPM_M14_MMOR
Texture2D,T_WPM_M14_N
Texture2D,T_WPN_AA12_C
Texture2D,T_WPN_AA12_MMOR
Texture2D,T_WPN_AA12_N
Texture2D,T_WPN_ADAR_C
Texture2D,T_WPN_ADAR_MMOR
Texture2D,T_WPN_ADAR_N
Texture2D,T_WPN_AHBow_C
Texture2D,T_WPN_AHBow_Ice_C
Texture2D,T_WPN_AHBow_Ice_E
Texture2D,T_WPN_AHBow_Ice_MMOR
Texture2D,T_WPN_AHBow_Ice_N
Texture2D,T_WPN_AHBow_MMOR
Texture2D,T_WPN_AHBow_N
Texture2D,T_WPN_AK103_C
Texture2D,T_WPN_AK103_MMOR
Texture2D,T_WPN_AK103_N
Texture2D,T_WPN_AK47_C
Texture2D,T_WPN_AK47_C_Fire
Texture2D,T_WPN_AK47_MMOR
Texture2D,T_WPN_AK47_N
Texture2D,T_WPN_AK74U_C
Texture2D,T_WPN_AK74U_MMOR
Texture2D,T_WPN_AK74U_N
Texture2D,T_WPN_AK74U_T_C
Texture2D,T_WPN_AK74U_T_E
Texture2D,T_WPN_AK74U_T_MMOR
Texture2D,T_WPN_AK74U_T_N
Texture2D,T_WPN_ASVAL_C
Texture2D,T_WPN_ASVAL_MMOR
Texture2D,T_WPN_ASVAL_N
Texture2D,T_WPN_AUGA1_C
Texture2D,T_WPN_AUGA1_MMOR
Texture2D,T_WPN_AUGA1_N
Texture2D,T_WPN_AUGA3_C
Texture2D,T_WPN_AUGA3_MMOR
Texture2D,T_WPN_AUGA3_N
Texture2D,T_WPN_BarrettM1892_C
Texture2D,T_WPN_BarrettM1892_MMOR
Texture2D,T_WPN_BarrettM1892_N
Texture2D,T_WPN_BrainController_C
Texture2D,T_WPN_BrainController_E
Texture2D,T_WPN_BrainController_MMOR
Texture2D,T_WPN_BrainController_N
Texture2D,T_WPN_ButcherKnife_C
Texture2D,T_WPN_ButcherKnife_MMOR
Texture2D,T_WPN_ButcherKnife_N
Texture2D,T_WPN_CandyShotgun_C
Texture2D,T_WPN_CandyShotgun_MMOR
Texture2D,T_WPN_CandyShotgun_N
Texture2D,T_WPN_Carrot_C
Texture2D,T_WPN_Carrot_MMOR
Texture2D,T_WPN_Carrot_N
Texture2D,T_WPN_CopperCoinSword_C
Texture2D,T_WPN_CopperCoinSword_MMOR
Texture2D,T_WPN_CopperCoinSword_N
Texture2D,T_WPN_Corn_C
Texture2D,T_WPN_Corn_E
Texture2D,T_WPN_Corn_MMOR
Texture2D,T_WPN_Corn_N
Texture2D,T_WPN_Crossbow_C
Texture2D,T_WPN_Crossbow_MMOR
Texture2D,T_WPN_Crossbow_N
Texture2D,T_WPN_CubeGun_C
Texture2D,T_WPN_CubeGun_E
Texture2D,T_WPN_CubeGun_MMOR
Texture2D,T_WPN_CubeGun_N
Texture2D,T_WPN_DTMDR556_C
Texture2D,T_WPN_DTMDR556_MMOR
Texture2D,T_WPN_DTMDR556_N
Texture2D,T_WPN_DTMDR762_C
Texture2D,T_WPN_DTMDR762_MMOR
Texture2D,T_WPN_DTMDR762_N
Texture2D,T_WPN_DesertEagle_C
Texture2D,T_WPN_DesertEagle_MMOR
Texture2D,T_WPN_DesertEagle_N
Texture2D,T_WPN_Fireworks_C
Texture2D,T_WPN_Fireworks_MMOR
Texture2D,T_WPN_Fireworks_N
Texture2D,T_WPN_FishGiantSword_C
Texture2D,T_WPN_FishGiantSword_MMOR
Texture2D,T_WPN_FishGiantSword_N
Texture2D,T_WPN_Glock_01_C
Texture2D,T_WPN_Glock_01_MMOR
Texture2D,T_WPN_Glock_01_N
Texture2D,T_WPN_Glock_02_C
Texture2D,T_WPN_IceSword_2_C
Texture2D,T_WPN_IceSword_2_E
Texture2D,T_WPN_IceSword_2_MMOR
Texture2D,T_WPN_IceSword_2_N
Texture2D,T_WPN_Lightsaber_C
Texture2D,T_WPN_Lightsaber_E
Texture2D,T_WPN_Lightsaber_MMOR
Texture2D,T_WPN_Lightsaber_N
Texture2D,T_WPN_M16_C
Texture2D,T_WPN_M16_Ice_C
Texture2D,T_WPN_M16_Ice_E
Texture2D,T_WPN_M16_Ice_MMOR
Texture2D,T_WPN_M16_Ice_N
Texture2D,T_WPN_M16_MMOR
Texture2D,T_WPN_M16_N
Texture2D,T_WPN_M1A_C
Texture2D,T_WPN_M1A_MMOR
Texture2D,T_WPN_M1A_N
Texture2D,T_WPN_M4_C
Texture2D,T_WPN_M4_MMOR
Texture2D,T_WPN_M4_N
Texture2D,T_WPN_M700_C
Texture2D,T_WPN_M700_C 1
Texture2D,T_WPN_M700_MMOR
Texture2D,T_WPN_M700_N
Texture2D,T_WPN_MCXSpear_C
Texture2D,T_WPN_MCXSpear_MMOR
Texture2D,T_WPN_MCXSpear_N
Texture2D,T_WPN_MP155Ultima_C
Texture2D,T_WPN_MP155Ultima_MMOR
Texture2D,T_WPN_MP155Ultima_N
Texture2D,T_WPN_MP155_C
Texture2D,T_WPN_MP155_MMOR
Texture2D,T_WPN_MP155_N
Texture2D,T_WPN_MP5_C
Texture2D,T_WPN_MP5_MMOR
Texture2D,T_WPN_MP5_N
Texture2D,T_WPN_MP7_2_C
Texture2D,T_WPN_MP7_2_MMOR
Texture2D,T_WPN_MP7_2_N
Texture2D,T_WPN_MP7_C
Texture2D,T_WPN_MP7_MMOR
Texture2D,T_WPN_MP7_N
Texture2D,T_WPN_Minotaur_C
Texture2D,T_WPN_Minotaur_MMOR
Texture2D,T_WPN_Minotaur_N
Texture2D,T_WPN_Mosin_C
Texture2D,T_WPN_Mosin_MMOR
Texture2D,T_WPN_Mosin_N
Texture2D,T_WPN_PM_C
Texture2D,T_WPN_PM_MMOR
Texture2D,T_WPN_PM_N
Texture2D,T_WPN_PP19Bizon_C
Texture2D,T_WPN_PP19Bizon_MMOR
Texture2D,T_WPN_PP19Bizon_N
Texture2D,T_WPN_PPSH_C
Texture2D,T_WPN_PPSH_MMOR
Texture2D,T_WPN_PPSH_N
Texture2D,T_WPN_PhysicalStaff_C
Texture2D,T_WPN_PhysicalStaff_E
Texture2D,T_WPN_PhysicalStaff_MMOR
Texture2D,T_WPN_PhysicalStaff_N
Texture2D,T_WPN_QBZ191_C
Texture2D,T_WPN_QBZ191_MMOR
Texture2D,T_WPN_QBZ191_N
Texture2D,T_WPN_RPD_C
Texture2D,T_WPN_RPD_MMOR
Texture2D,T_WPN_RPD_N
Texture2D,T_WPN_RPG7_C
Texture2D,T_WPN_RPG7_MMOR
Texture2D,T_WPN_RPG7_N
Texture2D,T_WPN_RPK16_C
Texture2D,T_WPN_RPK16_MMOR
Texture2D,T_WPN_RPK16_N
Texture2D,T_WPN_SKS_C
Texture2D,T_WPN_SKS_MMOR
Texture2D,T_WPN_SKS_N
Texture2D,T_WPN_SR3M_C
Texture2D,T_WPN_SR3M_Ice_C
Texture2D,T_WPN_SR3M_Ice_E
Texture2D,T_WPN_SR3M_Ice_MMOR
Texture2D,T_WPN_SR3M_Ice_N
Texture2D,T_WPN_SR3M_MMOR
Texture2D,T_WPN_SR3M_N
Texture2D,T_WPN_SV98_C
Texture2D,T_WPN_SV98_MMOR
Texture2D,T_WPN_SV98_N
Texture2D,T_WPN_SaltedFish_C
Texture2D,T_WPN_SaltedFish_MMOR
Texture2D,T_WPN_SaltedFish_N
Texture2D,T_WPN_Scallion_C
Texture2D,T_WPN_Scallion_MMOR
Texture2D,T_WPN_Scallion_N
Texture2D,T_WPN_SnowBall_C
Texture2D,T_WPN_SnowBall_MMOR
Texture2D,T_WPN_SnowBall_N
Texture2D,T_WPN_TOZ66_C
Texture2D,T_WPN_TOZ66_MMOR
Texture2D,T_WPN_TOZ66_N
Texture2D,T_WPN_TT33_C
Texture2D,T_WPN_TT33_MMOR
Texture2D,T_WPN_TT33_N
Texture2D,T_WPN_Toilet_2_C
Texture2D,T_WPN_Toilet_2_MMOR
Texture2D,T_WPN_Toilet_2_N
Texture2D,T_WPN_Toilet_C
Texture2D,T_WPN_Toilet_MMOR
Texture2D,T_WPN_Toilet_N
Texture2D,T_WPN_UMP45_C
Texture2D,T_WPN_UMP45_MMOR
Texture2D,T_WPN_UMP45_N
Texture2D,T_WPN_VPO136_C
Texture2D,T_WPN_VPO136_MMOR
Texture2D,T_WPN_VPO136_N
Texture2D,T_WPN_VPO215_01_C
Texture2D,T_WPN_VPO215_01_MMOR
Texture2D,T_WPN_VPO215_01_N
Texture2D,T_WPN_VPO215_02_C
Texture2D,T_WPN_VPO215_02_MMOR
Texture2D,T_WPN_VPO215_02_N
Texture2D,T_WPN_VSS_C
Texture2D,T_WPN_VSS_MMOR
Texture2D,T_WPN_VSS_N
Texture2D,T_WPN_Vcetor9_C
Texture2D,T_WPN_Vcetor9_MMOR
Texture2D,T_WPN_Vcetor9_N
Texture2D,T_WPN_WPN_UZIPRO_Pistol_C
Texture2D,T_WPN_WPN_UZIPRO_Pistol_MMOR
Texture2D,T_WPN_WPN_UZIPRO_Pistol_N
Texture2D,T_WW_Carlotta_C
Texture2D,T_WW_Carlotta_E
Texture2D,T_WW_Carlotta_MMOR
Texture2D,T_WW_Carlotta_N
Texture2D,T_WW_Lynae_C
Texture2D,T_WW_Lynae_E
Texture2D,T_WW_Lynae_MMOR
Texture2D,T_WW_Lynae_N
Texture2D,T_WaTerTank_03_B_C
Texture2D,T_WaTerTank_03_G_C
Texture2D,T_WaTerTank_03_G_C 1
Texture2D,T_WaTerTank_03_MMOR
Texture2D,T_WaTerTank_03_N
Texture2D,T_WaTerTank_03_R_C
Texture2D,T_WaTerTank_03_Y_C
Texture2D,T_Wall_01_C
Texture2D,T_Wall_01_MMOR
Texture2D,T_Wall_01_N
Texture2D,T_WaterPipe01_C
Texture2D,T_WaterPipe01_MMOR
Texture2D,T_WaterPipe01_N
Texture2D,T_WaterPipe02_C
Texture2D,T_WaterPipe02_MMOR
Texture2D,T_WaterPipe02_N
Texture2D,T_WaterTankButt_01_C
Texture2D,T_WaterTankButt_01_MMOR
Texture2D,T_WaterTankButt_01_N
Texture2D,T_WaterTank_01_C
Texture2D,T_WaterTank_01_MMOR
Texture2D,T_WaterTank_01_N
Texture2D,T_WaterTank_02_C
Texture2D,T_WaterTank_02_MMOR
Texture2D,T_WaterTank_02_N
Texture2D,T_Watergun_C
Texture2D,T_Watergun_E
Texture2D,T_Watergun_MMOR
Texture2D,T_Watergun_N
Texture2D,T_Weapons_wood_C
Texture2D,T_Weapons_wood_MMOR
Texture2D,T_Weapons_wood_N
Texture2D,T_WheelLoader_C
Texture2D,T_WheelLoader_MMOR
Texture2D,T_WheelLoader_N
Texture2D,T_Wireless_C
Texture2D,T_Wireless_MMOR
Texture2D,T_Wireless_N
Texture2D,T_Witch_C
Texture2D,T_Witch_MMOR
Texture2D,T_Witch_N
Texture2D,T_Wolf
Texture2D,T_WolfIce
Texture2D,T_WoodBox_01_C
Texture2D,T_WoodBox_01_C 1
Texture2D,T_WoodBox_01_MMOR
Texture2D,T_WoodBox_01_N
Texture2D,T_WoodPallet_01_C
Texture2D,T_WoodPallet_01_C 1
Texture2D,T_WoodPallet_01_MMOR
Texture2D,T_WoodPallet_01_N
Texture2D,T_Woodboard_01_1_C
Texture2D,T_Woodboard_01_1_MMOR
Texture2D,T_Woodboard_01_1_N
Texture2D,T_Woodboard_01_2_C
Texture2D,T_Woodboard_01_2_MMOR
Texture2D,T_Woodboard_01_2_N
Texture2D,T_Woodboard_01_3_C
Texture2D,T_Woodboard_01_4_C
Texture2D,T_Woodboard_01_6_C
Texture2D,T_Woodboard_01_6_MMOR
Texture2D,T_Woodbox_02_C
Texture2D,T_Woodbox_02_N
Texture2D,T_ZSh-1-2M_C
Texture2D,T_ZSh-1-2M_MMOR
Texture2D,T_ZSh-1-2M_N
Texture2D,T_lambert1_C
Texture2D,T_lambert1_MMOR
Texture2D,T_lambert1_N
Texture2D,T_standardSurface1_E
Texture2D,TagillaArmor_DefaultMaterial_AlbedoTransparency
Texture2D,TagillaArmor_DefaultMaterial_MetallicSmoothness
Texture2D,TagillaArmor_DefaultMaterial_Normal
Texture2D,TagillaHammer_DefaultMaterial_AlbedoTransparency
Texture2D,TagillaHammer_DefaultMaterial_MetallicSmoothness
Texture2D,TagillaHammer_DefaultMaterial_Normal
Texture2D,TagillaKilla
Texture2D,TagillaMask_DefaultMaterial_AlbedoTransparency
Texture2D,TagillaMask_DefaultMaterial_MetallicSmoothness
Texture2D,TagillaMask_DefaultMaterial_Normal
Texture2D,TagillaPost
Texture2D,TagillaPoster
Texture2D,TagillaPoster2
Texture2D,TagillaPoster3
Texture2D,Tagilla_DefaultMaterial_AlbedoTransparency
Texture2D,Tagilla_DefaultMaterial_MetallicSmoothness
Texture2D,Tagilla_DefaultMaterial_Normal
Texture2D,TapTap_Logo_RGB
Texture2D,TeamWendyEXFIL
Texture2D,Telescope01
Texture2D,Telescope02
Texture2D,TempNoise
Texture2D,Terrain
Texture2D,Tex_skill_06
Texture2D,Textures
Texture2D,Textures 1
Texture2D,Textures 3
Texture2D,Textures_Dark
Texture2D,ThermalGoggles_LV3
Texture2D,ThermalGoggles_LV3_C
Texture2D,ThermalGoggles_LV3_MMOR
Texture2D,ThermalGoggles_LV3_N
Texture2D,Thin01
Texture2D,Thin02
Texture2D,Ticket
Texture2D,Ticket_DEMOChallenge
Texture2D,Ticket_V2
Texture2D,Tire1_a
Texture2D,Title
Texture2D,ToggleBox_Off
Texture2D,ToggleBox_On
Texture2D,Totem
Texture2D,Trap
Texture2D,Triangle Head
Texture2D,Tripod_tex_AlbedoTransparency
Texture2D,Tripod_tex_MetallicSmoothness
Texture2D,Tripod_tex_Normal
Texture2D,True Shadow Blue Noise
Texture2D,Tube_tex_colth_AO
Texture2D,Tube_tex_colth_Normal
Texture2D,UDisk
Texture2D,UICheckMark
Texture2D,UIElement8px
Texture2D,UIFoldoutClosed
Texture2D,UIFoldoutOpened
Texture2D,UIMask
Texture2D,UISprite
Texture2D,UI_C
Texture2D,UI_E
Texture2D,UI_RedBag
Texture2D,UI_SoundMarker_01
Texture2D,UI_SoundMarker_02
Texture2D,USB
Texture2D,UnifontExMono Atlas
Texture2D,UreaBag
Texture2D,VLBBlueNoise
Texture2D,VLBDitheringNoise
Texture2D,VerticalFrameMask_16
Texture2D,WD40
Texture2D,WPN_AA12
Texture2D,WPN_AHBow
Texture2D,WPN_AHBow_Ice
Texture2D,WPN_AK74U_T
Texture2D,WPN_Ash_12
Texture2D,WPN_BrainController
Texture2D,WPN_ButcherKnife
Texture2D,WPN_Crossbow
Texture2D,WPN_ElectricBaton
Texture2D,WPN_Fireworks
Texture2D,WPN_FishGiantSword
Texture2D,WPN_IceSword_2
Texture2D,WPN_MPX
Texture2D,WPN_Minotaur
Texture2D,WPN_QBZ191
Texture2D,WPN_SRM3
Texture2D,WPN_SaltedFish
Texture2D,WPN_SnowBall
Texture2D,WPN_TOZ106_C
Texture2D,WPN_TOZ106_Holy_C
Texture2D,WPN_TOZ106_Holy_E
Texture2D,WPN_TOZ106_Holy_MMOR
Texture2D,WPN_TOZ106_Holy_N
Texture2D,WPN_TOZ106_MMOR
Texture2D,WPN_TOZ106_N
Texture2D,WPN_Toilet
Texture2D,WPN_Toilet_2
Texture2D,Walkie_Talkie
Texture2D,Walkie_TalkieA
Texture2D,Wall_Ornament_AlbedoTransparency
Texture2D,Wall_Ornament_AlbedoTransparency 1
Texture2D,Wall_Ornament_Emission
Texture2D,Wall_Ornament_MetallicSmoothness
Texture2D,Wall_Ornament_Normal
Texture2D,WarmKeeper_lambert1_AlbedoTransparency
Texture2D,WarmKeeper_lambert1_AlbedoTransparency 1
Texture2D,WarmKeeper_lambert1_AlbedoTransparency 2
Texture2D,WarmKeeper_lambert1_AlbedoTransparency 3
Texture2D,WarmKeeper_lambert1_AlbedoTransparency 4
Texture2D,WarmKeeper_lambert1_AlbedoTransparency 5
Texture2D,WarmKeeper_lambert1_Emission
Texture2D,WarmKeeper_lambert1_MetallicSmoothness
Texture2D,WarmKeeper_lambert1_Normal
Texture2D,WarmStone
Texture2D,Watch01
Texture2D,Watch02
Texture2D,Water01
Texture2D,Water_bear_other_AlbedoTransparency
Texture2D,Water_bear_other_Emission
Texture2D,Water_bear_other_MetallicSmoothness
Texture2D,Water_bear_other_Normal
Texture2D,Waterbottle02
Texture2D,WeaponParts
Texture2D,WeaponParts_Blue
Texture2D,WeaponParts_Green
Texture2D,WeaponParts_Storm
Texture2D,Weapon_Shield_AlbedoTransparency_Break
Texture2D,Weapon_Shield_AlbedoTransparency_Painted
Texture2D,Weapon_Shield_MetallicSmoothness
Texture2D,Weapon_Shield_Normal
Texture2D,White1px
Texture2D,WhiteGown_V2_DefaultMaterial_AlbedoTransparency
Texture2D,WhiteGown_V2_DefaultMaterial_MetallicSmoothness
Texture2D,WhiteGown_V2_DefaultMaterial_Normal
Texture2D,WhiteStripe_32
Texture2D,WifiCamera
Texture2D,WispySmoke02_8x8
Texture2D,WispySmoke03_8x8
Texture2D,WispySmoke03_W
Texture2D,Wood
Texture2D,WoodStick
Texture2D,Wood_Board_Tex_Normal
Texture2D,Wrench01
Texture2D,Wrench02
Texture2D,Wrench03
Texture2D,XInput_A
Texture2D,XInput_B
Texture2D,XInput_X
Texture2D,XInput_Y
Texture2D,Xing
Texture2D,ZSh-1-2M
Texture2D,Zippo
Texture2D,a
Texture2D,accessibility_64dp_FFFFFF_FILL1_wght400_GRAD0_opsz48
Texture2D,acorn1
Texture2D,adf_scanner_400dp_FFFFFF_FILL1_wght400_GRAD0_opsz48
Texture2D,airplane
Texture2D,alarm_64dp_FFFFFF_FILL0_wght400_GRAD0_opsz48
Texture2D,aline_fallback_font
Texture2D,aline_font
Texture2D,all_inclusive_64dp_FFFFFF_FILL0_wght400_GRAD0_opsz48
Texture2D,alt
Texture2D,ammo_BR_Gray
Texture2D,ammo_BR_Normal
Texture2D,ammo_BR_Rust
Texture2D,ammo_machinegun_Gray
Texture2D,ammo_machinegun_Normal
Texture2D,ammo_machinegun_Rust
Texture2D,ammo_pistol_Blue
Texture2D,ammo_pistol_Gray
Texture2D,ammo_pistol_Normal
Texture2D,ammo_pistol_Rust
Texture2D,ammo_rocket
Texture2D,ammo_shotgun_Blue
Texture2D,ammo_shotgun_Gray
Texture2D,ammo_shotgun_Normal
Texture2D,ammo_shotgun_Rust
Texture2D,ammo_sniper_Gray
Texture2D,ammo_sniper_Normal
Texture2D,ammo_sniper_Rust
Texture2D,apparel_64dp_FFFFFF_FILL1_wght400_GRAD0_opsz48
Texture2D,apple
Texture2D,arrow_back_24dp_FFFFFF_FILL1_wght400_GRAD0_opsz24
Texture2D,arrow_drop_down_64dp_FFFFFF_FILL1_wght400_GRAD0_opsz48
Texture2D,arrow_drop_up_64dp_FFFFFF_FILL1_wght400_GRAD0_opsz48
Texture2D,arrow_left
Texture2D,arrow_left Repeat
Texture2D,arrow_right
Texture2D,at
Texture2D,attribution_24dp_FFFFFF_FILL1_wght400_GRAD0_opsz24
Texture2D,aura_slamNormal
Texture2D,aura_slamNormal2
Texture2D,b
Texture2D,back_hand_64dp_FFFFFF_FILL1_wght400_GRAD0_opsz48
Texture2D,backspace
Texture2D,backspace_24dp_FFFFFF_FILL1_wght400_GRAD0_opsz24
Texture2D,balance_64dp_FFFFFF_FILL1_wght400_GRAD0_opsz48
Texture2D,banana
Texture2D,basket
Texture2D,bedtime_64dp_FFFFFF_FILL1_wght400_GRAD0_opsz48
Texture2D,bicycle
Texture2D,bing
Texture2D,biotech_64dp_FFFFFF_FILL1_wght400_GRAD0_opsz48
Texture2D,blackBoxLogo
Texture2D,block1_3 shutters2_blinn2_AlbedoTransparency
Texture2D,block1_3 shutters2_blinn2_Emission
Texture2D,block1_3 shutters2_blinn2_Normal
Texture2D,blueNoise
Texture2D,blueNoiseGI128RGB
Texture2D,blueNoiseSSR64
Texture2D,bone
Texture2D,book
Texture2D,book2
Texture2D,bookmark_star_64dp_FFFFFF_FILL1_wght400_GRAD0_opsz48
Texture2D,broom
Texture2D,c
Texture2D,cailiao_pack_blinn1_AlbedoTransparency
Texture2D,cailiao_pack_blinn1_Emission
Texture2D,cailiao_pack_blinn1_MetallicSmoothness
Texture2D,cailiao_pack_blinn1_Normal
Texture2D,cake
Texture2D,cancel_64dp_FFFFFF_FILL1_wght400_GRAD0_opsz48
Texture2D,candy
Texture2D,canon
Texture2D,capsLock
Texture2D,carrot
Texture2D,cent
Texture2D,check_circle_64dp_FFFFFF_FILL1_wght400_GRAD0_opsz48
Texture2D,checkmark
Texture2D,cherry
Texture2D,circumflex
Texture2D,clock
Texture2D,cloud_combined_2048
Texture2D,cognition_64dp_FFFFFF_FILL1_wght400_GRAD0_opsz48
Texture2D,colon
Texture2D,comma
Texture2D,content_copy_64dp_FFFFFF_FILL1_wght400_GRAD0_opsz48
Texture2D,copy
Texture2D,cow
Texture2D,cross
Texture2D,ctrl
Texture2D,cup
Texture2D,cursor
Texture2D,d
Texture2D,darkcarrot
Texture2D,dayi
Texture2D,decal_01(1)
Texture2D,delete
Texture2D,delete_48dp_FFFFFF_FILL1_wght400_GRAD0_opsz48
Texture2D,dermatology_64dp_FFFFFF_FILL1_wght400_GRAD0_opsz48
Texture2D,dice
Texture2D,directions_run_64dp_FFFFFF_FILL1_wght400_GRAD0_opsz48
Texture2D,directions_walk_64dp_FFFFFF_FILL1_wght400_GRAD0_opsz48
Texture2D,dirt_decal_mask
Texture2D,ditto
Texture2D,dollar
Texture2D,double_arrow_left
Texture2D,downArrow
Texture2D,driver
Texture2D,e
Texture2D,egg
Texture2D,end
Texture2D,enter
Texture2D,equals
Texture2D,escape
Texture2D,exclamation
Texture2D,exercise_64dp_FFFFFF_FILL1_wght400_GRAD0_opsz48
Texture2D,f
Texture2D,f1
Texture2D,f10
Texture2D,f11
Texture2D,f12
Texture2D,f2
Texture2D,f3
Texture2D,f4
Texture2D,f5
Texture2D,f6
Texture2D,f7
Texture2D,f8
Texture2D,f9
Texture2D,fan
Texture2D,fast_forward_64dp_FFFFFF_FILL1_wght400_GRAD0_opsz48
Texture2D,fast_rewind_64dp_FFFFFF_FILL1_wght400_GRAD0_opsz48
Texture2D,fiber
Texture2D,fiber_Gray
Texture2D,fiber_Green
Texture2D,fish
Texture2D,fitness_center_64dp_FFFFFF_FILL1_wght400_GRAD0_opsz48
Texture2D,football
Texture2D,format_color_reset_64dp_FFFFFF_FILL1_wght400_GRAD0_opsz48
Texture2D,fusion-pixel-12px-monospaced Atlas
Texture2D,fusion-pixel-12px-monospaced Atlas 1
Texture2D,fusion-pixel-12px-monospaced Atlas 2
Texture2D,fusion-pixel-12px-monospaced Atlas 3
Texture2D,g
Texture2D,ghost
Texture2D,gold coin bag1
Texture2D,gold coin bag2
Texture2D,greaterThan
Texture2D,grid
Texture2D,gridPivotSelect
Texture2D,grid_bright
Texture2D,h
Texture2D,hamburger
Texture2D,handles_aaline
Texture2D,handyman_64dp_FFFFFF_FILL1_wght400_GRAD0_opsz48
Texture2D,harp
Texture2D,hat
Texture2D,headphones
Texture2D,heart
Texture2D,hematology_64dp_FFFFFF_FILL1_wght400_GRAD0_opsz48
Texture2D,hiking_64dp_FFFFFF_FILL1_wght400_GRAD0_opsz48
Texture2D,home
Texture2D,home_health_64dp_FFFFFF_FILL1_wght400_GRAD0_opsz48
Texture2D,horse
Texture2D,hourglass_64dp_FFFFFF_FILL1_wght400_GRAD0_opsz48
Texture2D,huizhang2_Gold
Texture2D,i
Texture2D,ico_cross
Texture2D,ico_star
Texture2D,icon_white_language
Texture2D,imagesmode_64dp_FFFFFF_FILL1_wght400_GRAD0_opsz48
Texture2D,initialShadingGroup_AlbedoTransparency_B
Texture2D,initialShadingGroup_Emission
Texture2D,initialShadingGroup_MetallicSmoothness
Texture2D,initialShadingGroup_Normal
Texture2D,ink
Texture2D,insert
Texture2D,item_AddHealth_lambert1_AlbedoTransparency
Texture2D,item_AddHealth_lambert1_MetallicSmoothness
Texture2D,item_AddHealth_lambert1_Normal
Texture2D,item_AddHealth_lambert3_AlbedoTransparency
Texture2D,item_AddHealth_lambert3_Emission
Texture2D,j
Texture2D,jar
Texture2D,k
Texture2D,key
Texture2D,key_64dp_FFFFFF_FILL1_wght400_GRAD0_opsz48
Texture2D,keyboard_64dp_FFFFFF_FILL1_wght400_GRAD0_opsz48
Texture2D,kleenex
Texture2D,l
Texture2D,leftArrow
Texture2D,leftBrace
Texture2D,leftBracket
Texture2D,leftButton
Texture2D,leftParenthesis
Texture2D,lessThan
Texture2D,letter
Texture2D,level2-4 wal
Texture2D,lightning_spritesheet_3x3
Texture2D,line_falloff_1px
Texture2D,lipstick
Texture2D,logout_48dp_FFFFFF_FILL1_wght400_GRAD0_opsz48
Texture2D,m
Texture2D,machinegun
Texture2D,map_64dp_FFFFFF_FILL1_wght400_GRAD0_opsz48
Texture2D,mediaFastForward
Texture2D,mediaNext
Texture2D,mediaPause
Texture2D,mediaPlay
Texture2D,mediaPrevious
Texture2D,mediaRecord
Texture2D,mediaRewind
Texture2D,mediaStop
Texture2D,memory_256dp_FFFFFF_FILL0_wght400_GRAD0_opsz48
Texture2D,menu
Texture2D,middleButton
Texture2D,mike
Texture2D,minus
Texture2D,moto
Texture2D,mouths
Texture2D,moved_location_64dp_FFFFFF_FILL1_wght400_GRAD0_opsz48
Texture2D,n
Texture2D,nest_eco_leaf_24dp_E3E3E3_FILL1_wght400_GRAD0_opsz24
Texture2D,network_intelligence_64dp_FFFFFF_FILL1_wght400_GRAD0_opsz48
Texture2D,newspaper
Texture2D,note
Texture2D,note_BlackMarket
Texture2D,nova_3x3_spritesheet
Texture2D,numLock
Texture2D,numpadMultiply
Texture2D,nut
Texture2D,o
Texture2D,p
Texture2D,package
Texture2D,pageDown
Texture2D,pageUp
Texture2D,pause
Texture2D,paw
Texture2D,peijian2_4_texture_AlbedoTransparency
Texture2D,peijian_2_4_texture_Emission
Texture2D,peijian_2_4_texture_MetallicSmoothness
Texture2D,peijian_2_4_texture_Normal
Texture2D,pen
Texture2D,percent
Texture2D,period
Texture2D,personal_bag_64dp_FFFFFF_FILL1_wght400_GRAD0_opsz48
Texture2D,pets_64dp_FFFFFF_FILL1_wght400_GRAD0_opsz48
Texture2D,pfb_WW_Lynae
Texture2D,pfb_Wireless_Ming
Texture2D,pictoicon_arrow_line_prev
Texture2D,pictoicon_arrow_up
Texture2D,pictoicon_delete
Texture2D,pictoicon_exit
Texture2D,pictoicon_gesture_direction_2
Texture2D,pictoicon_refresh
Texture2D,pictoicon_reset
Texture2D,pictoicon_share
Texture2D,pipe
Texture2D,pistol_G
Texture2D,play
Texture2D,play_arrow_48dp_FFFFFF_FILL1_wght400_GRAD0_opsz48
Texture2D,plus
Texture2D,point_scan
Texture2D,point_scan_64dp_FFFFFF_FILL1_wght400_GRAD0_opsz48
Texture2D,printScreen
Texture2D,priority_high_64dp_FFFFFF_FILL1_wght400_GRAD0_opsz48
Texture2D,procedural_ui_image_default_sprite
Texture2D,props_3
Texture2D,props_3_n
Texture2D,psychiatry_64dp_E3E3E3_FILL1_wght400_GRAD0_opsz48
Texture2D,psychology_64dp_FFFFFF_FILL1_wght400_GRAD0_opsz48
Texture2D,pulmonology_64dp_FFFFFF_FILL1_wght400_GRAD0_opsz48
Texture2D,q
Texture2D,question
Texture2D,quote
Texture2D,r
Texture2D,radio
Texture2D,raven
Texture2D,relax_64dp_FFFFFF_FILL1_wght400_GRAD0_opsz48
Texture2D,restaurant_64dp_FFFFFF_FILL1_wght400_GRAD0_opsz48
Texture2D,rightArrow
Texture2D,rightBrace
Texture2D,rightBracket
Texture2D,rightButton
Texture2D,rightParenthesis
Texture2D,ring
Texture2D,ring2
Texture2D,robot
Texture2D,rock_n
Texture2D,rocket
Texture2D,rose
Texture2D,s
Texture2D,save_48dp_FFFFFF_FILL1_wght400_GRAD0_opsz48
Texture2D,savings_64dp_FFFFFF_FILL1_wght400_GRAD0_opsz48
Texture2D,scissors
Texture2D,scrollLock
Texture2D,semicolon
Texture2D,settings_48dp_FFFFFF_FILL1_wght400_GRAD0_opsz48
Texture2D,sharp
Texture2D,shield_64dp_FFFFFF_FILL1_wght400_GRAD0_opsz48
Texture2D,shift
Texture2D,shitBullet
Texture2D,shitBullet_gold
Texture2D,shotgunShort
Texture2D,signal_disconnected_64dp_FFFFFF_FILL1_wght400_GRAD0_opsz48
Texture2D,skull
Texture2D,slash
Texture2D,smartphones
Texture2D,snow_albedo
Texture2D,snow_normal
Texture2D,sofa_blinn1SG_AlbedoTransparency 1
Texture2D,sofa_blinn1SG_AlbedoTransparency 2
Texture2D,sofa_blinn1SG_MetallicSmoothness
Texture2D,sofa_blinn1SG_Normal
Texture2D,sort_64dp_FFFFFF_FILL1_wght400_GRAD0_opsz48
Texture2D,space
Texture2D,spaceBar
Texture2D,sports_esports_256dp_FFFFFF_FILL1_wght400_GRAD0_opsz48
Texture2D,sports_gymnastics_64dp_FFFFFF_FILL1_wght400_GRAD0_opsz48
Texture2D,sprint_64dp_FFFFFF_FILL1_wght400_GRAD0_opsz48
Texture2D,spritesheet
Texture2D,star
Texture2D,stbn_vec2_2Dx1D_128x128x64_0
Texture2D,stbn_vec2_2Dx1D_128x128x64_1
Texture2D,stbn_vec2_2Dx1D_128x128x64_10
Texture2D,stbn_vec2_2Dx1D_128x128x64_11
Texture2D,stbn_vec2_2Dx1D_128x128x64_12
Texture2D,stbn_vec2_2Dx1D_128x128x64_13
Texture2D,stbn_vec2_2Dx1D_128x128x64_14
Texture2D,stbn_vec2_2Dx1D_128x128x64_15
Texture2D,stbn_vec2_2Dx1D_128x128x64_16
Texture2D,stbn_vec2_2Dx1D_128x128x64_17
Texture2D,stbn_vec2_2Dx1D_128x128x64_18
Texture2D,stbn_vec2_2Dx1D_128x128x64_19
Texture2D,stbn_vec2_2Dx1D_128x128x64_2
Texture2D,stbn_vec2_2Dx1D_128x128x64_20
Texture2D,stbn_vec2_2Dx1D_128x128x64_21
Texture2D,stbn_vec2_2Dx1D_128x128x64_22
Texture2D,stbn_vec2_2Dx1D_128x128x64_23
Texture2D,stbn_vec2_2Dx1D_128x128x64_24
Texture2D,stbn_vec2_2Dx1D_128x128x64_25
Texture2D,stbn_vec2_2Dx1D_128x128x64_26
Texture2D,stbn_vec2_2Dx1D_128x128x64_27
Texture2D,stbn_vec2_2Dx1D_128x128x64_28
Texture2D,stbn_vec2_2Dx1D_128x128x64_29
Texture2D,stbn_vec2_2Dx1D_128x128x64_3
Texture2D,stbn_vec2_2Dx1D_128x128x64_30
Texture2D,stbn_vec2_2Dx1D_128x128x64_31
Texture2D,stbn_vec2_2Dx1D_128x128x64_32
Texture2D,stbn_vec2_2Dx1D_128x128x64_33
Texture2D,stbn_vec2_2Dx1D_128x128x64_34
Texture2D,stbn_vec2_2Dx1D_128x128x64_35
Texture2D,stbn_vec2_2Dx1D_128x128x64_36
Texture2D,stbn_vec2_2Dx1D_128x128x64_37
Texture2D,stbn_vec2_2Dx1D_128x128x64_38
Texture2D,stbn_vec2_2Dx1D_128x128x64_39
Texture2D,stbn_vec2_2Dx1D_128x128x64_4
Texture2D,stbn_vec2_2Dx1D_128x128x64_40
Texture2D,stbn_vec2_2Dx1D_128x128x64_41
Texture2D,stbn_vec2_2Dx1D_128x128x64_42
Texture2D,stbn_vec2_2Dx1D_128x128x64_43
Texture2D,stbn_vec2_2Dx1D_128x128x64_44
Texture2D,stbn_vec2_2Dx1D_128x128x64_45
Texture2D,stbn_vec2_2Dx1D_128x128x64_46
Texture2D,stbn_vec2_2Dx1D_128x128x64_47
Texture2D,stbn_vec2_2Dx1D_128x128x64_48
Texture2D,stbn_vec2_2Dx1D_128x128x64_49
Texture2D,stbn_vec2_2Dx1D_128x128x64_5
Texture2D,stbn_vec2_2Dx1D_128x128x64_50
Texture2D,stbn_vec2_2Dx1D_128x128x64_51
Texture2D,stbn_vec2_2Dx1D_128x128x64_52
Texture2D,stbn_vec2_2Dx1D_128x128x64_53
Texture2D,stbn_vec2_2Dx1D_128x128x64_54
Texture2D,stbn_vec2_2Dx1D_128x128x64_55
Texture2D,stbn_vec2_2Dx1D_128x128x64_56
Texture2D,stbn_vec2_2Dx1D_128x128x64_57
Texture2D,stbn_vec2_2Dx1D_128x128x64_58
Texture2D,stbn_vec2_2Dx1D_128x128x64_59
Texture2D,stbn_vec2_2Dx1D_128x128x64_6
Texture2D,stbn_vec2_2Dx1D_128x128x64_60
Texture2D,stbn_vec2_2Dx1D_128x128x64_61
Texture2D,stbn_vec2_2Dx1D_128x128x64_62
Texture2D,stbn_vec2_2Dx1D_128x128x64_63
Texture2D,stbn_vec2_2Dx1D_128x128x64_7
Texture2D,stbn_vec2_2Dx1D_128x128x64_8
Texture2D,stbn_vec2_2Dx1D_128x128x64_9
Texture2D,steamlogo
Texture2D,storefront_64dp_FFFFFF_FILL1_wght400_GRAD0_opsz48
Texture2D,sword
Texture2D,swords
Texture2D,t
Texture2D,t_JLAB_Wall_02_C
Texture2D,tambourine
Texture2D,tape
Texture2D,target
Texture2D,target_64dp_FFFFFF_FILL1_wght400_GRAD0_opsz48
Texture2D,tilde
Texture2D,tile_0110
Texture2D,tile_0116
Texture2D,tile_0650
Texture2D,tile_0651
Texture2D,tile_0727
Texture2D,tile_0728
Texture2D,tile_0791
Texture2D,tile_0792
Texture2D,tile_0793
Texture2D,tile_0794
Texture2D,tile_0795
Texture2D,tile_0796
Texture2D,toolbox
Texture2D,tools_power_drill_64dp_FFFFFF_FILL1_wght400_GRAD0_opsz48
Texture2D,total_dissolved_solids_64dp_FFFFFF_FILL1_wght400_GRAD0_opsz48
Texture2D,treasure chest
Texture2D,triangle_down
Texture2D,triangle_down 1
Texture2D,triangle_left
Texture2D,triangle_up
Texture2D,trophy
Texture2D,trophy_64dp_FFFFFF_FILL1_wght400_GRAD0_opsz48
Texture2D,trumpet
Texture2D,u
Texture2D,underscore
Texture2D,untitled_uv_bake2_sp_bake_AlbedoTransparency
Texture2D,untitled_uv_bake2_sp_bake_Emission
Texture2D,untitled_uv_bake2_sp_bake_MetallicSmoothness
Texture2D,untitled_uv_bake2_sp_bake_Normal
Texture2D,upArrow
Texture2D,upload_2_64dp_FFFFFF_FILL1_wght400_GRAD0_opsz48
Texture2D,uv test
Texture2D,uzi
Texture2D,uziGoldLong
Texture2D,v
Texture2D,vital_signs_64dp_FFFFFF_FILL1_wght400_GRAD0_opsz48
Texture2D,volume_up_64dp_FFFFFF_FILL1_wght400_GRAD0_opsz48
Texture2D,w
Texture2D,waffle
Texture2D,wall12_blinn2_AlbedoTransparency
Texture2D,wall12_blinn2_Emission
Texture2D,wall12_blinn2_MetallicSmoothness
Texture2D,wall12_blinn2_Normal
Texture2D,wall2_DefaultMaterial_AlbedoTransparency
Texture2D,wall2_DefaultMaterial_MetallicSmoothness
Texture2D,wall2_DefaultMaterial_Normal
Texture2D,wall6_blinn5_AlbedoTransparency
Texture2D,wall6_blinn5_MetallicSmoothness
Texture2D,wall6_blinn5_Normal
Texture2D,wall6_blinn6_AlbedoTransparency
Texture2D,wall6_blinn6_MetallicSmoothness
Texture2D,wall6_blinn6_Normal
Texture2D,wall7_blinn1_AlbedoTransparency
Texture2D,wall7_blinn1_MetallicSmoothness
Texture2D,wall7_blinn1_Normal
Texture2D,warning_24dp_FFFFFF_FILL1_wght400_GRAD0_opsz24
Texture2D,water_drop_64dp_FFFFFF_FILL1_wght400_GRAD0_opsz48
Texture2D,wave2
Texture2D,wc_64dp_FFFFFF_FILL1_wght400_GRAD0_opsz48
Texture2D,wegame=Horizontal-graphical-patterns-&-texts-(Full-color-inverted-color)
Texture2D,weight_64dp_FFFFFF_FILL1_wght400_GRAD0_opsz48
Texture2D,wheel
Texture2D,windows
Texture2D,workspace_premium_256dp_FFFFFF_FILL1_wght400_GRAD0_opsz48
Texture2D,x
Texture2D,xylophone
Texture2D,y
Texture2D,yarn
Texture2D,yogurt
Texture2D,z
